Final_taxon	Label	Total_ASVs	LNHKK35-LP	LNHKK35-LP-COI.LN.Blk1	LNHKK35-LP-COI.LN.Blk2	LNHKK42-LP	LNHKK42-LP-COI.LN.Blk1	LNHKK42-LP-COI.LN.Blk2	LNHKK43-LP-COI.LN.Blk1	LNHKK43-LP-COI.LN.Blk2	LNHKK45-LP	LNHKK45-LP-COI.LN.Blk1	LNHKK45-LP-COI.LN.Blk2	LNHKK47-LP	LNHKK47-LP-COI.LN.Blk2	LNHKK51-LP	LNHKK51-LP-COI.LN.Blk1	LNHKK51-LP-COI.LN.Blk2	LNHKK53-AC-COI.LN.Blk1	LNKWC07-AC	LNKWC07-AC-COI.LN.Blk1	LNKWC07-AC-COI.LN.Blk2	LNKWC08-AC	LNKWC08-AC-COI.LN.Blk1	LNKWC08-AC-COI.LN.Blk2	LNKWC09-AC-COI.LN.Blk1	LNKWC10-AC	LNKWC10-AC-COI.LN.Blk1	LNKWC10-AC-COI.LN.Blk2	LNKWC12-AC	LNKWC12-AC-COI.LN.Blk1	LNKWC12-AC-COI.LN.Blk2	LNKWC13-AC	LNKWC13-AC-COI.LN.Blk1	LNKWC13-AC-COI.LN.Blk2	LNKWC15-AC	LNKWC15-AC-COI.LN.Blk1	LNKWC15-AC-COI.LN.Blk2	LNKWC16-AC	LNKWC16-AC-COI.LN.Blk1	LNKWC16-AC-COI.LN.Blk2	LNKWC17-LP	LNKWC17-LP-COI.LN.Blk1	LNKWC17-LP-COI.LN.Blk2	LNKWC18-LP	LNKWC18-LP-COI.LN.Blk1	LNKWC18-LP-COI.LN.Blk2	LNKWC19-LP	LNKWC19-LP-COI.LN.Blk1	LNKWC19-LP-COI.LN.Blk2	LNKWC20-LP-COI.LN.Blk1	LNKWC21-NA-COI.LN.Blk1	LNKWC22-LP	LNKWC22-LP-COI.LN.Blk2	LNMAW16-AC	LNMAW16-AC-COI.LN.Blk2	LNMAW17-AC-COI.LN.Blk1	LNMAW17-AC-COI.LN.Blk2	LNTYE10-LL	LNTYE10-LL-COI.LN.Blk1	LNTYE10-LL-COI.LN.Blk2	LNTYE11-LL	LNTYE11-LL-COI.LN.Blk1	LNTYE11-LL-COI.LN.Blk2	LNTYE12-LL	LNTYE12-LL-COI.LN.Blk1	LNTYE12-LL-COI.LN.Blk2	LNTYE13-LL	LNTYE13-LL-COI.LN.Blk1	LNTYE13-LL-COI.LN.Blk2	LNTYE14-LL	LNTYE14-LL-COI.LN.Blk1	LNTYE14-LL-COI.LN.Blk2	LNTYE15-LL	LNTYE15-LL-COI.LN.Blk1	LNTYE15-LL-COI.LN.Blk2	LNTYE16-LL	LNTYE16-LL-COI.LN.Blk1	LNTYE16-LL-COI.LN.Blk2	LNTYE17-LP	LNTYE17-LP-COI.LN.Blk1	LNTYE17-LP-COI.LN.Blk2	LNTYE18-LL	LNTYE18-LL-COI.LN.Blk1	LNTYE18-LL-COI.LN.Blk2	LNTYE19-LL	LNTYE19-LL-COI.LN.Blk1	LNTYE19-LL-COI.LN.Blk2	LNTYE20-LL	LNTYE20-LL-COI.LN.Blk1	LNTYE20-LL-COI.LN.Blk2	LNTYE21-LL	LNTYE21-LL-COI.LN.Blk1	LNTYE21-LL-COI.LN.Blk2	LNTYE22-LL-COI.LN.Blk2	LNTYE23-LL	LNTYE23-LL-COI.LN.Blk1	LNTYE23-LL-COI.LN.Blk2	LNTYE24-LL	LNTYE24-LL-COI.LN.Blk1	LNTYE24-LL-COI.LN.Blk2	LNTYE26-LP	LNTYE26-LP-COI.LN.Blk1	LNTYE26-LP-COI.LN.Blk2	Total_read
No Hit	No Hit	54354	110935	822663	504835	889	26115	20197	33955	10736	5643	396480	84474	8330	173496	64527	73025	123384	71773	239987	95210	130934	335655	218565	240419	131877	119247	198068	168846	231544	151604	48918	472622	539390	249427	170954	301647	144080	185736	335029	154747	26860	70761	110704	48431	314206	153529	138111	405730	215201	107428	152346	32946	103427	75597	39639	42234	77461	249468	274035	166917	8306	4305	5472	67193	266183	178487	42907	70539	69506	128135	162761	83335	218574	92745	77565	69115	157253	52111	181207	208119	137197	60344	84090	127727	44579	189250	52723	123150	113152	108306	149673	145207	124487	21481	92145	105903	122557	125165	141413	143931	85712	273604	320814	15237422
p__Annelida;c__Clitellata;o__Crassiclitellata;f__Aeolosomatidae	Prey - Annelid	2	0	0	0	0	0	0	0	0	0	0	0	0	0	0	0	0	0	0	0	0	0	12	0	0	3	0	0	18	0	0	0	0	0	0	0	0	0	0	0	0	0	0	0	0	0	0	0	0	0	0	0	0	0	0	0	0	0	0	0	0	0	0	0	0	0	0	0	0	0	0	0	0	0	0	0	0	0	0	0	0	0	0	0	0	0	0	0	0	3	0	0	0	5	0	0	0	0	0	0	0	0	0	41
p__Annelida;c__Clitellata;o__Crassiclitellata;f__Aeolosomatidae;g__Aeolosomatidae	Prey - Annelid	1	0	0	0	0	0	0	0	0	0	0	0	0	0	0	0	0	0	0	0	0	0	0	0	0	0	0	0	0	0	0	0	0	0	0	0	2	0	0	0	0	0	0	0	0	0	0	0	0	0	0	0	0	0	0	0	0	0	0	0	0	0	0	0	0	0	0	0	0	0	0	0	0	0	0	0	0	0	0	0	0	0	0	0	0	0	0	0	0	0	0	0	0	0	0	0	0	0	0	0	0	0	0	2
p__Annelida;c__Clitellata;o__Enchytraeida;f__Enchytraeidae	Prey - Annelid	1	0	0	0	0	0	0	0	0	0	0	0	0	0	0	0	0	0	2	0	0	0	0	0	0	0	0	0	0	0	0	0	0	0	0	0	0	0	0	0	0	0	0	0	0	0	0	0	0	0	0	0	0	0	0	0	0	0	0	0	0	0	0	0	0	0	0	0	0	0	0	0	0	0	0	0	0	0	0	0	0	0	0	0	0	0	0	0	0	0	0	0	0	0	0	0	0	0	0	0	0	0	0	2
p__Annelida;c__Clitellata;o__Enchytraeida;f__Enchytraeidae;g__Enchytraeus	Prey - Annelid	19	0	0	0	0	0	0	0	0	0	0	0	0	0	0	0	0	0	2546	0	441	0	0	0	0	0	1595	0	0	0	0	0	0	0	0	0	0	0	0	0	0	0	0	0	0	0	0	0	0	0	0	0	0	0	0	0	0	0	0	0	0	0	0	0	0	0	0	0	0	0	0	0	0	0	0	0	0	0	0	0	0	0	0	0	0	0	0	7	0	4	7	5	0	8	0	0	0	8	0	5	36	9	0	4671
p__Annelida;c__Clitellata;o__Tubificida;f__Naididae	Prey - Annelid	2	0	0	0	0	0	0	0	0	0	0	0	0	0	0	0	0	0	0	0	0	0	0	0	0	0	0	0	0	0	0	0	0	0	0	0	0	0	0	0	0	48	0	0	0	0	0	0	0	0	0	0	0	0	0	0	0	0	0	0	0	0	0	0	0	0	0	0	0	0	0	0	0	0	0	0	0	0	0	0	0	0	0	0	0	0	0	0	0	0	0	0	0	0	0	0	0	0	0	0	0	0	0	48
p__Annelida;c__Clitellata;o__Tubificida;f__Naididae;g__Chaetogaster	Prey - Annelid	2	0	0	0	0	0	0	0	0	0	0	0	0	0	0	0	0	0	0	0	0	0	0	0	0	0	0	0	0	0	0	0	0	0	0	0	0	0	0	0	0	0	0	0	0	0	0	0	0	0	0	0	0	0	0	0	0	0	0	0	0	0	0	0	0	0	0	0	0	0	0	0	0	0	0	0	0	0	0	0	0	0	0	0	0	0	0	0	0	0	158	141	44	0	0	0	0	0	0	0	0	0	0	343
p__Arthropoda;c__Arachnida;o__Araneae	Prey - Arachnid	31	0	0	0	0	0	0	0	0	0	0	0	0	0	0	0	0	0	0	0	0	4	0	0	0	0	0	0	0	0	0	18	0	2	23	7	0	0	2	0	4	0	0	0	0	0	0	0	0	0	0	0	0	0	0	0	0	418	146	96	998	921	1530	0	2	0	108	20	47	46	85	40	0	0	0	55	0	4	0	0	0	0	60	0	0	2	0	0	0	0	0	0	0	0	0	0	0	0	0	0	0	0	0	4638
p__Arthropoda;c__Arachnida;o__Araneae;f__Anamidae	Prey - Arachnid	105	4205	30970	18907	9	64	36	22	3	0	343	16	0	13	4	0	28	0	650	0	248	123	275	82	10	0	403	15	598	37	109	5	11	0	37	38	47	3	5	0	11	133	165	10	216	126	25	4	29	39	94	0	0	172	0	28	7	1546	1588	902	0	0	0	31	6	94	4	0	2	2	0	0	28	49	147	2	2	21	0	194	0	0	26	0	17	5	0	1	26	57	163	62	64	31	0	12	11	418	232	265	172	324	438	65317
p__Arthropoda;c__Arachnida;o__Araneae;f__Anamidae;g__Aname	Prey - Arachnid	1	0	0	13	0	0	0	0	0	0	0	0	0	0	0	0	0	0	0	0	0	0	0	0	0	0	0	0	0	0	0	0	0	0	0	0	0	0	0	0	0	0	0	0	0	0	0	0	0	0	0	0	0	0	0	0	0	0	0	0	0	0	0	0	0	0	0	0	0	0	0	0	0	0	0	0	0	0	0	0	0	0	0	0	0	0	0	0	0	0	0	0	0	0	0	0	0	0	0	0	0	0	0	13
p__Arthropoda;c__Arachnida;o__Araneae;f__Araneidae;g__Cyclosa;s__bulla	Prey - Arachnid	1	0	0	0	0	0	0	0	0	0	0	0	0	0	0	0	0	0	0	0	0	0	0	0	0	0	0	0	15	0	4	0	0	0	0	0	0	0	0	0	0	0	0	0	0	0	0	0	0	0	0	0	0	0	0	0	0	0	0	0	0	0	0	0	0	0	0	0	0	0	0	0	0	0	0	0	0	0	0	0	0	0	0	0	0	0	0	0	0	0	0	0	0	0	0	0	0	0	0	0	0	0	0	19
p__Arthropoda;c__Arachnida;o__Araneae;f__Araneidae;g__Eriovixia	Prey - Arachnid	2	0	0	0	0	0	0	0	0	0	0	0	0	0	0	0	0	0	0	0	0	4	0	0	0	0	0	0	0	2	0	0	0	0	0	0	0	0	0	0	0	0	0	0	0	0	0	0	0	0	0	0	0	0	0	0	0	0	0	0	0	0	0	0	0	0	0	0	0	0	0	0	0	0	0	0	0	0	0	0	0	0	0	0	0	0	0	0	0	0	0	0	0	0	0	0	0	0	0	0	0	0	0	6
p__Arthropoda;c__Arachnida;o__Araneae;f__Cheiracanthiidae;g__Cheiracanthium	Prey - Arachnid	1	0	0	0	0	0	0	0	0	0	0	0	0	0	0	0	0	0	0	0	0	0	0	0	0	0	0	0	0	0	0	0	0	0	0	0	0	0	0	0	0	0	0	0	0	2	0	0	0	0	0	0	0	0	0	0	0	0	0	0	0	0	0	0	0	0	0	0	0	0	0	0	0	0	0	0	0	0	0	0	0	0	0	0	0	0	0	0	0	0	0	0	0	0	0	0	0	0	0	0	0	0	0	2
p__Arthropoda;c__Arachnida;o__Araneae;f__Ctenidae	Prey - Arachnid	1	0	0	0	0	0	0	0	0	0	0	0	0	0	0	0	0	0	0	0	0	0	0	0	0	0	0	0	0	0	0	0	0	0	0	0	0	0	0	0	0	0	0	0	0	0	0	0	0	0	0	0	0	0	0	0	0	0	4	0	0	0	0	0	0	0	0	0	0	0	0	0	0	0	0	0	0	0	0	0	0	0	0	0	0	0	0	0	0	0	0	0	0	0	0	0	0	0	0	0	0	0	0	4
p__Arthropoda;c__Arachnida;o__Araneae;f__Oxyopidae	Prey - Arachnid	2	0	0	0	0	0	0	0	0	0	0	0	0	0	0	0	0	0	0	0	0	0	0	0	0	0	0	0	0	0	0	0	0	0	0	0	0	0	0	0	0	0	0	0	0	0	0	0	0	0	0	0	0	0	0	0	0	0	0	0	0	6	0	0	0	0	0	0	0	0	0	0	0	0	0	0	0	0	0	0	0	0	0	0	0	0	0	0	0	0	0	0	0	0	0	0	0	0	0	0	0	0	0	6
p__Arthropoda;c__Arachnida;o__Araneae;f__Salticidae	Prey - Arachnid	39	0	0	0	0	0	33	0	0	0	0	1168	0	0	0	0	0	0	0	0	0	35	0	18	0	0	0	0	0	9	0	8	15	8	22	16	0	2	35	3	99	420	289	585	3577	2129	171	763	340	0	77	0	0	10	24	0	0	155	140	86	0	0	0	0	28	231	0	0	0	283	280	243	0	0	0	0	0	0	0	0	0	0	3	11	0	0	4	2216	1328	701	3	0	0	0	0	0	0	10	0	15	0	0	0	15593
p__Arthropoda;c__Arachnida;o__Araneae;f__Salticidae;g__Myrmarachne	Prey - Arachnid	2	0	0	0	0	0	0	0	0	0	0	0	0	0	0	0	0	0	0	0	0	0	0	0	0	0	2	0	0	0	0	0	0	0	0	0	0	0	0	0	7	0	0	0	0	38	0	0	0	0	0	0	0	0	0	0	0	0	0	0	0	0	0	0	0	0	0	0	0	0	0	0	0	0	0	0	0	0	0	0	0	0	0	0	0	0	0	0	0	0	0	0	0	0	0	0	0	0	0	0	0	0	0	47
p__Arthropoda;c__Arachnida;o__Araneae;f__Sparassidae	Prey - Arachnid	1	0	0	0	0	0	0	0	0	0	0	0	0	0	0	0	0	0	0	0	0	0	0	0	0	0	0	0	0	0	0	0	0	0	0	0	0	0	0	0	0	0	0	0	0	0	0	0	0	0	0	0	0	0	0	0	0	0	0	0	3	0	0	0	0	0	0	0	0	0	0	0	0	0	0	0	0	0	0	0	0	0	0	0	0	0	0	0	0	0	0	0	0	0	0	0	0	0	0	0	0	0	0	3
p__Arthropoda;c__Arachnida;o__Araneae;f__Sparassidae;g__Heteropoda	Prey - Arachnid	1	0	0	0	0	0	0	0	0	0	0	0	0	0	0	0	0	0	0	0	0	0	0	0	0	0	0	0	0	0	0	0	0	0	0	0	0	0	0	0	0	0	0	0	0	0	0	0	0	0	0	0	0	0	0	0	0	54	19	10	0	0	0	0	0	0	0	0	0	0	0	0	0	0	0	0	0	0	0	0	0	0	0	0	0	0	0	0	0	0	0	0	0	0	0	0	0	0	0	0	0	0	0	83
p__Arthropoda;c__Arachnida;o__Mesostigmata	Prey - Arachnid	2	0	0	0	0	0	0	0	0	0	0	0	0	0	0	0	0	0	0	0	0	0	0	0	0	0	0	0	0	0	0	0	0	0	0	0	0	0	0	0	0	0	0	0	0	0	0	0	0	0	0	0	0	0	0	0	0	0	0	0	0	0	0	0	0	0	0	0	0	0	0	0	0	0	0	0	0	0	0	0	0	0	0	0	0	0	0	0	0	0	0	3	0	0	0	0	0	0	0	0	2	0	0	5
p__Arthropoda;c__Arachnida;o__Mesostigmata;f__Phytoseiidae;g__Amblyseius	Prey - Arachnid	2	0	0	0	0	0	0	0	0	0	0	0	0	0	0	0	0	0	0	0	0	0	4	0	0	0	0	0	0	0	0	0	0	0	0	0	0	0	0	0	0	0	0	0	0	0	0	0	0	0	0	0	0	0	0	0	0	0	0	0	0	0	0	0	0	0	0	0	0	0	0	0	0	0	0	0	0	0	0	0	0	0	0	0	0	0	0	0	0	0	0	0	0	0	2	0	0	0	0	0	0	0	0	6
p__Arthropoda;c__Arachnida;o__Mesostigmata;f__Phytoseiidae;g__Amblyseius;s__adhatodae	Prey - Arachnid	5	0	0	0	0	0	0	0	0	0	0	0	0	0	0	0	0	0	9	0	2	0	46	0	0	0	2	3	117	0	16	0	0	0	0	0	0	0	0	0	0	0	0	0	0	0	0	0	0	0	0	0	0	0	0	0	0	0	0	0	0	0	0	0	0	0	0	0	0	0	0	0	0	0	0	0	0	0	0	0	0	0	0	0	0	0	0	0	0	0	0	0	4	0	0	0	11	0	0	0	0	0	0	210
p__Arthropoda;c__Arachnida;o__Mesostigmata;f__Phytoseiidae;g__Euseius	Prey - Arachnid	2	0	0	0	0	0	0	0	0	0	0	0	0	0	0	0	0	0	0	0	0	7	0	2	0	0	0	0	0	0	0	0	0	0	0	0	0	0	0	0	0	0	0	0	0	0	0	0	0	0	0	0	0	0	0	0	0	0	0	0	0	0	0	0	0	0	0	0	0	0	0	0	0	0	0	0	0	0	0	0	0	0	0	0	0	0	0	0	0	0	0	0	0	0	0	0	0	0	0	0	0	0	0	9
p__Arthropoda;c__Arachnida;o__Sarcoptiformes	Prey - Arachnid	30	0	0	0	0	0	0	0	0	0	0	0	0	0	0	0	0	0	0	0	0	0	0	0	0	0	0	2	0	0	0	0	0	0	19	32	24	0	0	10	0	0	0	0	0	0	0	0	0	0	0	0	0	0	0	0	0	2	0	3	0	0	2	0	2	0	0	0	3	0	0	3	2379	623	1031	394	0	188	0	421	0	0	471	2	257	2	72	0	0	0	0	0	0	0	0	0	0	10	3	5	0	4	18	5982
p__Arthropoda;c__Arachnida;o__Sarcoptiformes;f__Acaridae	Prey - Arachnid	2	0	0	0	0	0	0	0	0	0	0	0	0	0	0	0	0	0	0	0	0	0	0	0	0	0	0	0	0	0	0	0	0	0	0	0	0	0	0	0	0	0	0	0	0	0	0	0	0	0	0	0	0	0	0	0	0	0	0	0	0	0	0	0	0	0	0	0	0	0	0	0	0	0	0	0	0	0	0	10	0	0	0	0	6	0	0	0	0	0	0	0	0	0	0	0	0	0	0	0	0	0	0	16
p__Arthropoda;c__Arachnida;o__Sarcoptiformes;f__Avenzoariidae	Prey - Arachnid	1	0	0	0	0	0	0	0	0	0	0	0	0	0	0	0	0	0	0	0	0	0	0	0	0	0	0	0	0	0	0	0	0	0	0	0	0	0	0	0	0	0	0	0	0	0	0	0	0	0	0	0	0	0	0	0	0	0	0	0	0	0	0	0	0	0	0	0	0	0	0	0	43	6	20	0	0	0	0	0	0	0	0	0	0	0	0	0	0	0	0	0	0	0	0	0	0	0	0	0	0	0	0	69
p__Arthropoda;c__Arachnida;o__Sarcoptiformes;f__Oppiidae	Prey - Arachnid	4	0	0	0	0	0	0	0	0	0	0	0	0	0	0	0	0	0	3	0	0	0	0	0	0	0	6	0	0	0	0	0	0	0	96	54	10	0	0	0	0	0	0	0	0	0	0	0	0	0	0	0	0	0	0	0	0	0	0	0	0	0	0	0	0	0	0	0	0	0	0	0	0	0	0	0	0	0	0	0	0	0	0	0	0	0	0	0	0	0	0	0	0	0	0	0	0	0	0	0	0	0	0	169
p__Arthropoda;c__Arachnida;o__Trombidiformes	Prey - Arachnid	6	0	0	0	0	0	0	0	0	0	0	0	0	0	0	0	0	0	0	0	2	126	0	66	0	0	0	0	0	19	0	0	0	0	0	0	0	0	0	0	0	0	0	0	0	0	0	0	0	0	0	0	0	0	0	0	0	0	0	0	0	0	0	0	0	0	0	0	0	32	0	0	0	0	0	0	0	0	0	0	0	0	0	0	0	0	0	0	0	0	0	0	0	0	0	0	0	0	3	0	6	0	0	254
p__Arthropoda;c__Arachnida;o__Trombidiformes;f__Anystidae	Prey - Arachnid	2	217	411	386	0	0	0	0	0	0	0	0	0	0	0	0	0	0	0	0	0	0	0	0	0	0	0	0	0	0	0	0	0	0	0	0	0	0	0	0	0	0	0	0	0	0	0	0	0	0	0	0	0	0	0	0	0	0	0	0	0	0	0	0	0	0	0	0	0	0	0	0	0	0	0	0	0	0	0	0	0	0	0	0	0	0	0	0	0	0	0	0	0	0	0	0	0	0	0	0	0	0	0	1014
p__Arthropoda;c__Arachnida;o__Trombidiformes;f__Eupodidae	Prey - Arachnid	39	0	0	0	0	0	0	0	0	0	0	0	0	0	0	0	0	0	1859	0	499	0	259	8	0	0	829	4	384	2	64	0	0	0	0	0	0	0	0	0	0	0	0	0	0	0	0	0	0	0	0	0	0	0	0	0	0	0	0	0	0	0	0	0	0	0	0	0	0	0	0	0	0	0	2	0	146	0	0	3	0	23	0	119	0	0	0	7	0	14	13	0	25	5	12	0	9	7	0	4	5	0	6	4308
p__Arthropoda;c__Arachnida;o__Trombidiformes;f__Tarsonemidae	Prey - Arachnid	16	0	0	0	0	0	0	0	0	0	0	0	0	0	0	0	0	0	667	0	168	40	5	13	0	0	284	0	15	7	0	0	4	0	0	0	0	0	0	0	0	0	0	0	0	0	0	0	0	0	0	0	0	0	0	0	0	0	0	0	0	0	0	0	0	0	0	0	0	0	0	0	0	0	0	0	0	0	0	0	0	0	0	0	0	0	0	2	5	0	0	0	2	0	4	3	0	6	0	0	0	5	0	1230
p__Arthropoda;c__Arachnida;o__Trombidiformes;f__Trombidiformes	Prey - Arachnid	3	0	0	0	0	0	0	0	0	0	0	0	0	0	0	0	0	0	0	0	0	0	0	0	0	0	0	0	11	0	0	0	0	0	0	0	0	0	0	0	0	0	0	0	0	0	0	0	0	0	0	0	0	0	0	0	0	0	0	0	0	0	0	0	0	0	0	0	0	0	0	0	0	0	0	0	0	0	0	0	0	0	0	0	0	0	0	0	0	0	0	0	2	2	0	0	0	0	0	0	0	0	0	15
p__Arthropoda;c__Arachnida;o__Trombidiformes;f__Tydeidae	Prey - Arachnid	2	0	0	0	0	0	0	0	0	0	0	0	0	0	0	0	0	0	0	0	0	57	0	34	0	0	0	0	0	27	0	0	0	0	0	0	0	0	0	0	0	0	0	0	0	0	0	0	0	0	0	0	0	0	0	0	0	0	0	0	0	0	0	0	0	0	0	0	0	0	0	0	0	0	0	0	0	0	0	0	0	0	0	0	0	0	0	0	0	0	0	0	0	0	0	0	0	0	0	0	0	0	0	118
p__Arthropoda;c__Insecta;o__Blattodea;f__Blaberidae	Prey - Insect	10	0	0	0	0	0	0	0	0	0	0	0	0	0	0	0	0	0	0	0	0	0	0	0	0	0	0	0	0	0	0	2	13	0	0	0	0	0	5	2	0	0	0	0	0	0	0	0	0	0	0	0	0	0	0	0	0	0	0	0	0	0	0	0	0	0	0	0	6	0	4	0	0	0	0	2	0	2	0	0	0	0	0	0	0	0	0	0	0	0	0	0	0	0	0	0	0	0	0	0	0	0	0	36
p__Arthropoda;c__Insecta;o__Blattodea;f__Blaberidae;g__Epilamprinae	Prey - Insect	27	0	0	0	0	0	0	0	0	0	0	0	0	0	0	0	0	0	0	0	0	0	0	0	0	0	0	0	0	0	0	0	0	0	571	707	184	459	823	251	0	0	0	0	0	0	0	0	0	0	0	0	0	8	0	0	0	95	67	57	320	3340	2496	3	0	0	270	467	471	42	206	261	0	6	7	376	52	513	0	0	0	0	373	0	0	0	0	0	0	0	0	0	0	0	9	0	4	0	0	0	0	0	0	12438
p__Arthropoda;c__Insecta;o__Blattodea;f__Blaberidae;g__Pycnoscelus	Prey - Insect	1	0	0	0	0	0	0	0	0	0	0	0	0	0	0	0	0	0	0	0	0	0	0	0	0	0	0	0	0	0	0	0	0	0	0	0	0	0	0	0	0	0	0	0	0	0	0	0	0	0	0	0	0	0	0	0	0	0	0	0	0	0	0	0	0	0	0	0	0	0	0	0	0	0	0	0	0	0	0	0	0	0	0	0	0	0	0	142	0	0	0	0	0	0	0	0	0	0	0	0	0	0	0	142
p__Arthropoda;c__Insecta;o__Blattodea;f__Blattellidae;g__Scalida	Prey - Insect	3	0	0	0	0	0	0	0	0	0	0	0	0	0	0	0	0	0	0	0	0	7	0	0	0	0	0	0	0	2	0	0	0	0	0	0	0	0	0	0	0	0	0	0	0	0	0	0	0	0	0	0	0	0	0	0	0	0	0	0	0	0	0	0	0	0	0	0	0	0	0	0	0	0	0	0	0	0	0	0	0	0	0	0	0	0	0	0	0	0	0	0	0	0	0	0	0	0	0	0	0	0	0	9
p__Arthropoda;c__Insecta;o__Coleoptera	Prey - Insect	42	0	0	0	0	14	0	0	0	100	3	523	0	0	0	1929	0	0	3	0	17	0	595	23	0	4	0	24	857	0	167	0	0	4	3	0	9	0	5	2	0	0	0	116	606	299	0	4	13	159	0	61	177	0	0	0	0	0	0	0	0	0	0	0	0	0	0	0	0	0	0	0	0	0	0	0	0	0	0	0	0	0	0	0	0	0	0	4	6	0	8	8	52	37	4	5	21	4	0	17	6	42	90	6021
p__Arthropoda;c__Insecta;o__Coleoptera;f__Carabidae	Prey - Insect	2	0	0	0	0	0	0	0	0	0	0	13	0	0	0	0	0	0	0	0	0	0	0	0	0	0	0	0	0	0	0	0	0	0	0	0	0	0	0	0	0	0	0	0	0	0	0	0	0	0	0	0	0	0	0	0	0	0	0	0	0	0	0	0	0	0	0	0	0	0	0	0	0	0	0	0	0	0	0	0	0	0	0	0	0	0	0	0	0	0	0	0	0	0	0	0	0	0	0	0	0	0	0	13
p__Arthropoda;c__Insecta;o__Coleoptera;f__Chrysomelidae	Prey - Insect	11	0	0	0	0	0	0	0	0	0	0	0	0	0	0	0	0	0	0	0	0	0	0	0	0	0	0	0	0	0	0	0	0	0	0	0	0	0	0	0	0	0	0	0	0	0	0	0	0	0	0	0	0	0	0	0	0	0	0	0	0	0	0	0	0	0	0	0	0	0	0	0	0	0	0	0	0	0	0	0	0	0	0	0	0	0	0	0	0	0	0	2	0	0	0	0	0	0	5	0	67	549	245	868
p__Arthropoda;c__Insecta;o__Coleoptera;f__Chrysomelidae;g__Chrysomelidae	Prey - Insect	1	0	0	0	0	0	0	0	0	0	0	0	0	0	0	0	0	0	0	0	0	0	0	0	0	0	0	0	0	0	0	0	0	0	0	0	0	0	0	0	0	0	0	0	0	0	0	0	0	0	0	0	0	0	0	0	0	0	0	0	0	0	0	0	0	0	0	0	0	0	0	0	0	0	0	0	0	0	0	0	0	0	0	0	0	0	0	0	0	0	0	0	0	0	0	0	0	0	0	0	0	2	0	2
p__Arthropoda;c__Insecta;o__Coleoptera;f__Chrysomelidae;g__Monolepta	Prey - Insect	1	0	0	0	0	0	0	0	0	0	0	0	0	0	0	0	0	0	0	0	0	0	0	0	0	0	0	0	0	0	0	0	0	0	0	0	0	0	0	0	0	0	0	0	0	0	0	0	0	0	0	0	0	0	0	0	0	0	0	0	0	0	0	0	0	0	0	0	0	0	0	0	0	0	0	0	0	0	0	0	0	0	0	0	0	0	0	0	0	0	0	0	0	0	0	0	0	0	0	0	2	0	0	2
p__Arthropoda;c__Insecta;o__Coleoptera;f__Coccinellidae;g__Coccinellidae	Prey - Insect	1	0	0	0	0	0	0	0	0	0	0	0	0	0	0	0	0	0	0	0	0	0	0	0	0	0	0	0	0	0	0	0	0	0	0	0	0	0	0	0	0	0	0	0	0	0	0	0	0	0	0	0	0	0	0	0	0	0	0	0	0	0	0	0	0	0	0	0	0	0	0	0	0	0	0	0	0	0	0	0	0	0	0	0	0	0	0	0	0	0	0	0	0	0	9	0	22	0	0	0	0	0	0	31
p__Arthropoda;c__Insecta;o__Coleoptera;f__Curculionidae	Prey - Insect	4	0	0	0	0	0	0	0	0	0	0	0	0	0	0	0	0	0	0	0	0	0	0	0	0	0	0	0	0	0	0	0	0	0	0	0	0	0	0	0	0	0	0	0	0	0	0	9	16	0	0	0	0	0	0	0	0	0	0	0	0	0	0	0	0	0	0	0	0	0	0	0	0	0	0	0	21	0	0	0	0	0	0	0	0	0	0	0	0	0	0	0	0	0	0	0	0	0	0	0	0	0	0	46
p__Arthropoda;c__Insecta;o__Coleoptera;f__Curculionidae;g__Leptomias	Prey - Insect	7	0	0	0	0	0	0	0	0	0	0	0	0	0	0	0	0	0	11	0	3	0	0	2	0	0	2	0	0	0	0	0	0	3	0	0	0	0	0	0	0	0	0	0	0	0	6	0	0	0	0	0	0	0	0	0	0	0	0	0	0	0	0	0	0	0	0	0	0	0	0	0	0	0	0	0	37	0	0	0	0	6	0	12	0	0	0	0	0	0	0	0	0	0	0	0	0	0	0	0	0	0	0	82
p__Arthropoda;c__Insecta;o__Coleoptera;f__Elateridae;g__Heteroderes	Prey - Insect	2	0	0	0	0	0	0	0	0	0	0	0	0	0	0	0	0	0	0	0	0	0	0	0	0	0	0	0	0	0	0	0	0	0	0	0	0	0	0	0	0	0	0	0	0	0	0	0	0	0	34	0	0	0	3	0	0	0	0	0	0	0	0	0	0	0	0	0	0	0	0	0	0	0	0	0	0	0	0	0	0	0	0	0	0	0	0	0	0	0	0	0	0	0	0	0	0	0	0	0	0	0	0	37
p__Arthropoda;c__Insecta;o__Coleoptera;f__Hydrophilidae	Prey - Insect	8	0	0	0	0	0	0	0	0	0	0	0	0	0	0	0	0	0	0	0	0	0	0	0	0	0	0	0	2	0	0	0	0	0	0	0	0	159	272	103	0	0	0	0	0	0	0	4	0	0	0	0	0	0	0	0	0	0	0	0	0	0	0	0	0	0	0	0	0	0	0	0	0	0	0	0	0	0	0	0	0	0	0	0	0	0	0	0	0	0	0	0	0	0	0	0	0	0	0	0	0	0	0	540
p__Arthropoda;c__Insecta;o__Coleoptera;f__Latridiidae	Prey - Insect	3	0	0	0	0	0	0	0	0	0	0	0	0	0	0	0	0	0	0	0	0	0	0	0	0	0	0	0	0	0	0	0	0	0	0	0	0	0	0	0	0	0	0	0	22	10	0	0	0	0	0	0	0	0	0	0	0	0	0	0	0	0	0	0	0	0	0	0	0	0	0	0	0	0	0	0	0	0	0	0	0	0	0	0	0	0	0	0	0	0	0	0	0	0	0	0	0	0	0	0	0	0	0	32
p__Arthropoda;c__Insecta;o__Coleoptera;f__Ptiliidae	Prey - Insect	1	0	0	0	0	0	0	0	0	0	0	0	0	0	0	0	0	0	0	0	0	0	0	0	0	0	0	0	0	0	0	2	0	0	0	0	0	0	0	0	0	0	0	0	0	0	0	0	0	0	0	0	0	0	0	0	0	0	0	0	0	0	0	0	0	0	0	0	0	0	0	0	0	0	0	0	0	0	0	0	0	0	0	0	0	0	0	0	0	0	0	0	0	0	0	0	0	0	0	0	0	0	0	2
p__Arthropoda;c__Insecta;o__Coleoptera;f__Staphylinidae	Prey - Insect	31	0	0	0	0	0	0	0	0	0	0	0	0	0	0	0	0	0	0	0	0	0	9	0	0	0	0	0	3	0	0	0	2	0	571	1208	652	4	0	0	0	0	0	0	0	0	280	373	131	13	0	32	7	0	0	0	0	0	0	0	0	0	0	0	0	0	0	0	0	0	0	0	0	0	0	0	0	0	0	0	0	0	0	0	0	0	0	0	0	16	0	0	0	0	0	0	0	0	0	0	0	0	72	3373
p__Arthropoda;c__Insecta;o__Coleoptera;f__Staphylinidae;g__Aleochara	Prey - Insect	1	0	0	0	0	0	0	0	0	0	0	0	0	0	0	0	0	0	0	0	0	0	0	0	0	0	0	0	0	0	0	0	0	0	0	0	0	0	0	0	0	0	0	0	0	0	0	0	0	0	3	0	0	0	0	0	0	0	0	0	0	0	0	0	0	0	0	0	0	0	0	0	0	0	0	0	0	0	0	0	0	0	0	0	0	0	0	0	0	0	0	0	0	0	0	0	0	0	0	0	0	0	0	3
p__Arthropoda;c__Insecta;o__Coleoptera;f__Staphylinidae;g__Phacophallus	Prey - Insect	7	0	0	0	0	0	0	0	0	0	0	0	0	0	0	0	0	0	0	0	0	0	0	0	0	0	0	0	0	0	0	0	0	0	0	0	0	0	2	0	0	0	0	0	0	2	99	324	7	0	0	0	0	0	0	0	0	0	0	0	0	0	0	0	0	0	0	0	0	0	0	0	0	0	0	0	0	0	0	0	0	0	0	0	0	0	0	0	0	0	0	0	0	0	0	0	0	0	0	0	0	0	0	434
p__Arthropoda;c__Insecta;o__Coleoptera;f__Staphylinidae;g__Phacophallus;s__pallidipennis	Prey - Insect	9	0	0	0	0	0	0	0	0	0	0	0	0	0	0	0	0	0	0	0	0	0	0	0	0	0	0	0	0	0	0	0	0	0	0	3	0	2	0	0	0	0	0	0	4	0	1093	3663	1638	3	0	0	2	0	0	0	0	0	0	0	0	0	0	0	0	0	0	0	0	0	0	0	0	0	0	0	0	0	0	0	0	0	0	0	0	0	0	0	0	0	0	0	0	0	0	0	0	0	0	0	0	0	0	6408
p__Arthropoda;c__Insecta;o__Diptera	Prey - Insect	543	0	135	3	2	1992	3055	0	5	178	5	4931	529	9507	0	4352	4	47	214	128	45	407	556	112	125	114	131	423	1304	101	141	676	174	55	76	129	53	31	104	43	3	0	0	0	4	45	14	32	2	707	228	531	561	127	191	0	9	0	19	15	9	0	9	80	1005	529	395	450	488	12	16	23	21	21	42	1187	4195	418	431	3468	214	2491	993	3765	649	160	883	20699	17173	13786	55941	51064	41808	817	2108	1533	1681	716	273	225	92	43	96	262384
p__Arthropoda;c__Insecta;o__Diptera;f__Agromyzidae	Prey - Insect	1	0	0	0	0	0	0	0	0	0	0	0	0	0	0	0	0	0	0	0	0	0	0	0	0	0	0	0	0	0	0	0	0	0	0	0	0	0	0	0	0	0	0	0	0	0	0	0	0	0	0	0	0	0	0	0	0	0	0	0	0	0	0	0	0	0	0	0	0	0	0	0	0	0	0	0	0	0	0	0	0	0	4	0	0	0	0	0	0	0	0	0	0	0	0	0	0	0	0	0	0	0	0	4
p__Arthropoda;c__Insecta;o__Diptera;f__Calliphoridae	Prey - Insect	4	0	0	0	0	0	0	0	0	0	0	0	28	338	0	0	0	0	0	0	0	0	0	0	0	0	0	0	0	0	0	0	0	0	0	0	0	0	0	0	0	0	0	0	0	0	0	0	0	0	0	0	0	0	0	0	0	0	0	0	0	0	0	0	0	0	0	0	0	0	0	0	0	0	0	0	0	0	0	0	0	0	0	0	0	0	0	0	0	0	0	0	0	0	0	0	0	3	0	0	0	0	0	369
p__Arthropoda;c__Insecta;o__Diptera;f__Cecidomyiidae	Prey - Insect	37	0	0	0	0	0	0	0	0	0	0	0	0	0	0	0	0	0	61	0	8	570	24	37	0	0	10	2	135	36	11	6	0	0	525	136	64	0	0	0	0	0	0	0	0	0	0	0	0	0	0	0	0	0	0	0	0	213	86	18	0	0	0	0	0	0	0	0	0	0	0	0	20	0	2	0	248	0	0	0	0	263	0	92	0	0	0	0	0	0	0	0	3	0	3	0	0	0	0	0	7	0	0	2580
p__Arthropoda;c__Insecta;o__Diptera;f__Ceratopogonidae	Prey - Insect	11	0	0	0	0	0	0	0	0	0	0	0	0	0	0	0	0	0	0	0	0	0	0	0	0	0	0	0	0	0	0	0	0	0	0	0	0	0	0	0	0	0	0	0	0	0	0	0	0	0	8	0	0	17	0	0	0	0	0	0	0	3	0	0	0	0	0	0	0	0	0	0	0	0	2	0	0	0	93	0	17	0	0	0	0	58	0	0	0	0	3	0	6	0	2	0	6	0	0	0	0	0	0	215
p__Arthropoda;c__Insecta;o__Diptera;f__Ceratopogonidae;g__Culicoides	Prey - Insect	1	0	0	0	0	0	0	0	0	0	0	0	0	0	0	0	0	0	0	0	0	0	0	0	0	0	0	0	0	0	0	0	0	0	0	0	0	0	0	0	0	0	0	0	0	0	0	0	0	0	0	0	0	0	0	0	0	0	0	0	0	0	0	0	0	0	0	0	0	0	0	0	0	0	0	0	0	0	0	0	0	0	0	0	0	0	0	0	0	0	0	42	3	0	0	0	0	0	0	0	0	0	0	45
p__Arthropoda;c__Insecta;o__Diptera;f__Chironomidae	Prey - Insect	330	0	8	0	0	52	27	0	0	794	5	12369	96	4	2	9653	0	553	0	337	0	0	0	0	155	205	2	828	4	0	0	29	9	6	134	101	30	2068	1819	940	0	0	35	0	2	0	0	84	19	69	428	21	59	267	63	3	4	26	15	5	80	250	741	1505	11678	9645	750	712	786	4	0	2	2	13	14	0	2	10	857	0	417	0	2	2	2	1039	0	38	0	0	259	104	78	0	361	670	422	0	0	0	0	0	5	61780
p__Arthropoda;c__Insecta;o__Diptera;f__Chironomidae;g__Chironomus	Prey - Insect	3	0	0	0	0	0	0	0	0	0	0	0	0	0	0	0	0	0	0	0	0	0	0	0	0	0	0	0	0	0	0	0	0	0	0	0	0	0	0	0	0	0	0	0	0	0	0	0	0	0	0	0	0	0	0	0	0	0	0	0	0	0	0	0	0	0	0	0	0	0	0	0	0	0	0	0	0	0	15	2	0	0	2	0	0	0	0	0	0	0	0	0	0	0	0	0	0	0	0	0	0	0	0	19
p__Arthropoda;c__Insecta;o__Diptera;f__Chironomidae;g__Cladotanytarsus	Prey - Insect	3	0	0	0	0	0	0	0	0	44	0	96	0	0	0	0	0	0	0	0	0	0	0	0	0	0	0	0	0	0	0	0	0	0	0	0	0	0	0	0	0	0	0	0	0	0	0	0	0	0	0	0	0	0	0	0	0	0	0	0	0	0	0	0	0	0	0	0	0	0	0	0	0	0	0	0	0	0	0	0	0	0	0	0	0	0	0	0	0	0	0	0	0	0	0	0	0	0	0	0	0	0	0	140
p__Arthropoda;c__Insecta;o__Diptera;f__Chironomidae;g__Kiefferulus	Prey - Insect	1	0	0	0	0	0	0	0	0	0	0	0	0	0	0	0	0	0	0	0	0	0	0	0	0	0	0	0	0	0	0	0	0	0	0	0	0	0	0	0	0	0	0	0	0	0	0	0	0	0	0	0	0	0	0	0	0	0	0	0	0	0	0	0	0	0	0	0	0	0	0	0	0	0	0	0	0	0	0	0	0	0	0	0	0	55	0	0	0	0	0	0	0	0	0	0	0	0	0	0	0	0	0	55
p__Arthropoda;c__Insecta;o__Diptera;f__Chironomidae;g__Kiefferulus;s__umbraticola	Prey - Insect	4	0	0	0	0	0	0	0	0	0	0	0	0	0	0	0	0	0	0	0	0	0	0	0	0	0	0	0	0	0	0	0	0	0	0	0	0	0	0	0	0	0	0	0	0	0	0	0	0	0	0	0	0	0	0	0	0	0	0	0	0	0	0	0	0	0	0	0	0	0	0	0	0	0	0	0	0	0	68	0	31	0	0	0	0	54	0	0	0	0	0	0	0	0	0	0	0	0	0	0	0	0	0	153
p__Arthropoda;c__Insecta;o__Diptera;f__Chironomidae;g__Polypedilum	Prey - Insect	32	0	11	4	0	11	214	2	0	0	4	2433	0	0	0	2880	0	0	0	68	0	0	0	0	0	32	0	37	0	0	0	0	3	0	40	30	7	0	12	0	0	0	0	0	2	0	34	113	134	0	0	0	0	0	0	0	0	0	0	0	0	0	0	3	0	0	641	758	810	0	0	0	0	0	0	0	0	0	23	0	11	0	0	0	0	29	0	0	0	0	0	0	0	0	0	0	0	0	0	0	0	0	0	8346
p__Arthropoda;c__Insecta;o__Diptera;f__Chironomidae;g__Polypedilum;s__japonicum	Prey - Insect	2	0	0	0	0	0	0	0	0	0	0	0	0	0	0	0	0	0	0	0	0	0	0	0	0	0	0	0	0	0	0	0	0	0	0	0	0	0	0	0	0	0	0	0	0	0	0	0	0	0	0	0	0	0	0	0	0	0	0	0	0	0	0	0	0	0	24	19	35	0	0	0	0	0	0	0	0	0	0	0	0	0	0	0	0	0	0	0	0	0	0	0	0	0	0	0	0	0	0	0	0	0	0	78
p__Arthropoda;c__Insecta;o__Diptera;f__Chironomidae;g__Rheocricotopus	Prey - Insect	4	0	0	0	0	0	0	0	0	0	0	0	0	0	0	0	0	0	0	4	0	0	0	0	0	0	0	7	0	0	0	0	0	0	0	0	0	0	0	0	0	0	0	0	0	0	0	0	0	0	0	0	0	0	0	0	0	0	0	0	7	0	0	0	0	0	0	3	0	0	0	0	0	0	0	0	0	0	0	0	0	0	0	0	0	0	0	0	0	0	0	0	0	6	0	0	0	0	0	0	0	0	0	27
p__Arthropoda;c__Insecta;o__Diptera;f__Chironomidae;g__Rheocricotopus;s__emeiensis	Prey - Insect	5	0	0	0	0	0	0	0	0	0	0	0	0	0	0	0	0	0	0	59	0	0	0	0	0	14	0	231	0	0	0	3	0	0	0	0	0	0	12	0	0	0	0	0	0	0	0	0	0	0	0	0	0	0	0	0	0	0	0	0	0	0	0	0	0	0	0	0	0	0	0	0	0	0	0	0	0	0	0	0	0	0	0	0	0	0	0	0	0	0	0	0	0	0	0	0	0	0	6	0	0	0	6	331
p__Arthropoda;c__Insecta;o__Diptera;f__Chironomidae;g__Rheotanytarsus;s__fluminis	Prey - Insect	1	0	0	0	0	0	0	0	0	0	0	0	0	0	0	0	0	0	0	0	0	0	0	0	3	0	0	0	0	0	0	0	0	0	0	0	0	0	0	0	0	0	0	0	0	0	0	0	0	0	0	0	0	0	0	0	0	0	0	0	0	0	0	0	0	0	0	0	0	0	0	0	0	0	0	0	0	0	0	0	0	0	0	0	0	0	0	0	0	0	0	0	0	0	0	0	0	0	0	0	0	0	0	3
p__Arthropoda;c__Insecta;o__Diptera;f__Chironomidae;g__Tanytarsus	Prey - Insect	11	0	0	0	0	0	0	0	0	0	0	5	0	0	0	0	0	0	0	0	0	0	0	0	0	0	0	0	0	0	0	0	0	0	0	0	0	0	0	0	0	0	0	0	0	0	0	0	0	0	0	0	0	0	0	0	0	0	0	0	0	0	0	0	3	0	0	0	0	0	0	0	0	3	0	2	0	0	606	0	81	0	0	0	0	233	0	0	0	0	0	0	0	0	0	0	0	0	0	0	0	0	0	933
p__Arthropoda;c__Insecta;o__Diptera;f__Chironomidae;g__Tanytarsus;s__formosanus	Prey - Insect	8	0	0	0	0	0	0	0	0	0	0	0	0	0	0	0	0	0	0	0	0	0	0	0	0	0	0	0	0	0	0	0	0	0	0	0	0	0	0	0	0	0	0	0	0	0	0	0	0	0	0	0	0	0	0	0	0	0	0	0	2	0	0	0	0	0	0	0	0	3	2	0	0	0	0	0	0	0	1210	6	674	0	0	0	0	703	0	0	0	0	0	0	0	0	0	0	0	0	0	0	0	0	0	2600
p__Arthropoda;c__Insecta;o__Diptera;f__Chironomidae;g__Tanytarsus;s__oscillans	Prey - Insect	2	0	0	0	0	0	225	0	0	0	0	0	0	0	0	0	0	0	0	0	0	0	0	0	0	0	0	0	0	0	0	0	0	0	0	0	0	0	0	0	0	0	0	0	0	0	0	0	0	0	0	0	0	0	0	0	0	0	0	0	0	0	0	0	0	0	0	0	0	0	0	0	0	0	0	0	0	0	0	0	0	0	0	0	0	0	0	0	0	0	0	0	0	0	0	0	0	0	0	0	0	0	0	225
p__Arthropoda;c__Insecta;o__Diptera;f__Chloropidae	Prey - Insect	23	0	0	0	0	0	0	0	0	0	0	0	0	0	0	0	0	0	0	0	0	0	0	0	0	0	0	0	0	0	0	2	0	0	78	66	42	146	124	72	0	57	0	0	0	0	193	381	139	2863	6	1827	2741	2	0	88	1542	0	0	0	2	0	2	2	0	0	0	0	0	1517	1934	1109	0	0	0	2660	206	1266	6	0	4	0	1359	16	0	0	0	0	6	8	0	0	0	0	0	0	0	0	0	0	0	0	0	20466
p__Arthropoda;c__Insecta;o__Diptera;f__Culicidae	Prey - Insect	4	0	0	0	0	0	0	0	0	0	0	0	0	0	0	0	0	0	0	0	0	0	0	0	0	0	0	0	0	0	0	0	0	0	0	0	0	0	0	0	0	0	0	0	0	0	0	0	0	0	0	0	0	0	0	0	0	0	0	0	0	0	0	0	0	0	0	0	0	0	0	0	0	0	0	3	0	0	0	0	2	0	0	2	0	2	0	0	0	0	0	0	0	0	0	0	0	0	0	0	0	0	0	9
p__Arthropoda;c__Insecta;o__Diptera;f__Culicidae;g__Culex	Prey - Insect	5	0	0	0	0	0	0	0	0	0	0	0	0	0	0	0	0	0	0	0	0	0	0	0	0	0	0	0	0	0	0	0	0	0	0	0	0	0	0	0	0	0	0	0	0	0	0	0	0	0	0	0	0	0	0	0	0	3	0	0	0	0	0	0	0	0	0	0	0	0	0	0	0	0	0	0	0	0	408	0	68	0	0	0	0	105	0	0	0	0	0	0	0	0	0	0	0	0	0	0	0	0	0	584
p__Arthropoda;c__Insecta;o__Diptera;f__Culicidae;g__Culex;s__territans	Prey - Insect	1	0	0	0	0	0	0	0	0	0	0	0	0	0	0	0	0	0	0	0	0	0	0	0	0	0	0	11	0	0	0	0	0	0	0	0	0	0	0	0	0	0	0	0	0	0	0	0	0	0	0	0	0	0	0	0	0	0	0	0	0	0	0	0	0	0	0	0	0	0	0	0	0	0	0	0	0	0	0	0	0	0	0	0	0	0	0	0	0	0	0	0	0	0	0	0	0	0	0	0	0	0	0	11
p__Arthropoda;c__Insecta;o__Diptera;f__Diptera	Prey - Insect	6	0	0	0	0	0	0	0	0	0	0	0	0	0	0	0	0	0	0	0	0	8	0	0	0	0	0	0	0	5	0	0	0	0	0	0	0	0	0	0	0	0	0	0	0	0	0	0	0	0	0	0	0	0	0	0	0	0	0	0	0	3	0	0	0	0	0	0	0	0	0	0	0	0	0	0	0	0	0	0	0	27	0	0	0	0	0	633	0	589	0	0	0	8	0	0	0	8	0	9	0	0	0	1290
p__Arthropoda;c__Insecta;o__Diptera;f__Dolichopodidae	Prey - Insect	1	0	0	0	0	0	0	0	0	0	0	0	0	0	0	0	0	0	5	0	0	0	0	0	0	0	0	0	0	0	0	0	0	0	0	0	0	0	0	0	0	0	0	0	0	0	0	0	0	0	0	0	0	0	0	0	0	0	0	0	0	0	0	0	0	0	0	0	0	0	0	0	0	0	0	0	0	0	0	0	0	0	0	0	0	0	0	0	0	0	0	0	0	0	0	0	0	0	0	0	0	0	0	5
p__Arthropoda;c__Insecta;o__Diptera;f__Drosophilidae	Prey - Insect	2	0	0	0	0	0	0	0	0	0	0	0	0	0	0	0	0	0	0	0	0	0	0	0	0	0	0	0	0	0	0	0	0	0	0	0	0	0	0	0	0	0	0	0	0	0	0	0	0	0	0	0	0	0	0	0	0	0	0	0	0	0	0	0	0	0	0	0	0	0	0	0	0	0	0	0	54	0	0	0	0	0	0	0	0	0	0	0	0	0	0	0	0	0	0	0	0	0	4	0	0	0	0	58
p__Arthropoda;c__Insecta;o__Diptera;f__Hippoboscidae	Prey - Insect	1	0	0	0	0	0	0	0	0	0	0	0	0	0	0	0	0	0	0	0	0	0	0	0	0	0	0	0	0	0	0	0	0	0	0	0	0	0	0	0	0	0	0	0	0	0	0	0	0	0	0	0	0	0	0	0	0	0	0	0	0	0	0	0	0	0	0	0	0	0	0	0	0	0	0	0	0	0	0	0	0	0	0	0	0	0	0	0	0	0	0	0	3	0	0	0	0	0	0	0	0	0	0	3
p__Arthropoda;c__Insecta;o__Diptera;f__Muscidae	Prey - Insect	119	0	130	47	8282	349486	253781	126	11	0	132	45	4	30	0	106	9	0	0	0	0	0	0	0	0	0	0	0	0	0	0	0	0	0	0	0	0	0	2	2	0	0	0	2	3	0	0	0	7	11	2	0	9	2	0	157	30	0	0	0	0	0	0	0	0	0	0	0	0	0	0	0	0	0	0	0	0	0	0	0	0	0	0	0	0	0	0	0	0	0	0	0	0	0	0	0	0	0	0	0	0	0	0	612416
p__Arthropoda;c__Insecta;o__Diptera;f__Muscidae;g__Atherigona	Prey - Insect	1	0	0	0	0	0	0	0	0	0	0	0	0	0	0	0	0	0	0	0	0	0	0	0	0	0	0	0	0	0	0	0	0	0	0	0	0	0	0	0	0	0	0	0	0	0	0	0	0	0	0	0	0	0	0	0	0	0	0	0	0	0	0	0	0	0	0	0	0	0	0	0	0	0	0	0	0	0	0	0	0	0	0	0	0	0	0	0	0	0	0	0	0	0	3	0	4	0	0	0	0	0	0	7
p__Arthropoda;c__Insecta;o__Diptera;f__Muscidae;g__Hydrotaea	Prey - Insect	3	0	0	0	0	0	0	0	0	0	0	0	0	0	0	0	0	0	0	0	0	2	0	0	0	0	0	0	0	0	0	0	0	0	0	0	0	0	0	0	0	0	0	0	0	0	0	0	0	28	0	10	35	0	0	0	0	0	0	0	0	0	0	0	0	0	0	0	0	0	0	0	0	0	0	0	0	0	0	0	0	0	0	0	0	0	0	0	0	0	0	0	0	0	0	0	0	0	0	0	0	0	0	75
p__Arthropoda;c__Insecta;o__Diptera;f__Muscidae;g__Hydrotaea;s__chalcogaster	Prey - Insect	2	0	0	0	0	0	0	0	0	0	0	0	0	0	0	0	0	0	0	0	0	0	0	0	0	0	0	0	0	0	0	0	0	0	0	0	0	0	0	0	0	0	0	0	0	0	0	42	5	0	0	0	0	0	0	0	0	0	0	0	0	0	0	0	0	0	0	0	0	0	0	0	0	0	0	0	0	0	0	0	0	0	0	0	0	0	0	0	0	0	0	0	0	0	0	0	0	0	0	0	0	0	0	47
p__Arthropoda;c__Insecta;o__Diptera;f__Muscidae;g__Musca	Prey - Insect	2	0	0	0	0	0	4	0	0	0	0	0	0	0	0	0	0	0	0	0	0	0	0	0	0	0	0	0	0	0	0	0	0	0	0	0	0	0	0	0	0	0	0	0	0	0	0	0	0	0	0	0	0	0	0	0	0	0	0	0	0	0	0	0	0	0	0	0	0	0	0	0	0	0	0	0	0	0	0	0	0	0	0	0	0	0	0	0	0	0	0	0	0	0	0	0	0	0	0	0	0	0	0	4
p__Arthropoda;c__Insecta;o__Diptera;f__Muscidae;g__Musca;s__ventrosa	Prey - Insect	3	0	0	0	0	0	0	0	0	0	0	0	0	0	0	0	0	0	0	0	0	0	0	0	0	0	0	0	0	0	0	0	0	0	0	0	0	0	0	0	0	0	0	0	0	0	3	7	7	0	79	0	0	26	11	0	0	0	0	0	0	0	0	0	0	0	0	0	0	0	0	0	0	0	0	0	0	0	0	0	0	0	0	0	0	0	0	0	0	0	0	0	0	0	0	0	0	0	0	0	0	0	0	133
p__Arthropoda;c__Insecta;o__Diptera;f__Muscidae;g__Myospila	Prey - Insect	12	0	0	0	0	0	0	0	0	0	0	0	0	0	0	0	0	0	0	0	0	13	0	0	0	0	0	0	0	0	0	0	0	0	0	0	0	0	0	0	0	0	0	0	0	6	9	42	4	64	0	0	32	0	0	0	0	0	0	0	0	0	0	0	0	0	0	0	0	0	0	0	0	0	0	0	0	0	0	0	0	0	0	0	0	0	0	0	0	0	0	0	0	0	0	0	0	0	0	0	0	0	0	170
p__Arthropoda;c__Insecta;o__Diptera;f__Muscidae;g__Myospila;s__argentata	Prey - Insect	29	0	0	0	0	0	0	0	0	0	0	0	0	0	0	0	0	0	0	3	0	115	0	37	0	0	0	0	0	41	0	3	6	0	0	0	8	0	0	6	0	17	3	0	6	0	606	1194	620	6905	13	3659	7301	0	0	0	0	0	0	0	0	0	0	0	0	0	0	0	0	0	0	0	0	0	0	0	0	0	0	0	0	0	0	0	0	0	0	0	0	3	0	0	0	0	0	0	0	0	0	0	0	4	14	20564
p__Arthropoda;c__Insecta;o__Diptera;f__Mycetophilidae;g__Mycetophila	Prey - Insect	4	0	0	0	0	0	0	0	0	0	0	0	0	0	0	0	0	0	0	16	0	0	0	0	1812	4	0	11	0	0	0	0	0	0	0	0	0	0	0	0	0	0	0	0	0	0	0	0	0	0	0	0	0	0	0	0	0	0	0	0	0	0	0	0	0	0	0	0	0	0	0	0	0	0	0	0	0	0	0	0	0	0	0	0	0	0	0	0	0	0	0	0	0	0	0	0	0	0	0	0	0	0	0	1843
p__Arthropoda;c__Insecta;o__Diptera;f__Psychodidae	Prey - Insect	78	0	0	0	0	0	0	0	0	0	0	0	0	0	0	0	0	0	94	0	16	2	2	0	0	0	40	2	39	0	0	2	7	0	0	0	0	5	0	0	0	0	0	0	2	0	0	0	0	0	0	0	0	0	0	0	0	0	0	0	0	0	0	0	0	0	0	0	0	0	0	0	2	0	0	149	2	95	0	0	0	0	101	0	0	0	0	5	0	0	11122	10625	9933	0	91	349	89	6	0	0	10	19	10	32819
p__Arthropoda;c__Insecta;o__Diptera;f__Sciaridae	Prey - Insect	30	0	0	0	0	0	0	0	0	0	0	0	0	0	0	0	0	0	119	3	20	175	76	41	0	0	37	2	196	21	18	0	0	0	38	24	7	0	0	0	0	0	0	0	0	0	0	0	0	0	0	0	0	0	0	0	0	0	0	0	0	0	0	0	0	0	0	0	0	0	0	0	0	0	0	0	8	0	0	0	0	12	0	14	0	0	0	3	0	0	21	28	16	16	2	0	0	1	0	2	365	784	534	2583
p__Arthropoda;c__Insecta;o__Diptera;f__Sciaridae;g__Sciaridae	Prey - Insect	4	0	0	0	0	0	0	0	0	0	0	0	0	0	0	0	0	0	0	0	0	0	0	0	0	0	0	0	0	0	0	0	0	0	0	0	0	0	0	0	0	0	0	0	0	0	0	0	0	0	0	0	0	0	0	0	0	0	0	0	0	0	0	0	0	0	0	0	0	0	0	0	0	0	0	0	97	0	0	0	0	25	0	71	0	0	0	0	0	0	0	0	0	0	0	0	0	0	0	0	0	0	0	193
p__Arthropoda;c__Insecta;o__Diptera;f__Simuliidae	Prey - Insect	3	0	0	0	0	0	0	0	0	0	0	0	0	0	0	0	0	0	0	7	0	0	0	0	0	0	0	7	0	0	0	0	0	0	0	0	0	0	0	0	0	0	0	0	0	0	0	0	0	0	0	0	0	0	0	0	0	0	0	0	0	0	0	0	0	8	0	0	0	0	0	0	0	0	0	0	0	0	0	0	0	0	0	0	0	0	0	0	0	0	0	0	0	0	0	0	0	0	0	0	0	2	0	24
p__Arthropoda;c__Insecta;o__Diptera;f__Simuliidae;g__Simulium	Prey - Insect	7	0	0	0	0	0	0	0	0	0	0	0	0	0	0	0	0	0	0	0	0	0	0	0	0	0	0	0	0	0	0	5	3	0	0	0	0	0	0	0	0	0	0	0	0	0	0	0	0	0	0	0	0	0	0	0	0	0	0	0	0	0	0	12	232	92	0	0	0	0	0	0	0	0	0	0	0	2	0	0	3	0	0	0	0	0	0	0	0	0	0	0	0	0	0	0	0	0	0	0	0	0	0	349
p__Arthropoda;c__Insecta;o__Diptera;f__Simuliidae;g__Simulium;s__doipuiense	Prey - Insect	1	0	0	0	0	0	0	0	0	0	0	0	0	0	0	0	0	0	4	0	0	0	0	0	0	0	0	0	0	0	0	0	0	0	0	0	0	0	0	0	0	0	0	0	0	0	0	0	0	0	0	0	0	0	0	0	0	0	0	0	0	0	0	0	0	0	0	0	0	0	0	0	0	0	0	0	0	0	0	0	0	0	0	0	0	0	0	0	0	0	0	0	0	0	0	0	0	0	0	0	0	0	0	4
p__Arthropoda;c__Insecta;o__Diptera;f__Simuliidae;g__Simulium;s__nakhonense	Prey - Insect	1	0	0	0	0	0	0	0	0	0	0	0	0	0	0	0	0	0	0	0	0	0	0	0	0	0	0	0	0	0	0	0	0	0	0	0	0	0	0	0	0	0	0	0	0	0	0	0	0	0	0	0	0	0	0	0	0	0	0	0	0	0	0	0	2	0	0	0	0	0	0	0	0	0	0	0	0	0	0	0	0	0	0	0	0	0	0	0	0	0	0	0	0	0	0	0	0	0	0	0	0	0	0	2
p__Arthropoda;c__Insecta;o__Diptera;f__Simuliidae;g__Simulium;s__siamense	Prey - Insect	1	0	0	0	0	0	0	0	0	0	0	0	0	0	0	0	0	0	0	0	0	0	0	0	0	0	0	0	0	0	0	0	0	0	0	2	0	0	0	0	0	0	0	0	0	0	0	0	0	0	0	0	0	0	0	0	0	0	0	0	0	0	0	0	0	0	0	0	0	0	0	0	0	0	0	0	0	0	0	0	0	0	0	0	0	0	0	0	0	0	0	0	0	0	0	0	0	0	0	0	0	0	0	2
p__Arthropoda;c__Insecta;o__Diptera;f__Simuliidae;g__Simulium;s__tani	Prey - Insect	1	0	0	0	0	0	0	0	0	0	0	0	0	0	0	0	0	0	0	0	0	5	0	0	0	0	0	0	0	0	0	0	0	0	0	0	0	0	0	0	0	0	0	0	0	0	0	0	0	0	0	0	0	0	0	0	0	0	0	0	0	0	0	0	0	0	0	0	0	0	0	0	0	0	0	0	0	0	0	0	0	0	0	0	0	0	0	0	0	0	0	0	0	0	0	0	0	0	0	0	0	0	0	5
p__Arthropoda;c__Insecta;o__Diptera;f__Tabanidae;g__Haematopota	Prey - Insect	1	0	0	0	0	0	0	0	0	0	0	0	0	0	0	0	0	0	0	0	0	0	0	0	0	0	0	0	0	0	0	0	0	0	0	0	0	0	0	0	0	0	0	0	0	2	0	0	0	0	0	0	0	0	0	0	0	0	0	0	0	0	0	0	0	0	0	0	0	0	0	0	0	0	0	0	0	0	0	0	0	0	0	0	0	0	0	0	0	0	0	0	0	0	0	0	0	0	0	0	0	0	0	2
p__Arthropoda;c__Insecta;o__Diptera;f__Tachinidae	Prey - Insect	2	0	0	0	0	0	0	0	0	0	0	0	0	0	0	0	0	0	0	0	0	0	0	0	0	0	0	0	0	0	0	0	2	0	0	5	0	0	0	0	0	0	0	0	0	0	0	0	0	0	0	0	0	0	0	0	0	0	0	0	0	0	0	0	0	0	0	0	0	0	0	0	0	0	0	0	0	0	0	0	0	0	0	0	0	0	0	0	0	0	0	0	0	0	0	0	0	0	0	0	0	0	0	7
p__Arthropoda;c__Insecta;o__Diptera;f__Tipulidae	Prey - Insect	2	0	0	0	0	0	0	0	0	0	0	0	0	0	0	0	0	0	115	0	29	0	0	0	0	0	60	0	0	0	0	0	0	0	0	0	0	0	0	0	0	0	0	0	0	0	0	0	0	0	0	0	0	0	0	0	0	0	0	0	0	0	0	0	0	0	0	0	0	0	0	0	0	0	0	0	0	0	0	0	0	0	0	0	0	0	0	0	0	0	0	0	0	0	0	0	0	0	0	0	3	0	0	207
p__Arthropoda;c__Insecta;o__Ephemeroptera;f__Baetidae	Prey - Insect	9	0	0	0	0	0	0	0	0	0	0	0	0	0	0	3	0	0	0	0	0	0	0	0	0	0	0	0	0	0	0	0	0	0	0	0	3	0	0	0	0	0	2	0	0	0	0	0	0	5	0	0	5	0	0	0	0	0	0	0	0	0	0	0	2	0	0	0	0	0	0	0	0	0	0	0	0	0	0	0	4	0	0	0	0	5	0	0	0	0	0	0	0	0	0	0	0	0	0	0	0	0	0	29
p__Arthropoda;c__Insecta;o__Ephemeroptera;f__Baetidae;g__Pseudocloeon	Prey - Insect	8	0	0	0	0	0	0	0	0	0	0	0	0	0	0	0	0	0	0	0	0	0	0	0	0	0	0	0	0	0	0	0	0	0	0	0	0	0	0	0	18	51	784	0	0	0	0	0	0	0	0	0	7	0	0	0	0	0	0	0	0	0	0	0	0	0	3	0	7	0	0	0	0	0	0	0	0	0	0	0	0	0	0	0	0	0	0	0	0	0	0	0	0	0	0	0	0	0	0	0	0	0	0	870
p__Arthropoda;c__Insecta;o__Ephemeroptera;f__Baetidae;g__Tenuibaetis	Prey - Insect	1	0	0	0	0	0	0	0	0	0	0	0	0	0	0	0	0	0	0	0	0	0	0	0	0	0	0	0	0	0	0	0	0	0	0	0	0	0	0	0	0	0	0	0	0	0	0	0	0	0	0	0	0	0	0	0	0	0	0	0	0	0	0	0	0	0	6	7	0	0	0	0	0	0	0	0	0	0	0	0	0	0	0	0	0	0	0	0	0	0	0	0	0	0	0	0	0	0	0	0	0	0	0	13
p__Arthropoda;c__Insecta;o__Ephemeroptera;f__Caenidae;g__Caenis	Prey - Insect	2	0	0	2	0	0	0	0	5	0	0	0	0	0	0	0	0	0	0	0	0	0	0	0	0	0	0	0	0	0	0	0	0	0	0	0	0	0	0	0	0	0	0	0	0	0	0	0	0	0	0	0	0	0	0	0	0	0	0	0	0	0	0	0	0	0	0	0	0	0	0	0	0	0	0	0	0	0	0	0	0	0	0	0	0	0	0	0	0	0	0	0	0	0	0	0	0	0	0	0	0	0	0	7
p__Arthropoda;c__Insecta;o__Ephemeroptera;f__Caenidae;g__Caenis;s__ulmeriana	Prey - Insect	8	0	0	0	0	0	7	0	0	0	0	0	0	4106	0	39	0	0	0	0	0	0	0	0	0	0	0	8	0	0	0	0	0	0	0	0	0	0	0	0	0	0	0	0	0	0	0	0	0	0	0	0	0	0	0	0	8	0	0	0	0	0	0	0	0	0	0	0	0	0	0	0	0	0	0	0	0	0	0	0	0	0	0	0	0	0	0	0	0	0	0	0	0	0	0	0	0	0	0	0	0	0	0	4168
p__Arthropoda;c__Insecta;o__Ephemeroptera;f__Ephemeridae;g__Ephemera	Prey - Insect	14	0	0	0	0	0	0	0	0	0	0	0	0	0	0	0	0	2832	0	0	0	0	0	0	0	0	3	0	0	0	0	0	0	0	9	6	0	2	0	0	0	0	0	0	0	0	0	0	0	0	0	0	0	0	0	0	0	0	0	0	0	0	0	0	0	0	0	0	2	0	0	2	0	0	0	0	0	0	0	716	0	0	0	0	86	0	20	0	0	0	27	125	88	0	0	0	0	0	0	0	0	0	0	3918
p__Arthropoda;c__Insecta;o__Ephemeroptera;f__Heptageniidae	Prey - Insect	1	0	0	0	0	0	0	0	0	0	0	0	0	0	0	0	0	0	0	0	0	0	0	0	0	0	0	0	0	0	0	0	0	0	0	0	0	0	0	0	0	0	0	0	0	0	0	0	0	0	0	0	0	29	0	0	0	0	0	0	0	0	0	0	0	0	0	0	0	0	0	0	0	0	0	0	0	0	0	0	0	0	0	0	0	0	0	0	0	0	0	0	0	0	0	0	0	0	0	0	0	0	0	29
p__Arthropoda;c__Insecta;o__Ephemeroptera;f__Leptophlebiidae	Prey - Insect	1	0	0	0	0	0	0	0	0	0	0	0	0	0	0	0	0	0	0	0	0	0	0	0	0	0	0	0	0	0	0	0	0	0	0	0	0	0	0	0	0	0	0	0	0	0	0	0	0	0	0	0	0	0	2	0	0	0	0	0	0	0	0	0	0	0	0	0	0	0	0	0	0	0	0	0	0	0	0	0	0	0	0	0	0	0	0	0	0	0	0	0	0	0	0	0	0	0	0	0	0	0	0	2
p__Arthropoda;c__Insecta;o__Ephemeroptera;f__Leptophlebiidae;g__Leptophlebiidae	Prey - Insect	2	0	0	0	0	0	0	0	0	0	0	0	0	0	0	0	0	0	0	0	0	0	0	0	0	0	0	0	0	0	0	0	0	0	0	0	0	0	0	0	0	0	0	0	0	0	0	0	0	7	0	0	18	0	0	0	0	0	0	0	0	0	0	0	0	0	0	0	0	0	0	0	0	0	0	0	0	0	0	0	0	0	0	0	0	0	0	0	0	0	0	0	0	0	0	0	0	0	0	0	0	0	0	25
p__Arthropoda;c__Insecta;o__Ephemeroptera;f__Neoephemeridae;g__Potamanthellus;s__caenoides	Prey - Insect	2	0	0	0	0	0	0	152	0	0	0	0	216	0	0	0	0	0	0	0	0	0	0	0	0	0	0	0	0	0	0	0	0	0	0	0	0	0	0	0	0	0	0	0	0	0	0	0	0	0	0	0	0	0	0	0	0	0	0	0	0	0	0	0	0	0	0	0	0	0	0	0	0	0	0	0	0	0	0	0	0	0	0	0	0	0	0	0	0	0	0	0	0	0	0	0	0	0	0	0	0	0	0	368
p__Arthropoda;c__Insecta;o__Ephemeroptera;f__Teloganodidae	Prey - Insect	3	0	0	0	0	0	0	0	0	0	0	0	0	0	0	0	0	0	0	0	0	0	0	0	0	0	0	0	0	0	0	0	0	0	0	0	0	0	0	0	0	0	0	0	0	0	0	0	0	0	0	0	0	0	0	0	0	0	0	0	0	0	0	0	0	0	0	12	0	0	0	0	0	0	0	0	0	0	0	0	0	0	0	0	0	0	0	0	0	0	0	0	0	0	0	0	3	0	0	2	0	0	0	17
p__Arthropoda;c__Insecta;o__Ephemeroptera;f__Teloganodidae;g__Dudgeodes	Prey - Insect	8	0	0	0	0	0	0	0	0	0	0	0	0	0	0	0	0	0	0	0	0	2	3	0	0	0	0	0	0	0	0	0	0	0	28	62	65	2	0	0	0	0	0	0	0	0	0	0	0	0	0	0	0	0	0	0	0	0	0	5	0	0	64	0	0	0	0	15	8	0	0	0	0	0	2	0	0	0	0	0	0	0	0	0	0	0	0	0	0	0	0	0	0	0	743	318	820	0	0	0	0	0	0	2137
p__Arthropoda;c__Insecta;o__Hemiptera	Prey - Insect	13	0	0	0	0	0	0	0	0	0	0	0	0	0	0	0	0	0	58	0	16	7	7	0	12	0	22	0	27	0	0	0	0	0	0	0	0	0	0	0	0	0	18	0	0	0	0	0	0	24	0	0	26	0	0	0	0	0	0	0	0	0	0	0	0	0	0	0	5	0	0	0	3	0	55	0	2	0	0	0	0	0	0	0	0	0	0	0	0	0	0	0	0	2	0	0	0	119	49	68	17	0	0	537
p__Arthropoda;c__Insecta;o__Hemiptera;f__Aphelocheiridae	Prey - Insect	10	0	0	0	0	0	0	0	0	0	0	0	0	0	0	0	0	0	0	0	0	0	0	0	0	0	0	0	0	0	0	0	0	0	0	0	0	0	0	2	0	0	0	0	0	0	334	2439	1375	0	0	0	0	0	0	0	0	0	0	0	0	0	0	0	0	0	0	0	0	0	0	0	0	0	0	0	0	0	0	0	0	0	0	0	0	0	0	0	0	0	0	0	0	0	0	0	0	0	0	0	0	0	0	4150
p__Arthropoda;c__Insecta;o__Hemiptera;f__Belostomatidae	Prey - Insect	5	0	0	0	0	0	0	0	0	0	0	0	0	0	0	0	0	0	0	0	0	0	0	0	0	0	0	0	0	0	0	0	0	0	0	0	0	0	0	0	0	0	0	0	0	0	0	0	0	0	0	0	0	0	0	0	0	0	0	0	0	0	0	0	0	0	0	2	12	0	0	0	0	0	0	0	0	0	0	0	0	0	0	0	0	0	0	0	0	0	0	0	0	0	0	0	0	0	0	0	0	0	0	14
p__Arthropoda;c__Insecta;o__Hemiptera;f__Belostomatidae;g__Lethocerus	Prey - Insect	2	0	0	0	0	0	0	0	0	0	0	0	0	0	0	0	0	0	0	0	0	0	0	0	0	0	0	0	0	0	0	0	0	0	0	0	0	0	0	0	0	0	0	0	0	0	0	0	0	0	0	0	0	0	0	0	0	0	0	0	0	0	2	0	0	0	7	0	0	0	0	0	0	0	0	0	0	0	0	0	0	0	0	0	0	0	0	0	0	0	0	0	0	0	0	0	0	0	0	0	0	0	0	9
p__Arthropoda;c__Insecta;o__Hemiptera;f__Belostomatidae;g__Lethocerus;s__indicus	Prey - Insect	20	0	0	0	0	0	0	0	0	0	0	0	0	0	0	0	0	0	0	0	0	0	0	0	0	0	0	0	0	0	0	0	0	0	0	0	0	0	4	0	0	0	0	0	0	0	0	0	0	0	0	0	0	0	0	0	0	4	0	5	3	0	36	0	0	5	1306	4034	5646	3	5	5	3	5	5	0	0	2	0	0	4	0	0	1	0	0	0	0	0	0	0	0	0	0	0	0	0	0	0	0	0	0	0	11076
p__Arthropoda;c__Insecta;o__Hemiptera;f__Diaspididae	Prey - Insect	4	0	0	0	0	0	0	0	0	0	0	0	0	0	0	0	0	0	0	0	0	0	0	0	0	0	0	0	0	0	0	0	0	0	0	0	0	0	0	2	0	0	0	0	0	0	0	2	0	0	0	0	0	0	0	0	0	0	0	0	0	0	0	0	0	0	0	0	0	0	0	0	0	0	0	0	0	0	15	0	2	0	0	0	0	0	0	0	0	0	0	0	0	0	0	0	0	0	0	0	0	0	0	21
p__Arthropoda;c__Insecta;o__Hemiptera;f__Enicocephalidae	Prey - Insect	3	0	0	0	0	0	0	0	0	0	0	0	0	0	0	0	0	0	0	0	0	0	42	0	0	0	0	6	54	0	4	0	0	0	0	0	0	0	0	0	0	0	0	0	0	0	0	0	0	0	0	0	0	0	0	0	0	0	0	0	0	0	0	0	0	0	0	0	0	0	0	0	0	0	0	0	0	0	0	0	0	0	0	0	0	0	0	0	0	3	0	0	3	4	0	0	0	0	0	3	0	0	0	119
p__Arthropoda;c__Insecta;o__Hemiptera;f__Halimococcidae	Prey - Insect	25	0	0	0	0	0	0	0	0	0	0	0	0	0	0	0	0	0	3	3	0	0	8	7	0	0	0	25	18	0	0	0	0	0	8	5	3	0	0	0	0	0	0	0	0	0	0	0	0	77	0	34	83	32	0	0	0	0	0	0	0	0	0	0	0	0	0	0	0	0	2	0	0	4	67	0	6	0	0	58	9	0	0	0	18	17	0	0	14	4	0	0	0	0	0	0	0	318	145	126	0	0	11	1105
p__Arthropoda;c__Insecta;o__Hemiptera;f__Halimococcidae;g__Colobopyga;s__pritchardiae	Prey - Insect	2	0	0	0	0	0	0	0	0	0	0	0	0	0	0	0	0	0	0	0	0	2	0	0	0	0	0	0	0	0	0	0	0	0	0	0	0	0	0	0	0	0	0	0	0	0	0	0	0	0	0	0	0	0	0	0	0	0	0	0	0	0	0	0	0	0	0	0	0	0	0	0	0	0	0	0	17	0	0	0	0	0	0	2	0	0	0	0	0	0	0	0	0	0	0	0	0	0	0	0	0	0	0	21
p__Arthropoda;c__Insecta;o__Hemiptera;f__Issidae	Prey - Insect	4	0	0	0	0	0	0	0	0	0	0	0	0	0	0	0	0	0	0	0	0	0	3	0	0	0	0	0	0	0	0	0	0	3	0	0	0	0	0	0	0	0	2	0	0	4	0	0	0	0	134	0	0	0	428	0	0	0	0	0	0	0	0	0	0	0	0	0	0	0	0	0	0	0	0	0	0	0	0	0	0	0	0	0	0	0	0	0	0	0	0	0	0	0	0	0	0	0	0	0	0	0	0	574
p__Arthropoda;c__Insecta;o__Hemiptera;f__Issidae;g__Flavina	Prey - Insect	3	0	0	0	0	0	0	0	0	0	0	0	0	0	0	0	0	0	0	0	0	23	0	0	0	0	0	0	25	20	0	0	0	0	0	0	0	0	0	0	0	0	0	0	0	0	0	0	0	0	0	0	0	0	0	0	0	0	0	0	0	0	0	0	0	0	0	0	0	0	0	0	0	0	0	0	3	0	0	0	0	0	0	0	0	0	0	0	0	0	0	0	0	0	0	0	0	0	0	0	0	0	0	71
p__Arthropoda;c__Insecta;o__Hemiptera;f__Naucoridae;g__Gestroiella;s__limnocoroides	Prey - Insect	1	0	2	0	0	0	0	135	0	0	0	0	0	0	0	0	0	0	0	0	0	0	0	0	0	0	0	0	0	0	0	0	0	0	0	0	0	0	0	0	0	0	0	0	0	0	0	0	0	0	0	0	0	0	0	0	0	0	0	0	0	0	0	0	0	0	0	0	0	0	0	0	0	0	0	0	0	0	0	0	0	0	0	0	0	0	0	0	0	0	0	0	0	0	0	0	0	0	0	0	0	0	0	137
p__Arthropoda;c__Insecta;o__Hemiptera;f__Reduviidae	Prey - Insect	28	0	0	0	0	122	115	0	0	0	0	0	0	0	0	0	0	0	22	0	11	0	0	10	0	0	9	0	0	0	0	0	0	3	0	6	0	0	0	0	0	4	3	0	5	0	0	0	0	0	0	0	4	0	0	0	0	0	0	0	0	0	0	0	0	0	0	0	0	20	264	28	14	0	2	0	9	2	0	0	0	11	0	39	0	0	0	23	79	64	0	0	0	0	0	2	0	248	227	232	0	4	0	1582
p__Arthropoda;c__Insecta;o__Hemiptera;f__Reduviidae;g__Rhynocoris	Prey - Insect	9	0	0	0	0	0	0	0	0	0	0	0	0	0	0	0	0	0	0	0	0	0	0	0	0	0	0	0	0	0	0	0	0	0	0	0	0	0	0	0	0	0	0	0	0	0	0	0	0	0	0	0	0	0	0	0	0	0	0	0	0	0	0	0	0	0	0	0	0	25	9	0	0	0	0	0	0	0	0	0	0	0	0	0	0	0	0	0	0	0	0	0	0	0	0	0	0	2	9	6	0	2	0	53
p__Arthropoda;c__Insecta;o__Hemiptera;f__Reduviidae;g__Rhynocoris;s__kumarii	Prey - Insect	39	18	5	0	0	934	0	0	0	0	2	0	0	0	0	0	0	0	39	0	23	139	11	71	0	0	37	0	15	20	0	0	15	0	10	27	4	0	0	0	0	0	100	116	744	309	14	17	0	0	12	0	0	0	0	0	0	101	97	74	0	0	0	5	4	0	0	0	2	4856	2910	1463	1984	839	779	26	22	55	0	0	0	22	265	18	0	0	0	320	160	590	0	2	0	0	0	0	6	1351	1217	1199	22	0	60	21131
p__Arthropoda;c__Insecta;o__Hemiptera;f__Scutelleridae;g__Scutelleridae;s__sp.	Prey - Insect	1	0	0	0	0	0	0	0	0	0	0	0	0	0	0	0	0	0	0	0	0	0	0	0	0	0	0	0	0	0	0	0	0	0	0	0	0	0	0	0	0	0	0	0	0	0	0	0	0	0	13	0	0	0	0	0	0	0	0	0	0	0	0	0	0	0	0	0	0	0	0	0	0	0	0	0	0	0	0	0	0	0	0	0	0	0	0	0	0	0	0	0	0	0	0	0	0	0	0	0	0	0	0	13
p__Arthropoda;c__Insecta;o__Hymenoptera	Prey - Insect	10	0	0	0	0	0	0	0	0	0	0	0	0	0	0	0	0	0	0	0	0	0	0	0	0	0	0	0	0	0	0	0	0	0	10	21	6	0	3	0	0	0	0	0	2	0	2	3	0	0	0	3	0	301	0	0	0	5	0	0	0	0	0	0	0	0	0	0	0	53	318	21	0	0	0	0	0	0	0	0	0	0	0	0	0	0	0	0	0	0	0	0	0	0	0	0	0	0	0	0	0	0	0	748
p__Arthropoda;c__Insecta;o__Hymenoptera;f__Agaonidae;g__Ceratosolen;s__fusciceps	Prey - Insect	1	0	0	0	0	0	0	0	0	0	0	0	0	0	0	0	0	0	0	0	0	0	0	0	0	0	0	0	0	0	0	0	0	0	0	0	0	0	0	0	0	0	0	0	0	0	0	0	0	0	0	2	0	0	0	0	0	0	0	0	0	0	0	0	0	0	0	0	0	0	0	0	0	0	0	0	0	0	0	0	0	0	0	0	0	0	0	0	0	0	0	0	0	0	0	0	0	0	0	0	0	0	0	2
p__Arthropoda;c__Insecta;o__Hymenoptera;f__Apidae	Prey - Insect	1	0	0	0	0	0	0	0	0	0	0	0	0	0	0	0	0	0	0	0	0	0	0	0	0	0	0	0	0	0	0	0	0	0	0	0	0	0	0	0	0	0	0	0	0	0	0	0	0	0	0	0	0	4	0	0	0	0	0	0	0	0	0	0	0	0	0	0	0	0	0	0	0	0	0	0	0	0	0	0	0	0	0	0	0	0	0	0	0	0	0	0	0	0	0	0	0	0	0	0	0	0	0	4
p__Arthropoda;c__Insecta;o__Hymenoptera;f__Apidae;g__Geniotrigona;s__thoracica	Prey - Insect	2	0	0	0	0	0	0	0	0	0	0	0	0	0	0	0	0	0	0	0	0	0	0	0	0	0	0	0	0	0	0	0	0	0	0	0	0	9	8	4	0	0	0	0	0	0	0	0	0	0	0	0	0	0	0	0	0	0	0	0	0	0	0	0	0	0	0	0	0	0	0	0	0	0	0	0	0	0	0	0	0	0	0	0	0	0	0	0	0	0	0	0	0	0	0	0	0	0	0	0	0	0	0	21
p__Arthropoda;c__Insecta;o__Hymenoptera;f__Diapriidae	Prey - Insect	3	0	0	0	0	0	0	0	0	0	0	0	0	0	0	0	0	0	44	0	0	0	0	0	0	0	9	0	0	0	0	0	0	0	0	0	0	0	0	0	0	0	0	0	0	0	0	0	0	0	0	0	0	0	0	0	0	0	0	0	0	0	0	0	0	0	0	0	0	0	0	0	0	0	0	0	0	0	0	0	0	0	0	0	0	0	0	0	0	0	0	0	0	0	0	0	0	0	0	0	6	25	16	100
p__Arthropoda;c__Insecta;o__Hymenoptera;f__Formicidae	Prey - Insect	34	0	0	0	0	2	0	0	0	0	0	0	0	0	0	0	0	0	0	42	0	0	0	0	0	33	0	213	0	2	0	0	0	0	0	0	0	20	3	7	0	0	0	0	0	0	0	0	2	15	6	0	35	15	0	0	0	0	0	0	0	0	0	0	2	0	0	9	0	0	0	0	0	0	0	0	0	0	0	0	0	0	0	0	0	0	0	0	0	0	0	0	0	0	0	0	0	0	0	0	0	0	0	406
p__Arthropoda;c__Insecta;o__Hymenoptera;f__Formicidae;g__Anoplolepis	Prey - Insect	25	0	0	0	0	0	0	0	0	0	0	0	0	0	0	0	0	0	4	6962	6	0	9	8	0	6662	6	17162	2	5	2	0	0	0	0	0	0	0	0	0	0	0	0	0	0	0	0	0	0	0	0	0	0	0	0	0	0	0	0	0	0	0	0	0	0	0	0	0	0	0	0	0	0	0	0	0	0	0	0	0	0	0	0	0	0	0	0	2	7	5	0	12	16	11	0	0	7	21	37	138	58	41	53	31236
p__Arthropoda;c__Insecta;o__Hymenoptera;f__Formicidae;g__Camponotus	Prey - Insect	10	0	0	0	0	0	0	0	0	0	0	0	0	0	0	0	0	0	0	0	0	0	0	0	0	0	0	0	0	0	0	0	0	0	0	0	0	0	0	0	0	0	0	0	0	0	0	0	0	0	0	0	0	0	0	0	0	0	0	0	0	0	0	0	0	0	306	464	683	2	0	0	0	0	2	0	0	0	0	0	0	0	0	0	0	0	0	0	0	0	0	0	0	0	0	0	0	0	0	0	0	0	0	1457
p__Arthropoda;c__Insecta;o__Hymenoptera;f__Formicidae;g__Camponotus;s__nicobarensis	Prey - Insect	1	0	0	0	0	0	0	0	0	0	0	0	0	0	0	0	0	0	0	0	0	0	0	0	0	0	0	0	0	0	0	0	0	0	0	0	0	0	0	0	0	0	0	0	0	0	0	0	0	0	0	0	0	0	0	0	0	0	0	0	0	0	0	0	0	0	0	0	0	0	0	0	0	0	0	0	0	0	0	0	0	0	0	0	0	2	0	0	0	0	0	0	0	0	0	0	0	0	0	0	0	0	0	2
p__Arthropoda;c__Insecta;o__Hymenoptera;f__Formicidae;g__Carebara	Prey - Insect	5	0	0	3	0	0	2	263	1873	0	0	4	0	0	0	0	0	0	0	0	0	0	0	0	0	0	0	0	0	0	0	0	0	0	0	0	0	0	0	0	0	0	0	0	0	0	0	0	0	0	0	0	0	0	0	0	0	0	0	0	0	0	0	0	0	0	0	0	0	0	0	0	0	0	0	0	0	0	0	0	0	0	0	0	0	0	0	0	0	0	0	0	0	0	0	0	0	0	0	0	0	0	0	2145
p__Arthropoda;c__Insecta;o__Hymenoptera;f__Formicidae;g__Carebara;s__diversa	Prey - Insect	4	0	0	0	0	0	0	0	2	0	0	0	0	0	0	0	0	41	0	0	0	0	0	0	0	0	0	0	0	0	0	0	0	0	0	0	0	0	0	0	0	0	0	0	0	0	0	0	0	0	0	0	0	0	0	0	0	0	0	0	0	0	0	0	0	0	5	6	0	0	0	0	0	0	0	0	0	0	0	0	0	0	0	0	0	0	0	0	0	0	0	0	0	0	0	0	0	0	0	0	0	0	0	54
p__Arthropoda;c__Insecta;o__Hymenoptera;f__Formicidae;g__Crematogaster	Prey - Insect	1	0	0	0	0	0	0	0	0	0	0	0	0	0	0	0	0	0	0	0	0	0	0	0	0	0	0	0	0	0	0	0	0	0	0	0	0	0	0	0	0	0	0	0	0	0	0	0	0	0	0	0	0	0	0	0	0	0	0	0	0	0	0	0	0	0	0	0	0	0	0	0	0	0	0	0	0	0	0	0	0	0	0	0	0	0	0	0	0	0	0	0	0	0	0	0	0	0	0	0	0	0	16	16
p__Arthropoda;c__Insecta;o__Hymenoptera;f__Formicidae;g__Dorylus	Prey - Insect	1	0	0	0	0	0	0	0	0	0	0	0	0	0	0	0	0	0	0	0	0	0	0	0	0	0	0	0	0	0	0	0	0	0	0	0	0	0	0	0	0	0	0	0	0	0	0	0	0	0	0	0	0	0	0	0	0	0	0	0	0	0	0	3	0	0	0	0	0	0	0	0	0	0	0	0	0	0	0	0	0	0	0	0	0	0	0	0	0	0	0	0	0	0	0	0	0	0	0	0	0	0	0	3
p__Arthropoda;c__Insecta;o__Hymenoptera;f__Formicidae;g__Dorylus;s__laevigatus	Prey - Insect	1	0	0	0	0	0	0	0	0	0	0	0	0	0	0	0	0	0	0	0	0	0	0	0	0	0	0	0	0	0	0	0	0	0	0	0	0	0	0	0	0	0	0	0	0	0	0	0	0	0	0	0	0	0	0	0	0	0	0	0	0	0	0	0	0	0	107	46	55	0	0	0	0	0	0	0	0	0	0	0	0	0	0	0	0	0	0	0	0	0	0	0	0	0	0	0	0	0	0	0	0	0	0	208
p__Arthropoda;c__Insecta;o__Hymenoptera;f__Formicidae;g__Monomorium;s__pharaonis	Prey - Insect	4	0	0	0	0	0	0	0	0	0	0	0	0	0	0	0	0	0	0	0	0	0	0	0	0	0	0	0	0	0	0	0	0	0	0	0	0	0	0	0	0	0	0	0	0	0	0	0	0	0	0	0	0	273	0	0	0	0	0	0	0	0	0	0	0	0	0	0	0	0	0	0	0	0	0	0	0	0	0	0	0	0	0	0	0	0	0	0	0	0	0	0	0	751	0	0	0	5	0	0	0	0	0	1029
p__Arthropoda;c__Insecta;o__Hymenoptera;f__Formicidae;g__Oecophylla	Prey - Insect	6	0	0	0	0	0	0	0	0	0	0	0	0	0	0	0	0	0	0	0	0	0	0	0	0	0	0	0	0	0	0	0	0	0	0	0	0	0	0	0	0	0	0	0	0	0	0	3	0	381	0	196	294	0	0	0	0	0	0	0	0	0	0	0	0	0	0	0	0	0	0	0	0	0	0	0	0	0	0	0	0	0	0	0	0	0	0	0	0	0	0	0	0	0	0	0	0	0	0	0	0	0	0	874
p__Arthropoda;c__Insecta;o__Hymenoptera;f__Formicidae;g__Oecophylla;s__smaragdina	Prey - Insect	29	0	0	0	0	0	0	0	0	0	0	0	0	0	0	0	0	0	0	0	0	0	0	0	0	0	0	0	0	0	0	33	92	33	20	120	30	16	142	34	11	44	20	13	48	21	101	127	85	86439	118	35990	69733	7	6	0	0	0	0	0	0	0	0	0	0	0	19	2	7	0	0	0	0	0	0	0	0	0	0	0	0	0	0	0	0	0	0	0	0	0	0	0	0	0	0	0	0	0	0	0	0	0	0	193311
p__Arthropoda;c__Insecta;o__Hymenoptera;f__Formicidae;g__Pheidole	Prey - Insect	1	0	0	0	0	0	0	0	0	0	0	0	0	0	0	0	0	0	0	0	0	0	0	0	0	0	0	0	0	0	0	0	0	0	0	0	0	0	0	0	0	0	0	0	0	0	4	0	0	0	0	0	0	0	0	0	0	0	0	0	0	0	0	0	0	0	0	0	0	0	0	0	0	0	0	0	0	0	0	0	0	0	0	0	0	0	0	0	0	0	0	0	0	0	0	0	0	0	0	0	0	0	0	4
p__Arthropoda;c__Insecta;o__Hymenoptera;f__Formicidae;g__Polyrhachis;s__tibialis	Prey - Insect	1	0	0	0	0	0	0	0	0	0	0	0	0	0	0	0	0	0	0	0	0	0	0	2	0	0	0	0	0	0	0	0	0	0	0	0	0	0	0	0	0	0	0	0	0	0	0	0	0	0	0	0	0	0	0	0	0	0	0	0	0	0	0	0	0	0	0	0	0	0	0	0	0	0	0	0	0	0	0	0	0	0	0	0	0	0	0	0	0	0	0	0	0	0	0	0	0	0	0	0	0	0	0	2
p__Arthropoda;c__Insecta;o__Hymenoptera;f__Formicidae;g__Tapinoma	Prey - Insect	5	0	0	0	0	0	0	0	0	0	0	0	0	0	0	0	0	0	0	0	0	0	0	0	0	0	0	0	0	0	0	0	0	0	0	0	0	0	0	0	0	56	0	0	0	0	0	0	0	0	0	0	0	0	0	0	0	0	0	0	0	0	0	0	0	0	0	0	0	0	4782	0	0	0	0	0	0	0	0	3	0	0	0	0	0	0	0	0	0	0	0	0	0	0	0	0	0	0	0	0	0	0	0	4841
p__Arthropoda;c__Insecta;o__Hymenoptera;f__Formicidae;g__Tapinoma;s__melanocephalum	Prey - Insect	2	0	0	0	0	0	0	0	0	0	0	0	0	0	0	0	0	0	0	0	0	3	0	0	0	0	0	0	0	0	0	4	0	0	0	0	0	0	0	0	0	0	0	0	0	0	0	0	0	0	0	0	0	0	0	0	0	0	0	0	0	0	0	0	0	0	0	0	0	0	0	0	0	0	0	0	0	0	0	0	0	0	0	0	0	0	0	0	0	0	0	0	0	0	0	0	0	0	0	0	0	0	0	7
p__Arthropoda;c__Insecta;o__Hymenoptera;f__Formicidae;g__Tetramorium	Prey - Insect	8	0	0	0	0	0	0	0	0	0	0	0	0	0	0	0	0	0	0	0	0	0	0	0	0	0	0	0	0	0	0	0	0	0	0	0	0	108	91	65	0	0	0	0	0	0	0	0	0	0	0	0	0	0	0	0	0	0	0	0	0	0	0	0	0	0	0	0	0	0	0	0	0	0	0	0	0	0	0	0	0	0	0	0	0	0	0	0	0	0	0	0	0	0	0	0	0	0	0	0	0	0	0	264
p__Arthropoda;c__Insecta;o__Hymenoptera;f__Formicidae;g__Tetramorium;s__pacificum	Prey - Insect	11	0	0	0	0	0	0	0	0	0	0	0	0	0	0	0	0	0	0	0	0	0	0	0	0	0	0	0	0	0	0	0	2	0	0	4	0	2587	4995	1839	0	0	0	0	4	0	6	3	3	0	0	0	0	2	0	0	0	0	0	0	0	0	0	0	0	0	0	0	0	0	0	0	0	0	0	0	0	0	0	0	0	0	0	0	0	0	0	0	0	0	0	0	0	0	0	0	0	0	0	0	0	0	0	9445
p__Arthropoda;c__Insecta;o__Hymenoptera;f__Formicidae;g__Trichomyrmex;s__destructor	Prey - Insect	3	0	0	0	0	0	0	0	0	0	312	0	0	0	12	2	78	0	0	0	0	0	0	0	0	0	0	0	0	0	0	0	0	0	0	0	0	0	0	0	0	0	0	0	0	0	0	0	0	0	0	0	0	0	0	0	0	0	0	0	0	0	0	0	0	0	0	0	0	0	0	0	0	0	0	0	0	0	0	0	0	0	0	0	0	0	0	0	0	0	0	0	0	0	0	0	0	0	0	0	0	0	0	404
p__Arthropoda;c__Insecta;o__Hymenoptera;f__Tenthredinidae	Prey - Insect	1	0	0	0	0	0	0	0	0	0	0	0	0	0	0	0	0	0	0	0	0	0	3	0	0	0	0	0	0	0	0	0	0	0	0	0	0	0	0	0	0	0	0	0	0	0	0	0	0	0	0	0	0	0	0	0	0	0	0	0	0	0	0	0	0	0	0	0	0	0	0	0	0	0	0	0	0	0	0	0	0	0	0	0	0	0	0	0	0	0	0	0	0	0	0	0	0	0	0	0	0	0	0	3
p__Arthropoda;c__Insecta;o__Lepidoptera	Prey - Insect	17	0	0	0	0	0	0	0	0	0	0	0	0	0	0	0	0	0	0	0	0	0	0	0	0	0	0	0	0	0	0	4	0	0	0	0	0	0	0	0	0	0	0	27	0	0	0	0	0	0	0	0	0	0	12	0	0	0	0	0	0	127	59	0	0	0	0	2	0	0	0	0	539	157	0	0	3	0	575	0	275	0	0	0	0	379	0	0	0	0	43	28	89	0	0	0	0	0	0	0	0	0	0	2319
p__Arthropoda;c__Insecta;o__Lepidoptera;f__Bombycidae;g__Trilocha	Prey - Insect	1	0	0	0	0	0	0	0	0	0	0	0	0	0	0	0	0	0	0	0	0	0	0	0	0	0	0	0	0	0	0	0	0	0	0	0	0	0	0	0	0	0	0	0	0	5	0	0	0	0	0	0	0	0	0	0	0	0	0	0	0	0	0	0	0	0	0	0	0	0	0	0	0	0	0	0	0	0	0	0	0	0	0	0	0	0	0	0	0	0	0	0	0	0	0	0	0	0	0	0	0	0	0	5
p__Arthropoda;c__Insecta;o__Lepidoptera;f__Cosmopterigidae	Prey - Insect	1	0	0	0	0	0	0	0	0	0	0	0	0	0	0	0	0	0	0	0	0	0	0	0	0	0	0	0	0	0	0	0	0	0	0	0	0	0	0	0	0	0	0	0	0	0	0	0	0	0	0	0	0	0	0	0	0	0	0	0	0	0	0	0	0	0	0	0	0	0	0	0	12	0	0	0	0	0	0	0	0	0	0	0	0	0	0	0	0	0	0	0	0	0	0	0	0	0	0	0	0	0	0	12
p__Arthropoda;c__Insecta;o__Lepidoptera;f__Crambidae	Prey - Insect	5	0	0	0	0	0	0	0	0	0	0	0	0	0	0	0	0	0	0	0	0	0	0	0	0	0	0	0	0	0	0	86	13	4	0	4	0	42	35	34	0	0	0	0	0	0	0	0	0	0	0	0	0	0	0	0	0	0	0	0	0	0	0	0	0	0	8	2	9	0	0	0	0	0	0	0	0	0	0	0	0	0	0	0	0	0	0	0	0	0	0	45	0	0	0	0	0	0	0	0	0	0	0	282
p__Arthropoda;c__Insecta;o__Lepidoptera;f__Erebidae;g__Hypertrocta	Prey - Insect	1	0	0	0	0	0	0	0	0	0	0	0	0	0	0	0	0	0	0	4	0	0	0	0	0	0	0	0	0	0	0	0	0	0	0	0	0	0	0	0	0	0	0	0	0	0	0	0	0	0	0	0	0	0	0	0	0	0	0	0	0	0	0	0	0	0	0	0	0	0	0	0	0	0	0	0	0	0	0	0	0	0	0	0	0	0	0	0	0	0	0	0	0	0	0	0	0	0	0	0	0	0	0	4
p__Arthropoda;c__Insecta;o__Lepidoptera;f__Erebidae;g__Hypocala	Prey - Insect	1	0	0	0	0	0	0	0	0	0	0	0	0	0	0	0	0	0	0	0	0	0	0	0	0	0	0	0	0	0	0	0	0	0	0	0	0	0	0	0	0	0	0	0	0	2	0	0	0	0	0	0	0	0	0	0	0	0	0	0	0	0	0	0	0	0	0	0	0	0	0	0	0	0	0	0	0	0	0	0	0	0	0	0	0	0	0	0	0	0	0	0	0	0	0	0	0	0	0	0	0	0	0	2
p__Arthropoda;c__Insecta;o__Lepidoptera;f__Erebidae;g__Hypocala;s__toana	Prey - Insect	3	0	0	0	0	0	0	0	0	0	0	0	0	0	0	0	0	0	0	0	0	0	0	0	0	0	0	0	0	0	0	0	0	0	0	0	0	0	0	0	0	0	0	23	60	74	0	0	0	0	0	0	0	0	0	0	0	0	0	0	0	0	0	0	0	0	0	0	0	0	0	0	0	0	0	0	0	0	0	0	0	0	0	0	0	0	0	0	0	0	0	0	0	0	0	0	0	0	0	0	0	0	0	157
p__Arthropoda;c__Insecta;o__Lepidoptera;f__Geometridae	Prey - Insect	6	0	0	0	0	0	0	0	0	0	0	0	0	0	0	0	0	0	0	0	0	0	5	0	0	0	0	0	39	0	0	0	0	0	0	0	0	0	0	0	0	0	0	0	0	0	0	0	0	0	0	0	0	0	0	0	0	0	0	2	0	0	0	0	0	0	0	0	0	0	0	0	0	0	0	0	0	0	0	0	0	0	0	0	0	0	0	0	0	0	0	0	0	4	4	0	0	0	0	0	0	0	0	54
p__Arthropoda;c__Insecta;o__Lepidoptera;f__Geometridae;g__Amblychia	Prey - Insect	2	0	0	0	0	0	0	0	0	0	0	0	0	0	0	0	0	0	0	0	0	0	0	0	0	0	0	0	0	0	0	0	0	0	0	0	0	0	0	0	0	0	0	0	0	0	0	0	0	0	0	0	0	0	0	0	0	0	0	0	0	2	0	0	0	4	0	0	0	0	0	0	0	0	0	0	0	0	0	0	0	0	0	0	0	0	0	0	0	0	0	0	0	0	0	0	0	0	0	0	0	0	0	6
p__Arthropoda;c__Insecta;o__Lepidoptera;f__Geometridae;g__Amblychia;s__angeronaria	Prey - Insect	2	0	0	0	0	0	0	0	0	0	0	0	0	0	0	0	0	0	0	0	0	0	0	0	0	0	0	0	0	0	0	0	0	0	0	0	0	0	0	0	0	0	0	0	0	0	0	0	0	0	0	0	0	0	0	0	0	0	0	0	0	0	0	0	0	0	0	0	0	0	0	2	0	0	0	0	0	0	0	53	0	7	0	3	17	0	30	0	0	0	0	0	0	0	0	0	0	0	0	0	0	0	0	112
p__Arthropoda;c__Insecta;o__Lepidoptera;f__Hesperiidae;g__Pithauria;s__stramineipennis	Prey - Insect	2	0	0	0	0	0	0	0	0	0	0	0	0	0	0	0	0	0	0	0	0	0	0	0	0	0	0	0	0	0	0	0	0	0	0	0	0	0	0	0	0	0	0	0	0	0	0	0	0	0	0	0	0	0	0	0	0	0	0	0	0	0	458	0	0	0	0	0	0	0	0	0	0	0	0	0	0	0	0	0	0	0	0	0	0	0	0	0	0	0	0	0	0	0	0	0	0	0	0	0	0	0	0	458
p__Arthropoda;c__Insecta;o__Lepidoptera;f__Lycaenidae;g__Celastrina;s__lavendularis	Prey - Insect	1	0	0	0	0	0	0	0	0	0	0	0	0	0	0	0	0	0	0	0	0	0	0	0	0	0	0	0	0	0	0	0	0	0	0	0	0	0	0	0	0	0	0	0	0	0	0	0	0	0	0	0	0	0	0	0	0	0	0	0	0	0	0	0	0	0	0	0	0	0	0	0	0	0	0	0	0	0	0	0	0	0	0	0	0	0	0	0	0	0	60	0	0	0	0	0	0	0	0	0	0	0	0	60
p__Arthropoda;c__Insecta;o__Lepidoptera;f__Noctuidae;g__Athetis	Prey - Insect	1	0	0	0	0	0	0	0	0	0	0	0	0	0	0	0	0	0	0	0	0	0	0	0	0	0	3	0	0	0	0	0	0	0	0	0	0	0	0	0	0	0	0	0	0	0	0	0	0	0	0	0	0	0	0	0	0	0	0	0	0	0	0	0	0	0	0	0	0	0	0	0	0	0	0	0	0	0	0	0	0	0	0	0	0	0	0	0	0	0	0	0	0	0	0	0	0	0	0	0	0	0	0	3
p__Arthropoda;c__Insecta;o__Lepidoptera;f__Nymphalidae	Prey - Insect	1	0	0	0	0	0	0	0	0	0	0	0	0	0	0	0	0	0	0	0	0	0	0	0	0	0	0	0	0	0	0	0	0	0	0	0	0	0	0	0	0	0	0	0	0	0	0	0	0	0	0	0	0	0	0	0	0	0	0	0	0	0	0	0	0	0	0	0	0	0	0	0	0	0	0	0	0	0	0	0	0	0	0	0	0	5	0	0	0	0	0	0	0	0	0	0	0	0	0	0	0	0	0	5
p__Arthropoda;c__Insecta;o__Lepidoptera;f__Nymphalidae;g__Charaxes	Prey - Insect	1	0	0	0	0	0	0	0	0	0	0	0	0	0	0	0	0	0	0	0	0	0	0	0	0	0	0	0	0	0	0	0	0	0	0	0	0	0	0	0	0	0	0	0	0	0	0	0	0	0	0	0	0	0	0	0	0	0	0	0	0	0	0	0	0	0	0	0	0	0	0	0	0	0	0	0	0	0	0	0	0	0	0	0	0	0	0	0	0	0	0	0	0	0	249	0	0	0	0	0	0	0	0	249
p__Arthropoda;c__Insecta;o__Lepidoptera;f__Papilionidae;g__Papilio	Prey - Insect	2	0	0	0	0	0	0	0	0	0	0	0	0	0	0	0	0	0	0	0	0	0	0	0	0	0	0	0	0	0	0	0	0	0	0	0	0	0	0	0	0	0	0	0	0	0	0	0	0	0	0	0	0	0	0	0	0	0	0	0	0	0	0	0	0	0	0	0	0	0	0	0	0	0	0	0	0	0	0	6	0	0	0	0	0	0	6	0	0	0	0	0	0	0	0	0	0	0	0	0	0	0	0	12
p__Arthropoda;c__Insecta;o__Lepidoptera;f__Papilionidae;g__Papilio;s__helenus	Prey - Insect	6	0	0	0	0	0	0	0	0	0	0	0	0	0	0	0	0	0	0	0	0	0	0	0	0	0	0	0	0	0	0	0	0	0	0	0	0	0	0	0	0	0	0	0	0	0	0	0	0	0	0	0	0	0	0	0	0	0	0	8	0	0	8	0	0	12	0	0	6	0	0	9	0	0	5	0	0	6	0	283	3	0	0	3	148	0	322	0	0	0	0	0	0	0	0	0	0	0	0	0	0	0	0	813
p__Arthropoda;c__Insecta;o__Lepidoptera;f__Papilionidae;g__Papilio;s__memnon	Prey - Insect	1	0	0	0	0	0	0	0	0	0	0	0	0	0	0	0	0	0	0	0	0	0	0	0	0	0	0	0	0	0	0	0	0	0	0	0	0	0	0	0	0	0	0	0	0	0	0	0	0	0	0	0	0	0	0	0	0	0	0	0	0	0	0	0	0	0	0	0	0	0	0	0	0	0	0	0	0	0	0	33	0	0	0	0	9	0	0	0	0	0	0	0	0	0	0	0	0	0	0	0	0	0	0	42
p__Arthropoda;c__Insecta;o__Lepidoptera;f__Papilionidae;g__Papilio;s__nephelus	Prey - Insect	3	0	0	0	0	0	0	0	0	0	0	0	0	0	0	0	0	0	0	0	0	0	0	0	0	0	0	0	0	0	0	0	0	0	0	0	0	0	0	0	0	0	0	0	0	0	0	0	0	0	0	0	0	0	0	0	0	0	0	0	0	0	0	0	2	0	0	0	0	0	0	0	0	0	0	0	0	0	0	88	0	0	0	0	73	0	0	0	0	0	0	0	0	0	0	0	0	0	0	0	0	0	0	163
p__Arthropoda;c__Insecta;o__Lepidoptera;f__Pyralidae	Prey - Insect	1	0	0	0	0	0	0	0	0	0	0	0	0	0	0	0	0	0	0	0	0	0	0	0	0	0	0	0	0	0	0	0	0	0	0	0	0	0	0	0	0	0	0	0	0	0	0	0	0	0	0	0	0	0	0	0	0	0	0	0	0	0	0	0	0	0	0	0	0	0	0	0	0	0	0	9	0	18	0	0	0	0	21	0	0	0	0	0	0	0	0	0	0	0	0	0	0	0	0	0	0	0	0	48
p__Arthropoda;c__Insecta;o__Lepidoptera;f__Tineidae;g__Phereoeca;s__sp.	Prey - Insect	1	0	0	0	0	0	0	0	0	0	0	0	0	0	0	0	0	0	0	0	0	0	0	0	0	0	0	0	0	0	0	0	0	0	0	0	0	0	0	0	0	0	0	0	0	0	0	0	0	0	0	0	0	0	0	0	0	0	0	0	0	0	0	0	0	0	0	0	3	0	0	0	0	0	0	0	0	0	0	0	0	0	0	0	0	0	0	0	0	0	0	0	0	0	0	0	0	0	0	0	0	0	0	3
p__Arthropoda;c__Insecta;o__Megaloptera;f__Corydalidae;g__Neoneuromus	Prey - Insect	3	0	0	0	0	0	0	0	0	0	0	0	0	0	0	0	0	0	0	0	0	0	0	0	0	0	0	0	0	0	0	0	0	0	0	0	0	0	0	0	0	0	0	0	0	0	0	0	0	0	0	0	0	0	0	0	0	0	0	0	0	0	0	0	2	0	0	0	0	0	0	0	0	2	0	0	40	0	0	0	0	6	0	4	0	0	0	0	0	0	0	0	0	0	0	0	0	0	0	0	0	0	0	54
p__Arthropoda;c__Insecta;o__Neuroptera;f__Myrmeleontidae;g__Myrmeleon;s__sp.	Prey - Insect	1	0	0	0	0	0	0	0	0	0	0	0	0	0	0	0	0	0	0	0	0	0	0	0	0	0	0	0	0	0	0	0	0	0	0	0	0	0	0	0	0	0	0	0	0	5	0	0	0	0	0	0	0	0	0	0	0	0	0	0	0	0	0	0	0	0	0	0	0	0	0	0	0	0	0	0	0	0	0	0	0	0	0	0	0	0	0	0	0	0	0	0	0	0	0	0	0	0	0	0	0	0	0	5
p__Arthropoda;c__Insecta;o__Odonata	Prey - Insect	11	0	0	0	0	0	0	0	0	0	0	0	0	0	0	0	0	0	0	0	0	0	0	0	0	0	0	0	0	0	0	7	3	0	10	4	0	14	3	0	0	0	0	0	0	0	0	0	0	0	47	0	0	56	0	0	0	84	5	0	0	0	0	2276	1280	17	0	2	0	0	0	0	0	4	0	24	2	0	0	0	0	0	3	0	0	0	0	0	0	0	0	0	0	0	0	0	0	0	0	0	0	0	0	3841
p__Arthropoda;c__Insecta;o__Odonata;f__Aeshnidae;g__Asiagomphus	Prey - Insect	1	0	0	0	0	0	0	0	0	0	0	0	0	0	0	0	0	0	0	0	0	0	0	0	0	0	0	0	0	0	0	0	0	0	2	0	0	0	0	0	0	0	0	0	0	0	0	0	0	0	0	0	0	0	0	0	0	0	0	0	0	0	0	0	0	0	0	0	0	0	0	0	0	0	0	0	0	0	0	0	0	0	0	0	0	0	0	0	0	0	0	0	0	0	0	0	0	0	0	0	0	0	0	2
p__Arthropoda;c__Insecta;o__Odonata;f__Aeshnidae;g__Periaeschna	Prey - Insect	1	0	0	0	0	0	0	0	0	0	0	0	0	0	0	0	0	0	0	0	0	0	0	0	0	0	0	0	0	0	0	11	6	0	0	0	0	0	0	0	0	0	0	0	0	0	0	0	0	0	0	0	0	0	0	0	0	0	0	0	0	0	0	0	0	0	0	0	0	0	0	0	0	0	0	0	0	0	0	0	0	0	0	0	0	0	0	0	0	0	0	0	0	0	0	0	0	0	0	0	0	0	0	17
p__Arthropoda;c__Insecta;o__Odonata;f__Gomphidae;g__Burmagomphus	Prey - Insect	1	0	0	0	0	0	0	0	0	0	0	0	0	0	0	0	0	0	0	0	0	0	0	0	0	0	0	0	0	0	0	0	0	0	0	4	0	0	0	0	0	0	0	0	0	0	0	0	0	0	0	0	0	0	0	0	0	0	0	0	0	0	0	0	0	0	0	0	0	0	0	0	0	0	0	0	0	0	0	0	0	0	0	0	0	0	0	0	0	0	0	0	0	0	0	0	0	0	0	0	0	0	0	4
p__Arthropoda;c__Insecta;o__Odonata;f__Gomphidae;g__Burmagomphus;s__williamsoni	Prey - Insect	1	0	0	0	0	0	0	0	0	0	0	0	0	0	0	0	0	0	0	0	0	0	0	0	0	0	0	0	0	0	0	0	0	0	0	0	0	0	0	0	0	19	0	0	0	0	0	0	0	0	0	0	0	0	0	0	0	0	0	0	0	0	0	0	0	0	0	0	0	0	0	0	0	0	0	0	0	0	0	0	0	0	0	0	0	0	0	0	0	0	0	0	0	0	0	0	0	0	0	0	0	0	0	19
p__Arthropoda;c__Insecta;o__Odonata;f__Macromiidae	Prey - Insect	4	0	0	0	0	0	0	0	0	0	0	0	0	0	0	0	0	0	18	0	0	0	0	0	0	0	0	0	4	0	0	0	0	0	0	0	0	0	0	0	0	0	0	0	0	0	0	0	0	0	0	0	0	0	0	0	0	0	0	0	0	0	0	0	0	0	0	0	0	0	0	0	0	0	0	0	0	0	0	0	0	0	0	0	0	0	0	0	0	0	0	2	0	0	0	0	0	0	0	0	3	0	0	27
p__Arthropoda;c__Insecta;o__Odonata;f__Macromiidae;g__Macromia	Prey - Insect	6	0	0	0	0	0	0	0	0	0	0	0	0	0	0	0	0	0	66	0	0	0	0	0	0	0	24	0	0	0	0	0	3	0	0	0	0	0	0	0	0	0	0	0	0	0	0	0	0	0	0	0	0	0	0	0	0	0	0	0	0	0	0	0	0	0	13	8	12	0	0	0	0	0	0	0	0	0	0	0	0	0	0	0	0	0	0	0	0	0	0	0	0	0	0	0	0	0	0	0	0	0	0	126
p__Arthropoda;c__Insecta;o__Orthoptera;f__Acrididae;g__Pseudoxya;s__diminuta	Prey - Insect	2	0	0	0	0	0	0	0	0	0	0	0	0	0	0	0	0	0	0	0	0	0	0	0	0	0	0	0	0	0	0	0	0	0	0	0	0	0	0	0	0	0	0	0	0	0	0	0	0	0	0	0	0	0	0	0	0	0	0	0	0	0	0	0	0	0	32	56	61	0	0	0	0	0	0	0	0	0	0	0	0	0	0	0	0	0	0	0	0	0	0	0	0	0	0	0	0	0	0	0	0	0	0	149
p__Arthropoda;c__Insecta;o__Orthoptera;f__Gryllotalpidae	Prey - Insect	3	0	0	0	0	0	0	0	0	0	0	0	0	0	0	0	0	0	0	0	0	0	0	0	0	0	0	0	0	0	0	0	0	0	0	0	0	0	0	0	0	0	0	0	60	0	0	0	0	2	0	0	0	0	0	0	0	0	0	0	0	0	0	0	0	0	0	0	0	0	0	0	0	0	0	0	0	0	0	0	0	0	0	0	0	0	0	0	0	0	0	0	0	0	0	0	0	0	0	0	0	0	0	62
p__Arthropoda;c__Insecta;o__Orthoptera;f__Tetrigidae	Prey - Insect	8	0	0	0	0	0	0	0	0	0	0	0	0	0	0	0	0	0	0	0	0	0	8	0	0	0	0	0	9	0	0	0	0	0	0	0	0	0	0	0	0	0	0	0	0	0	0	0	0	0	0	0	0	0	0	0	0	0	0	0	0	0	0	0	0	0	0	0	0	0	0	0	0	0	0	0	0	0	0	0	0	0	0	0	0	0	0	0	0	0	0	0	0	0	2	0	0	0	0	0	0	0	3	22
p__Arthropoda;c__Insecta;o__Orthoptera;f__Tetrigidae;g__Scelimena	Prey - Insect	7	0	0	0	0	0	0	0	0	0	0	0	0	0	0	0	0	0	0	0	0	0	0	0	0	0	0	0	0	0	0	0	0	0	0	0	0	0	0	0	0	0	0	0	0	0	0	0	0	0	0	0	0	0	0	0	0	0	0	0	463	989	4229	0	0	0	0	0	0	0	0	0	0	0	0	0	0	3	0	0	0	0	0	0	0	0	0	0	0	0	0	0	0	0	0	0	0	0	0	0	0	0	0	5684
p__Arthropoda;c__Insecta;o__Orthoptera;f__Tetrigidae;g__Zhengitettix	Prey - Insect	1	0	0	0	0	0	0	0	0	0	0	0	0	0	0	0	0	0	0	0	0	0	7	0	0	0	0	0	0	0	0	0	0	0	0	0	0	0	0	0	0	0	0	0	0	0	0	0	0	0	0	0	0	0	0	0	0	0	0	0	0	0	0	0	0	0	0	0	0	0	0	0	0	0	0	0	0	0	0	0	0	0	0	0	0	0	0	0	0	0	0	0	0	0	0	0	0	0	0	0	0	0	0	7
p__Arthropoda;c__Insecta;o__Orthoptera;f__Tetrigidae;g__Zhengitettix;s__transpicula	Prey - Insect	35	0	0	0	0	0	0	0	0	0	0	0	0	0	0	0	0	0	6	10	67	22	24480	127	0	13	10	260	30149	4	6172	0	0	0	0	0	0	0	0	0	0	0	0	0	0	0	0	0	0	0	0	0	0	0	0	0	0	0	0	0	0	0	0	0	0	0	0	0	0	0	0	0	0	0	0	0	0	0	0	0	0	0	0	0	0	0	0	35	39	355	32	29	642	664	27	20	486	48	15	417	46	37	286	64498
p__Arthropoda;c__Insecta;o__Psocoptera	Prey - Insect	1	0	0	0	5	0	0	0	0	0	0	0	0	0	0	0	0	0	0	0	0	0	0	0	0	0	0	0	0	0	0	0	0	0	0	0	0	0	0	0	0	0	0	0	0	0	0	0	0	0	0	0	0	0	0	0	0	0	0	0	0	0	0	0	0	0	0	0	0	0	0	0	0	0	0	0	0	0	0	0	17	0	0	0	0	0	0	0	0	0	0	0	0	0	0	0	0	0	0	0	0	0	0	22
p__Arthropoda;c__Insecta;o__Psocoptera;f__Amphipsocidae	Prey - Insect	5	0	0	0	0	0	0	0	0	0	0	0	0	0	0	0	0	0	0	0	0	0	50	0	0	3	0	5	115	0	28	0	0	0	0	0	0	0	0	0	0	0	0	0	0	0	0	0	0	0	0	0	0	0	0	0	0	0	0	0	0	0	0	0	0	0	0	0	0	0	0	0	0	0	0	0	0	0	0	0	0	0	0	0	0	0	0	0	0	3	0	0	20	4	0	0	0	0	0	6	0	0	7	241
p__Arthropoda;c__Insecta;o__Psocoptera;f__Ectopsocidae;g__Ectopsocus	Prey - Insect	1	0	0	0	0	0	0	0	0	0	0	0	0	0	0	0	0	0	0	0	0	0	0	0	0	0	0	0	0	0	0	0	0	0	0	0	0	0	0	0	0	0	0	0	0	0	0	0	0	0	0	0	0	0	0	0	0	0	0	0	0	0	0	0	0	0	0	0	0	0	0	0	0	0	0	0	0	0	0	0	2	0	0	0	0	0	0	0	0	0	0	0	0	0	0	0	0	0	0	0	0	0	0	2
p__Arthropoda;c__Insecta;o__Psocoptera;f__Lepidopsocidae	Prey - Insect	8	0	0	0	0	0	0	0	0	0	0	0	0	0	0	0	0	0	2	0	0	0	0	0	0	0	0	0	0	0	0	0	0	0	0	0	0	0	0	0	0	0	0	0	0	0	0	0	0	0	0	0	0	0	0	0	0	0	0	0	0	0	0	0	0	0	0	0	0	0	0	0	0	0	0	0	0	0	0	0	0	0	0	0	0	0	0	0	2	0	0	0	0	0	0	0	0	555	172	230	0	0	0	961
p__Arthropoda;c__Insecta;o__Psocoptera;f__Liposcelididae;g__Liposcelis	Prey - Insect	2	0	0	0	0	0	0	0	0	0	0	0	0	0	0	0	0	0	0	0	0	0	0	0	0	0	0	0	0	0	0	0	0	0	0	0	0	0	0	0	0	0	0	0	0	0	0	48	0	0	0	0	0	0	0	0	0	0	0	0	0	0	0	0	0	0	0	0	0	0	0	0	0	0	0	0	0	0	0	0	0	0	0	0	0	0	0	0	0	0	0	0	0	0	0	0	0	0	0	0	0	0	0	48
p__Arthropoda;c__Insecta;o__Thysanoptera	Prey - Insect	15	0	0	0	0	0	0	0	0	0	0	0	0	0	0	0	0	0	79	0	17	0	0	0	0	0	21	0	0	0	0	0	2	0	0	2	0	2	0	0	0	0	0	2	0	0	0	2	3	2	1708	0	6	404	171	0	0	0	0	0	0	0	0	0	0	0	0	0	0	0	0	0	0	0	0	0	0	0	0	0	0	0	0	0	0	0	0	0	0	0	0	0	0	0	0	0	0	0	0	0	2	0	0	2423
p__Arthropoda;c__Insecta;o__Thysanoptera;f__Phlaeothripidae	Prey - Insect	67	0	0	289	0	0	0	0	0	0	0	0	0	0	0	0	0	41	8	0	6	44	140	2	589	0	0	16	150	21	17	0	10	0	73	147	101	320	1013	590	0	79	0	0	0	0	6	0	0	26	0	2	13	0	0	0	0	6278	6575	3936	0	6	30	48	332	148	19	42	30	1818	2020	4044	1004	62	152	311	1144	387	363	1886	212	186	1332	666	439	707	751	6090	7506	8785	162	721	623	15	5778	6269	5415	1209	1886	1611	69	307	293	85370
p__Arthropoda;c__Insecta;o__Thysanoptera;f__Phlaeothripidae;g__Haplothrips	Prey - Insect	4	0	0	0	0	0	0	0	0	0	0	0	0	0	0	0	0	0	0	0	0	0	0	0	3	0	4	0	0	0	0	0	0	0	0	0	0	0	0	0	0	0	0	0	0	0	0	0	0	0	0	0	0	0	0	0	0	0	0	0	0	0	0	0	0	0	0	0	0	0	0	0	0	0	0	0	0	0	0	0	0	0	0	0	0	0	0	0	0	0	0	0	0	0	0	0	10	0	0	0	0	0	0	17
p__Arthropoda;c__Insecta;o__Thysanoptera;f__Phlaeothripidae;g__Haplothrips;s__tenuipennis	Prey - Insect	10	0	0	0	0	0	0	0	0	0	0	0	0	0	0	0	0	0	97	0	38	0	55	0	280	0	61	0	85	6	8	0	0	0	0	0	0	44	44	37	0	0	0	0	0	0	0	0	0	0	0	0	0	0	0	0	0	156	286	156	0	0	0	0	0	0	0	0	0	0	2	0	2	0	0	0	7	0	0	17	0	0	0	0	0	0	0	8	77	477	0	0	0	5	22	6	46	0	0	11	0	0	0	2033
p__Arthropoda;c__Insecta;o__Thysanoptera;f__Thripidae	Prey - Insect	1	0	0	0	0	0	0	0	0	0	0	0	0	0	0	0	0	0	2	0	0	0	0	0	0	0	0	0	0	0	0	0	0	0	0	0	0	0	0	0	0	0	0	0	0	0	0	0	0	0	0	0	0	0	0	0	0	0	0	0	0	0	0	0	0	0	0	0	0	0	0	0	0	0	0	0	0	0	0	0	0	0	0	0	0	0	0	0	0	0	0	0	0	0	0	0	0	0	0	0	0	0	0	2
p__Arthropoda;c__Insecta;o__Thysanoptera;f__Thripidae;g__Stenchaetothrips;s__biformis	Prey - Insect	3	0	0	0	0	0	0	0	0	0	0	0	0	0	0	0	0	0	0	0	0	0	0	0	0	0	0	0	0	0	0	0	0	0	0	0	0	0	0	0	0	0	0	0	0	0	4	0	0	0	0	106	0	0	0	0	0	0	0	0	0	0	0	0	0	0	0	0	0	0	0	0	0	0	0	0	0	0	0	0	0	0	0	0	0	0	0	0	0	0	0	0	0	0	0	0	0	0	0	0	0	0	0	110
p__Arthropoda;c__Insecta;o__Thysanoptera;f__Thripidae;g__Thrips;s__hawaiiensis	Prey - Insect	1	0	0	0	0	0	0	0	0	0	0	0	0	0	0	0	0	0	0	0	0	0	0	0	0	0	0	0	0	0	0	0	0	0	0	0	0	0	0	0	0	0	0	0	0	0	0	0	0	0	0	0	0	0	3	0	0	0	0	0	0	0	0	0	0	0	0	0	0	0	0	0	0	0	0	0	0	0	0	0	0	0	0	0	0	0	0	0	0	0	0	0	0	0	0	0	0	0	0	0	0	0	0	3
p__Arthropoda;c__Insecta;o__Thysanoptera;f__Thysanoptera;g__Thysanoptera	Prey - Insect	1	0	0	0	0	0	0	0	0	0	0	0	0	0	0	0	0	0	0	0	0	0	0	0	0	0	0	0	17	0	0	0	0	0	0	0	0	0	0	0	0	0	0	0	0	0	0	0	0	0	0	0	0	0	0	0	0	0	0	0	0	0	0	0	0	0	0	0	0	0	0	0	0	0	0	0	0	0	0	0	0	0	0	0	0	0	0	0	0	0	0	0	0	0	0	0	0	0	0	0	0	0	0	17
p__Arthropoda;c__Insecta;o__Trichoptera;f__Calamoceratidae	Prey - Insect	1	0	0	0	0	0	0	0	0	0	0	0	0	0	0	0	0	0	0	0	0	0	0	0	0	0	0	0	0	0	0	0	0	0	0	0	0	0	0	0	0	0	0	0	0	0	0	0	0	0	9	0	0	0	0	0	0	0	0	0	0	0	0	0	0	0	0	0	0	0	0	0	0	0	0	0	0	0	0	0	0	0	0	0	0	0	0	0	0	0	0	0	0	0	0	0	0	0	0	0	0	0	0	9
p__Arthropoda;c__Insecta;o__Trichoptera;f__Ecnomidae	Prey - Insect	1	0	0	0	0	0	0	0	0	0	0	0	0	0	0	0	0	0	0	0	0	0	0	0	0	0	0	0	0	0	0	0	0	0	0	0	0	0	0	0	0	0	0	0	3	0	0	0	0	0	0	0	0	0	0	0	0	0	0	0	0	0	0	0	0	0	0	0	0	0	0	0	0	0	0	0	0	0	0	0	0	0	0	0	0	0	0	0	0	0	0	0	0	0	0	0	0	0	0	0	0	0	0	3
p__Arthropoda;c__Insecta;o__Trichoptera;f__Goeridae	Prey - Insect	1	0	0	0	0	0	0	0	0	0	0	0	0	0	0	0	0	0	0	0	0	0	0	0	0	0	0	0	0	0	0	0	0	0	13	6	0	0	0	0	0	0	0	0	0	0	0	0	0	0	0	0	0	0	0	0	0	0	0	0	0	0	0	0	0	0	0	0	0	0	0	0	0	0	0	0	0	0	0	0	0	0	0	0	0	0	0	0	0	0	0	0	0	0	0	0	0	0	0	0	0	0	0	19
p__Arthropoda;c__Insecta;o__Trichoptera;f__Hydropsychidae	Prey - Insect	4	0	0	8	0	0	0	2	0	0	0	0	0	0	0	0	0	0	0	0	0	0	0	0	0	0	0	0	0	0	0	0	0	0	0	0	0	0	0	0	0	0	0	0	0	0	0	0	0	0	0	0	0	0	0	0	0	0	0	0	0	0	0	0	0	0	56	35	52	0	0	0	0	0	0	0	0	0	0	0	0	0	0	0	0	0	0	0	0	0	0	0	0	0	0	0	0	0	0	0	0	0	0	153
p__Arthropoda;c__Insecta;o__Trichoptera;f__Hydropsychidae;g__Amphipsyche	Prey - Insect	3	0	0	0	0	0	0	0	0	0	0	0	0	0	0	0	0	0	0	0	0	0	0	0	0	0	0	0	0	0	0	0	0	0	0	0	0	0	0	0	0	0	0	0	0	0	0	0	0	0	0	0	0	0	0	0	0	0	0	0	0	68	31	0	0	0	6	5	0	0	0	0	0	0	0	0	0	0	0	0	0	0	0	0	0	0	0	0	0	0	0	0	0	0	0	0	0	0	0	0	0	0	0	110
p__Arthropoda;c__Insecta;o__Trichoptera;f__Hydropsychidae;g__Cheumatopsyche	Prey - Insect	3	0	0	0	0	0	0	0	0	0	0	2	0	0	0	0	0	0	0	0	0	0	0	0	0	0	0	0	0	0	0	0	0	0	0	0	0	0	0	0	0	0	0	0	0	0	0	0	0	0	0	0	0	33	0	0	0	0	0	0	0	0	0	0	0	0	0	0	0	0	0	0	0	0	0	0	0	0	0	0	0	0	0	0	0	0	0	0	0	0	0	0	0	0	0	0	0	0	0	0	0	0	0	35
p__Arthropoda;c__Insecta;o__Trichoptera;f__Hydropsychidae;g__Cheumatopsyche;s__carmentis	Prey - Insect	13	0	3	0	0	6	9	271	0	0	0	3518	41	600	0	1045	0	0	0	0	0	0	0	0	0	0	0	0	0	0	0	0	0	0	0	0	0	0	0	0	0	0	0	0	0	0	0	0	0	0	0	0	0	0	0	0	0	0	0	0	0	0	0	0	0	0	0	0	0	0	0	0	0	0	0	0	0	0	0	0	0	0	0	0	0	0	0	0	0	0	0	0	0	0	0	0	0	0	0	0	0	0	0	5493
p__Arthropoda;c__Insecta;o__Trichoptera;f__Hydropsychidae;g__Hydropsyche;s__gautamittra	Prey - Insect	4	0	0	0	0	0	0	0	0	0	0	0	0	0	0	0	0	0	0	0	0	0	0	0	0	0	0	0	0	0	0	0	0	0	0	0	0	0	0	0	0	0	0	0	0	0	0	0	0	0	2	0	0	0	0	0	0	0	0	0	0	0	0	4	28	3	0	0	0	0	0	0	0	0	0	0	0	0	0	0	0	0	0	0	0	0	0	0	0	0	0	0	0	0	0	0	0	0	0	0	0	0	0	37
p__Arthropoda;c__Insecta;o__Trichoptera;f__Hydropsychidae;g__Potamyia	Prey - Insect	3	0	0	0	0	0	0	0	2	0	0	0	0	13	0	0	0	0	0	0	0	0	0	0	0	0	0	0	0	0	0	0	0	0	0	0	0	0	0	0	0	0	0	0	0	0	0	0	0	0	0	0	0	0	0	0	0	0	0	0	0	0	0	0	0	0	0	0	0	0	0	0	0	0	0	0	0	0	0	0	0	0	0	0	0	0	0	0	0	0	0	0	0	0	0	0	0	0	0	0	0	0	0	15
p__Arthropoda;c__Insecta;o__Trichoptera;f__Hydropsychidae;g__Potamyia;s__flavata	Prey - Insect	24	0	16	5	0	34	22	14210	2	0	4	5	3432	14076	0	0	0	0	0	0	0	0	0	0	0	0	0	0	0	0	0	0	0	0	0	0	0	0	0	0	0	0	0	0	0	0	0	0	0	0	0	0	0	0	0	0	5	0	0	0	0	0	0	0	0	0	0	0	0	0	0	0	0	0	0	0	0	0	0	0	0	0	0	0	0	0	0	0	0	0	0	0	0	0	0	0	0	0	0	0	0	0	0	31811
p__Arthropoda;c__Insecta;o__Trichoptera;f__Lepidostomatidae	Prey - Insect	1	0	0	0	0	0	0	0	0	0	0	0	0	0	0	0	0	0	0	0	0	0	0	3	0	0	0	0	0	0	0	0	0	0	0	0	0	0	0	0	0	0	0	0	0	0	0	0	0	0	0	0	0	0	0	0	0	0	0	0	0	0	0	0	0	0	0	0	0	0	0	0	0	0	0	0	0	0	0	0	0	0	0	0	0	0	0	0	0	0	0	0	0	0	0	0	0	0	0	0	0	0	0	3
p__Arthropoda;c__Insecta;o__Trichoptera;f__Leptoceridae	Prey - Insect	1	0	0	0	0	0	0	0	0	0	0	0	0	0	0	2	0	0	0	0	0	0	0	0	0	0	0	0	0	0	0	0	0	0	0	0	0	0	0	0	0	0	0	0	0	0	0	0	0	0	0	0	0	0	0	0	0	0	0	0	0	0	0	0	0	0	0	0	0	0	0	0	0	0	0	0	0	0	0	0	0	0	0	0	0	0	0	0	0	0	0	0	0	0	0	0	0	0	0	0	0	0	0	2
p__Arthropoda;c__Insecta;o__Trichoptera;f__Leptoceridae;g__Setodes;s__tcharurupa	Prey - Insect	1	0	0	0	0	0	0	0	0	0	0	0	0	0	0	0	0	0	0	0	0	0	0	0	0	0	0	0	0	0	0	0	0	0	0	0	0	0	0	0	0	0	0	0	0	0	0	0	0	0	7	0	0	0	0	0	0	0	0	0	0	0	0	0	0	0	0	0	0	0	0	0	0	0	0	0	0	0	0	0	0	0	0	0	0	0	0	0	0	0	0	0	0	0	0	0	0	0	0	0	0	0	0	7
p__Arthropoda;c__Insecta;o__Trichoptera;f__Philopotamidae;g__Chimarra;s__bimbltona	Prey - Insect	1	0	0	0	0	0	0	0	0	0	0	0	0	0	0	0	0	0	0	0	0	0	0	0	0	0	0	0	0	0	0	0	0	0	0	0	0	0	0	2	0	0	0	0	0	0	0	0	0	0	0	0	0	0	0	0	0	0	0	0	0	0	0	0	0	0	0	0	0	0	0	0	0	0	0	0	0	0	0	0	0	0	0	0	0	0	0	0	0	0	0	0	0	0	0	0	0	0	0	0	0	0	0	2
p__Arthropoda;c__Insecta;o__Trichoptera;f__Polycentropodidae	Prey - Insect	9	0	5	0	0	0	0	605	0	0	5	293	0	0	0	1044	0	0	0	0	0	0	0	0	0	0	0	0	0	0	0	0	0	0	0	0	0	0	0	0	0	20	0	0	0	0	0	0	0	0	2	0	0	0	0	0	0	0	0	0	0	0	0	0	0	0	0	0	0	0	0	0	0	0	0	0	0	0	0	0	0	0	0	0	0	0	0	0	0	0	0	0	0	0	0	0	0	0	0	0	0	0	0	1974
p__Arthropoda;c__Insecta;o__Trichoptera;f__Stenopsychidae;g__Stenopsyche	Prey - Insect	2	0	0	0	0	0	0	0	0	0	0	0	0	0	0	0	0	0	0	0	0	0	0	0	0	0	0	0	0	0	0	0	0	2	0	0	0	0	0	0	0	0	0	0	0	0	0	2	0	0	0	0	0	0	0	0	0	0	0	0	0	0	0	0	0	0	0	0	0	0	0	0	0	0	0	0	0	0	0	0	0	0	0	0	0	0	0	0	0	0	0	0	0	0	0	0	0	0	0	0	0	0	0	4
p__Arthropoda;c__Insecta;o__Trichoptera;f__Stenopsychidae;g__Stenopsyche;s__siamensis	Prey - Insect	1	0	0	0	0	0	0	0	0	0	0	0	0	0	0	0	0	0	0	0	0	0	0	0	0	0	0	0	0	0	0	0	0	0	0	0	7	0	0	0	0	0	0	0	0	0	0	0	0	0	13	0	3	7	131	0	0	0	0	0	0	0	0	0	0	0	0	0	0	0	0	0	0	0	0	0	0	0	0	0	0	0	0	0	0	0	0	0	0	0	0	0	0	0	0	0	0	0	0	0	0	0	0	161
p__Arthropoda;c__Malacostraca;o__Decapoda	Prey - Malacostraca	72	1308	3079	1843	0	3	11	9221	0	0	5	4	0	0	0	0	0	15	0	0	0	0	0	0	0	0	0	0	0	0	0	0	0	0	3	23	26	111	226	81	0	98	0	0	0	0	0	0	3	8769	251	0	0	32	247	488	1230	0	0	0	0	0	0	0	0	0	0	0	0	0	0	0	0	3	0	0	272	0	0	0	0	0	0	0	0	0	0	0	0	0	0	0	0	0	0	0	0	0	0	0	0	0	0	27352
p__Arthropoda;c__Malacostraca;o__Decapoda;f__Palaemonidae	Prey - Malacostraca	128	0	0	0	0	0	4	0	0	0	0	0	0	0	0	0	0	5	0	2	0	0	2	0	8	13	2	0	0	0	0	0	0	0	40	21	9	6	20	5	0	0	3	0	0	0	0	0	0	0	78	0	0	10	0	0	0	53	35	4	17	78	20	0	20	0	24	49	45	0	0	5	2	0	0	361	3	6	0	4	6	0	10	7	13	0	40	5	5	8	23	99	30	0	0	0	11	0	0	0	0	0	0	1211
p__Arthropoda;c__Malacostraca;o__Decapoda;f__Palaemonidae;g__Macrobrachium	Prey - Malacostraca	521	0	0	0	0	99	1940	2	2	0	0	0	0	0	0	0	0	10852	0	14616	11	878	22	739	54842	6719	19	22537	8	696	0	39	94	20	145538	191167	79442	131426	202831	77578	59	126	18	44	119	26	314	299	121	120	193	72	36	237	18	0	0	109047	84955	29569	169487	159351	87736	8576	22144	7075	253243	226794	97874	7318	9313	1479	3900	718	704	31913	14301	9256	91	15974	44	2199	24981	8133	2018	145	2822	6767	7584	9391	4647	4674	4040	109	4014	4628	5644	64	141	68	28	23	57	2386958
p__Arthropoda;c__Malacostraca;o__Decapoda;f__Palaemonidae;g__Macrobrachium;s__dienbienphuense	Prey - Malacostraca	1	0	0	0	0	0	0	0	0	0	0	0	0	0	0	0	0	0	0	0	0	0	0	0	0	0	0	0	0	0	0	0	0	0	0	0	0	0	0	0	0	0	0	0	0	0	0	0	0	0	0	0	0	0	0	0	0	0	0	0	0	0	0	0	0	0	0	0	0	0	0	0	0	0	0	0	0	0	0	0	0	3	0	0	0	0	0	0	0	0	0	0	0	0	0	0	0	0	0	0	0	0	0	3
p__Arthropoda;c__Malacostraca;o__Decapoda;f__Palaemonidae;g__Macrobrachium;s__hendersoni	Prey - Malacostraca	32	0	0	0	0	0	0	0	0	0	0	0	0	0	0	0	0	0	0	0	0	0	0	0	0	0	0	0	0	0	0	0	0	0	0	0	0	0	0	0	0	0	0	0	0	0	0	0	0	0	0	0	0	0	0	0	0	359	577	353	566	1767	3582	4	18	17	9999	21476	19525	34	106	63	20	0	33	0	31	0	4	56	0	0	0	16	0	4	5	0	0	0	0	46	0	0	0	0	0	0	0	0	0	0	0	58661
p__Arthropoda;c__Malacostraca;o__Decapoda;f__Palaemonidae;g__Macrobrachium;s__lanchesteri	Prey - Malacostraca	20	0	0	0	0	0	0	0	0	0	0	0	0	0	0	0	0	0	0	0	0	0	0	0	0	0	0	0	0	0	0	6	8	0	2	12	10	7	19	11	0	0	6	5	0	7	4	9	7	5	12663	2	0	3727	651	0	0	0	0	0	0	0	0	0	0	0	0	0	0	0	0	0	0	0	0	0	0	0	0	0	0	0	0	0	0	0	0	0	0	0	0	0	0	0	0	0	0	0	0	0	0	0	0	17161
p__Arthropoda;c__Malacostraca;o__Decapoda;f__Palaemonidae;g__Macrobrachium;s__niphanae	Prey - Malacostraca	31	0	0	0	0	0	0	0	0	0	0	0	0	0	0	0	0	0	0	0	0	0	0	0	0	0	0	0	0	0	0	18	6	8	49	34	24	32	26	16	7	6	3	11	6	4	50	12	9	0	20623	11	0	26450	804	187	0	0	0	0	0	0	0	0	0	0	0	0	0	0	0	0	0	0	0	0	0	0	0	0	0	0	0	0	0	0	0	0	0	0	0	0	0	0	0	0	0	0	0	0	0	0	0	48396
p__Arthropoda;c__Malacostraca;o__Decapoda;f__Parathelphusidae	Prey - Malacostraca	35	0	15	3	0	45	5	1054	0	0	0	2	0	6	0	0	0	64	0	0	0	0	0	0	0	0	0	0	0	0	0	12	24	16	447	776	420	7339	17000	6524	2	202	10	4	10	11	62	367	216	315	11121	0	21	5467	4939	4499	3696	0	0	0	0	0	0	0	0	0	0	0	0	0	0	0	0	0	0	0	0	0	0	0	0	0	0	0	0	0	0	0	0	0	0	0	0	0	0	0	0	0	0	0	0	0	0	64694
p__Arthropoda;c__Malacostraca;o__Decapoda;f__Potamidae	Prey - Malacostraca	34	0	0	0	0	0	0	0	0	0	0	0	0	0	0	0	0	14	0	792	11	11085	8	9218	314	1313	54	1437	41	6093	0	14939	15917	7481	1444	1823	937	4303	5390	2673	0	0	0	3	2	0	0	0	0	3	0	2	0	2	0	16	57	0	0	0	0	0	0	0	0	0	0	0	0	0	0	0	0	0	0	0	0	0	0	0	7	0	0	0	0	92	0	0	7	0	3	0	6	5	2	4	0	0	0	3	0	0	7	85508
p__Chordata;c__Actinopteri;o__Anabantiformes;f__Channidae	Prey - Fish	5	0	0	0	0	0	0	0	0	0	0	0	0	0	0	0	0	0	0	0	0	0	0	0	0	0	0	0	0	0	0	0	0	0	4	0	0	0	0	0	0	0	3	0	2	0	0	0	0	0	0	13	0	5	0	0	0	0	0	0	0	0	0	0	0	0	0	0	0	0	0	0	0	0	0	0	0	0	0	0	0	0	0	0	0	0	0	0	0	0	0	0	0	0	0	0	0	0	0	0	0	0	0	27
p__Chordata;c__Actinopteri;o__Anabantiformes;f__Channidae;g__Channa	Prey - Fish	38	0	0	0	0	0	0	0	0	0	0	0	0	0	0	0	0	0	0	0	0	0	0	0	0	0	0	0	0	0	0	25	9	0	176	89	29	67	25	26	9	7	19	44	37	33	99	90	49	252	19167	246	73	34381	2762	41	0	0	0	0	0	0	0	0	0	0	0	0	0	0	0	0	0	0	0	0	0	0	0	0	0	0	0	0	0	0	0	0	0	0	5	0	0	0	5	0	0	0	0	0	0	0	0	57765
p__Chordata;c__Actinopteri;o__Anabantiformes;f__Channidae;g__Channa;s__gachua	Prey - Fish	2	0	0	0	0	0	0	0	0	0	0	0	0	0	0	0	0	0	0	0	0	0	0	0	0	0	0	0	0	0	0	0	0	0	0	0	0	0	0	0	0	0	0	0	0	0	0	0	0	0	0	0	0	0	0	0	0	23	22	0	0	0	0	0	0	0	0	0	0	0	11	0	0	0	0	0	0	0	0	0	0	0	0	0	0	0	0	0	0	0	0	0	0	0	0	0	0	0	0	0	0	0	0	56
p__Chordata;c__Actinopteri;o__Anabantiformes;f__Channidae;g__Channa;s__striata	Prey - Fish	14	0	11	0	30	4582	1910	5	0	0	0	0	0	0	0	3	0	0	0	0	0	0	0	0	0	0	0	0	0	0	0	0	0	0	0	5	0	0	0	0	0	0	0	0	0	0	0	0	0	0	0	0	0	0	0	0	0	0	0	0	0	0	0	0	0	0	0	0	0	0	0	0	0	0	0	0	0	0	0	0	0	0	0	0	0	0	0	0	0	0	0	0	0	0	0	0	0	0	0	0	0	0	0	6546
p__Chordata;c__Actinopteri;o__Anabantiformes;f__Osphronemidae;g__Trichopodus;s__trichopterus	Prey - Fish	1	65	20	0	0	0	0	0	0	0	0	0	0	0	0	0	0	0	0	0	0	0	0	0	0	0	0	0	0	0	0	0	0	0	0	0	0	0	0	0	0	0	0	0	0	0	0	0	0	0	0	0	0	0	0	0	0	0	0	0	0	0	0	0	0	0	0	0	0	0	0	0	0	0	0	0	0	0	0	0	0	0	0	0	0	0	0	0	0	0	0	0	0	0	0	0	0	0	0	0	0	0	0	85
p__Chordata;c__Actinopteri;o__Cichliformes;f__Cichlidae	Prey - Fish	6	0	24	0	0	0	0	0	0	0	0	0	0	0	0	0	0	0	0	0	0	0	0	0	0	0	0	0	0	0	0	0	0	0	0	0	0	0	0	0	0	0	0	0	0	0	0	0	0	2	0	0	0	0	0	0	0	0	0	0	0	0	0	0	0	0	0	0	0	0	0	0	0	0	0	0	0	8	0	0	0	0	0	7	0	0	0	0	0	0	0	0	0	0	0	0	0	0	0	0	0	0	0	41
p__Chordata;c__Actinopteri;o__Cichliformes;f__Cichlidae;g__Oreochromis	Prey - Fish	1	0	395	0	0	0	0	0	0	0	0	0	0	0	0	5	0	0	0	0	0	0	0	0	0	0	0	0	0	0	0	0	0	0	0	0	0	0	0	0	0	0	0	0	0	0	0	0	0	0	0	0	0	0	0	0	0	0	0	0	0	0	0	0	0	0	0	0	0	0	0	0	0	0	0	63	0	0	0	0	0	0	0	0	0	0	0	0	0	0	0	0	0	0	0	0	0	0	0	0	0	0	0	463
p__Chordata;c__Actinopteri;o__Cypriniformes;f__Cobitidae;g__Acantopsis	Prey - Fish	2	0	0	0	0	0	0	0	0	0	0	0	892	0	0	0	0	0	0	0	0	0	0	0	0	0	0	0	0	0	0	0	0	0	0	0	0	0	0	0	0	0	0	0	0	0	0	0	0	0	0	0	0	0	0	0	0	0	0	0	0	0	0	0	0	0	0	0	0	0	0	0	0	0	0	0	0	0	0	0	0	0	0	0	0	0	0	0	0	0	0	0	0	0	0	0	0	0	0	0	0	0	0	892
p__Chordata;c__Actinopteri;o__Cypriniformes;f__Cobitidae;g__Lepidocephalichthys	Prey - Fish	1	0	0	0	0	0	0	0	0	0	0	0	0	0	0	0	0	0	0	0	0	0	0	0	0	0	0	0	0	0	0	0	0	0	0	0	0	0	0	0	0	0	0	0	0	0	0	0	0	0	0	0	0	0	0	0	0	0	0	0	0	0	0	0	0	0	0	0	0	0	0	0	0	0	0	0	0	0	0	0	0	0	0	0	0	0	0	0	0	0	0	0	0	0	0	0	0	0	0	0	0	2	0	2
p__Chordata;c__Actinopteri;o__Cypriniformes;f__Cyprinidae	Prey - Fish	37	0	2	2	2	0	4	15	5	0	0	2	27	104	0	8	0	0	0	0	0	4	0	0	0	6	0	0	7	0	0	0	0	0	3	2	0	0	0	0	0	0	0	0	4	0	5	0	0	3	0	0	0	13	0	0	0	0	0	0	0	0	0	0	0	0	0	3	0	0	0	0	4	0	2	0	0	0	0	0	0	0	0	0	0	0	0	0	0	0	6	0	0	0	0	0	0	7460	1014	85	74	3	0	8869
p__Chordata;c__Actinopteri;o__Cypriniformes;f__Cyprinidae;g__Barbodes	Prey - Fish	33	0	0	0	0	0	0	0	0	0	0	0	0	0	0	0	0	0	0	0	0	0	0	0	0	0	0	0	0	0	0	8	0	0	11	0	0	9	6	0	4	0	4	11	10	0	7	4	0	369	838	1047	47	4989	60	0	0	5	0	0	2	5	0	0	3	0	0	0	0	0	0	2	10	0	0	0	0	0	5703	0	379	0	0	0	4	478	0	0	0	0	0	0	0	0	0	0	0	0	0	0	0	0	0	14015
p__Chordata;c__Actinopteri;o__Cypriniformes;f__Cyprinidae;g__Barbonymus;s__altus	Prey - Fish	3	0	0	0	0	289	23	0	0	0	0	0	0	0	0	0	0	0	0	0	0	0	0	0	0	0	0	0	0	0	0	0	0	0	0	0	0	0	0	0	0	0	0	0	0	0	0	0	0	0	0	0	0	0	0	0	0	0	0	0	0	0	0	0	0	0	0	0	0	0	0	0	0	0	0	0	0	0	0	0	0	0	0	0	0	0	0	0	0	0	0	0	0	0	0	0	0	0	0	0	0	0	0	312
p__Chordata;c__Actinopteri;o__Cypriniformes;f__Cyprinidae;g__Barbonymus;s__gonionotus	Prey - Fish	2	8	0	0	39	0	0	38	122	11	0	0	23	0	3	0	0	0	0	0	0	0	0	0	0	0	0	0	0	0	0	0	0	0	0	0	0	0	0	0	0	0	0	0	0	0	0	0	0	0	0	0	0	0	0	0	0	0	0	0	0	0	0	0	0	0	0	0	0	0	0	0	0	0	0	0	0	0	0	0	0	0	0	0	0	0	0	0	0	0	0	0	0	0	0	0	0	0	0	0	0	0	0	244
p__Chordata;c__Actinopteri;o__Cypriniformes;f__Cyprinidae;g__Cirrhinus	Prey - Fish	8	0	0	0	0	0	0	146	186	0	0	0	0	0	0	0	0	0	0	0	0	0	0	0	0	0	0	0	0	0	0	0	0	0	0	0	0	0	0	0	0	0	0	0	0	0	0	0	0	0	0	0	0	0	0	0	0	3	0	0	0	2	0	0	3	0	0	0	0	157	76	0	186	0	0	26	0	0	0	0	0	0	0	0	0	0	0	0	0	0	0	0	0	0	0	0	0	0	0	0	0	0	0	785
p__Chordata;c__Actinopteri;o__Cypriniformes;f__Cyprinidae;g__Cirrhinus;s__molitorella	Prey - Fish	1	0	0	0	0	0	0	0	3	0	0	0	0	0	0	0	0	0	0	0	0	0	0	0	0	0	0	0	0	0	0	0	0	0	0	0	0	0	0	0	0	0	0	0	0	0	0	0	0	0	0	0	0	0	0	0	0	0	0	0	0	0	0	0	0	0	0	0	0	0	0	0	0	0	0	0	0	0	0	0	0	0	0	0	0	0	0	0	0	0	0	0	0	0	0	0	0	0	0	0	0	0	0	3
p__Chordata;c__Actinopteri;o__Cypriniformes;f__Cyprinidae;g__Cyclocheilichthys;s__repasson	Prey - Fish	2	0	0	0	8	110	131	0	0	0	0	0	0	0	0	0	0	0	0	0	0	0	0	0	0	0	0	0	0	0	0	0	0	0	0	0	0	0	0	0	0	0	0	0	0	0	0	0	0	0	0	0	0	0	0	0	0	0	0	0	0	0	0	0	0	0	0	0	0	0	0	0	0	0	0	0	0	0	0	0	0	0	0	0	0	0	0	0	0	0	0	0	0	0	0	0	0	0	0	0	0	0	0	249
p__Chordata;c__Actinopteri;o__Cypriniformes;f__Cyprinidae;g__Garra	Prey - Fish	1	0	0	0	0	0	0	0	0	0	0	0	0	0	0	0	0	0	0	0	0	0	0	0	0	0	0	0	0	0	0	0	0	0	0	3	0	0	0	0	0	0	0	0	0	0	0	0	0	0	0	0	0	0	0	0	0	0	0	0	0	0	0	0	0	0	0	0	0	0	0	0	0	0	0	0	0	0	0	0	0	0	0	0	0	0	0	0	0	0	0	0	0	0	0	0	0	0	0	0	0	0	0	3
p__Chordata;c__Actinopteri;o__Cypriniformes;f__Cyprinidae;g__Garra;s__cambodgiensis	Prey - Fish	1	0	0	0	0	0	0	0	0	0	0	0	0	0	0	0	0	0	0	0	0	0	0	0	0	0	0	0	0	0	0	0	0	0	0	0	0	2	0	0	0	0	0	0	3	0	0	0	0	131	0	107	9	0	0	0	0	0	0	0	0	0	0	0	0	0	0	0	0	0	0	0	0	0	0	0	0	0	0	0	0	0	0	0	0	0	0	0	0	0	0	0	0	0	0	0	0	0	0	0	0	0	0	252
p__Chordata;c__Actinopteri;o__Cypriniformes;f__Cyprinidae;g__Hampala	Prey - Fish	4	0	0	0	0	0	0	0	0	0	0	0	0	0	0	0	0	0	0	0	0	0	0	0	0	0	0	0	0	0	0	0	0	0	0	0	0	0	0	0	0	0	0	0	0	6	0	3	10	0	0	0	0	0	0	0	0	0	0	0	0	0	0	0	0	0	0	0	0	0	0	0	0	0	0	0	0	0	0	0	0	0	0	0	0	0	0	0	0	0	0	0	0	0	0	0	0	0	0	0	0	0	0	19
p__Chordata;c__Actinopteri;o__Cypriniformes;f__Cyprinidae;g__Hampala;s__macrolepidota	Prey - Fish	66	0	0	0	0	0	0	5	0	0	0	0	0	56	0	0	0	0	0	0	0	0	0	0	0	0	0	0	0	0	0	26	16	14	87	29	42	74	30	51	36118	8781	25354	25684	15061	15859	42188	3500	33542	7	20	37	41	53	0	0	0	0	0	0	2	0	0	2	0	2	0	0	0	2	0	0	3550	0	326	125	0	18	0	0	0	0	0	0	0	0	0	0	0	0	0	0	0	0	0	0	0	0	0	0	0	0	0	210702
p__Chordata;c__Actinopteri;o__Cypriniformes;f__Cyprinidae;g__Henicorhynchus	Prey - Fish	1	0	0	0	0	3	0	0	0	0	0	0	0	0	0	0	0	0	0	0	0	0	0	0	0	0	0	0	0	0	0	0	0	0	0	0	0	0	0	0	0	0	0	0	0	0	0	0	0	0	0	0	0	0	0	0	0	0	0	0	0	0	0	0	0	0	0	0	0	0	0	0	0	0	0	0	0	0	0	0	0	0	0	0	0	0	0	0	0	0	0	0	0	0	0	0	0	0	0	0	0	0	0	3
p__Chordata;c__Actinopteri;o__Cypriniformes;f__Cyprinidae;g__Henicorhynchus;s__siamensis	Prey - Fish	8	117	416	39	0	0	0	0	0	0	0	195	0	0	0	165	0	0	0	0	0	0	0	0	0	0	0	0	0	0	0	0	0	0	0	0	0	0	0	0	0	0	0	0	0	0	0	0	0	0	0	0	0	0	0	0	0	0	0	0	0	0	0	0	0	0	0	0	0	0	0	0	0	0	0	0	0	0	0	0	0	0	0	0	0	0	0	0	0	0	0	0	0	0	0	0	0	0	0	0	0	0	0	932
p__Chordata;c__Actinopteri;o__Cypriniformes;f__Cyprinidae;g__Hypsibarbus	Prey - Fish	4	0	0	0	0	0	0	0	0	0	0	0	0	0	0	0	0	0	0	0	0	0	0	0	0	0	0	0	0	0	0	0	0	0	5	0	0	0	0	0	5	0	0	210	0	0	0	0	0	0	0	0	0	6	0	0	0	0	0	0	0	0	0	0	0	0	0	0	0	0	0	0	0	0	0	0	0	0	0	0	0	0	0	0	0	0	0	0	0	0	0	0	0	0	0	0	0	0	0	0	0	0	0	226
p__Chordata;c__Actinopteri;o__Cypriniformes;f__Cyprinidae;g__Hypsibarbus;s__vernayi	Prey - Fish	11	0	0	0	0	0	0	16	0	0	0	0	261	0	0	0	0	0	0	0	0	0	0	0	0	0	0	0	0	0	0	5	0	0	0	0	0	3	0	0	0	0	0	10245	971	288	16	0	0	0	0	0	0	0	0	0	0	0	0	0	0	0	0	0	0	0	0	0	0	0	0	0	0	0	0	0	0	0	0	0	0	0	0	0	0	0	0	0	0	0	0	0	0	0	0	0	0	0	0	0	0	0	0	11805
p__Chordata;c__Actinopteri;o__Cypriniformes;f__Cyprinidae;g__Labiobarbus	Prey - Fish	3	0	7	4	0	0	0	0	0	0	0	6	0	0	0	2	0	0	0	0	0	0	0	0	0	0	0	0	0	0	0	0	0	0	0	0	0	0	0	0	0	0	0	0	0	0	0	0	0	0	0	0	0	0	0	0	0	0	0	0	0	0	0	0	0	0	0	0	0	0	0	0	0	0	0	0	0	0	0	0	0	0	0	0	0	0	0	0	0	0	0	0	0	0	0	0	0	0	0	0	0	0	0	19
p__Chordata;c__Actinopteri;o__Cypriniformes;f__Cyprinidae;g__Labiobarbus;s__lineatus	Prey - Fish	17	0	0	0	13	0	0	129	0	2938	0	1441	848	73	0	1505	0	0	0	0	0	0	0	0	0	0	0	0	0	0	0	0	0	0	0	0	0	0	0	0	0	0	0	0	0	0	0	0	0	0	0	0	0	0	0	2	0	0	0	0	0	0	0	0	0	0	0	0	0	0	0	0	0	0	0	0	0	0	0	0	0	0	0	0	0	0	0	0	0	0	0	0	0	0	0	0	0	0	0	0	0	0	0	6949
p__Chordata;c__Actinopteri;o__Cypriniformes;f__Cyprinidae;g__Labiobarbus;s__siamensis	Prey - Fish	7	139	1197	97	0	0	0	0	0	0	197	0	0	0	13	0	2	0	0	0	0	0	0	0	0	0	0	0	0	0	0	0	0	0	0	0	0	0	0	0	0	0	0	0	0	0	0	0	0	0	0	0	0	0	0	0	0	0	0	0	0	0	0	0	0	0	0	0	0	0	0	0	0	0	0	0	0	0	0	0	0	0	0	0	0	0	0	0	0	0	0	0	0	0	0	0	0	0	0	0	0	0	0	1645
p__Chordata;c__Actinopteri;o__Cypriniformes;f__Cyprinidae;g__Lobocheilos	Prey - Fish	19	0	6	0	29	10	7	3431	5	5	0	0	16770	1142	2	0	0	0	0	0	0	0	0	0	0	0	0	0	0	0	0	0	0	0	0	0	0	0	0	0	0	0	0	0	0	0	0	0	0	0	0	0	0	0	0	0	0	0	0	0	3	0	0	3	0	0	0	0	0	6	0	0	3212	0	0	0	0	0	2	0	0	0	0	0	0	0	0	0	0	0	0	0	0	0	0	0	0	0	0	0	0	0	0	24633
p__Chordata;c__Actinopteri;o__Cypriniformes;f__Cyprinidae;g__Mystacoleucus	Prey - Fish	10	2	0	0	0	0	0	64	0	253	0	0	329	0	0	5	0	0	0	0	0	0	0	0	0	0	0	0	0	0	0	0	0	0	0	0	0	0	0	0	0	0	0	0	0	0	0	0	0	0	0	0	0	0	0	0	0	0	0	0	0	0	0	0	0	0	0	0	0	59	0	0	0	0	0	0	0	0	0	0	0	0	0	0	0	0	0	0	0	0	0	0	0	0	0	0	0	0	0	0	0	0	0	712
p__Chordata;c__Actinopteri;o__Cypriniformes;f__Cyprinidae;g__Mystacoleucus;s__marginatus	Prey - Fish	3	2	0	0	8	0	0	40	0	926	0	126	380	47	0	273	0	0	0	0	0	0	0	0	0	0	0	0	0	0	0	0	0	0	0	0	0	0	0	0	0	0	0	0	0	0	0	0	0	0	0	0	0	0	0	0	0	0	0	0	0	0	0	0	0	0	0	0	0	355	0	8	0	0	0	0	0	0	0	0	0	0	0	0	2	0	0	0	0	0	0	0	0	0	0	0	0	0	0	0	0	0	0	2167
p__Chordata;c__Actinopteri;o__Cypriniformes;f__Cyprinidae;g__Neolissochilus	Prey - Fish	5	0	0	0	0	0	0	0	0	0	0	0	0	0	0	0	0	0	0	0	0	0	0	0	0	3	0	0	0	0	0	0	0	0	0	0	0	0	0	0	0	0	0	0	0	0	0	0	0	0	0	0	0	0	0	0	0	0	0	0	0	0	0	0	0	0	5	0	0	0	0	0	0	0	0	3	0	0	0	5	0	0	0	0	137	0	0	0	0	0	0	0	0	0	0	0	0	306	2	8	26	0	0	495
p__Chordata;c__Actinopteri;o__Cypriniformes;f__Cyprinidae;g__Onychostoma;s__meridionale	Prey - Fish	1	0	0	0	0	0	0	0	0	0	0	0	0	0	0	0	0	0	0	0	0	0	0	0	0	0	0	0	0	0	0	0	0	0	0	0	0	0	0	0	0	0	0	0	0	0	0	0	0	0	0	0	0	0	0	0	0	0	0	0	0	0	0	0	0	0	0	0	0	0	0	0	0	0	0	5	0	0	0	0	0	0	0	0	0	0	0	0	0	0	0	0	0	0	0	0	0	0	0	0	0	0	0	5
p__Chordata;c__Actinopteri;o__Cypriniformes;f__Cyprinidae;g__Osteochilus	Prey - Fish	2	101	0	34	0	0	0	0	0	0	0	2	0	0	0	0	0	0	0	0	0	0	0	0	0	0	0	0	0	0	0	0	0	0	0	0	0	0	0	0	0	0	0	0	0	0	0	0	0	0	0	0	0	0	0	0	0	0	0	0	0	0	0	0	0	0	0	0	0	0	0	0	0	0	0	0	0	0	0	0	0	0	0	0	0	0	0	0	0	0	0	0	0	0	0	0	0	0	0	0	0	0	0	137
p__Chordata;c__Actinopteri;o__Cypriniformes;f__Cyprinidae;g__Osteochilus;s__vittatus	Prey - Fish	1	0	0	0	0	0	0	0	0	3	0	0	0	0	0	0	0	0	0	0	0	0	0	0	0	0	0	0	0	0	0	0	0	0	0	0	0	0	0	0	0	0	0	0	0	0	0	0	0	0	0	0	0	0	0	0	0	0	0	0	0	0	0	0	0	0	0	0	0	0	0	0	0	0	0	0	0	0	0	0	0	0	0	0	0	0	0	0	0	0	0	0	0	0	0	0	0	0	0	0	0	0	0	3
p__Chordata;c__Actinopteri;o__Cypriniformes;f__Cyprinidae;g__Poropuntius	Prey - Fish	9	0	0	0	0	0	0	0	0	0	0	0	0	0	0	0	0	0	0	0	0	0	0	0	0	3	0	0	4	0	0	2	0	0	0	0	0	7	0	0	0	0	0	7	0	0	184	0	0	4	0	862	0	0	0	0	0	0	0	0	0	0	0	0	0	0	0	0	0	41	0	0	0	0	0	0	0	0	0	0	0	0	0	0	0	0	0	0	0	0	6	0	0	0	0	0	0	19106	107	34	15	0	0	20382
p__Chordata;c__Actinopteri;o__Cypriniformes;f__Cyprinidae;g__Puntioplites;s__proctozystron	Prey - Fish	24	3	31	0	6	63	51	8	0	2391	10	4040	0	2	0	17817	0	0	0	0	0	0	0	0	0	0	0	0	0	0	0	0	0	0	0	0	0	0	0	0	0	0	0	0	0	0	0	0	0	0	0	0	0	0	0	6	0	0	0	0	0	0	0	0	0	0	0	0	0	0	0	0	0	0	0	0	0	0	0	0	0	0	0	0	0	0	0	0	0	0	0	0	0	0	0	0	0	0	0	0	0	0	0	24428
p__Chordata;c__Actinopteri;o__Cypriniformes;f__Cyprinidae;g__Scaphiodonichthys	Prey - Fish	4	0	0	0	0	0	0	0	0	0	0	0	0	0	0	0	0	0	0	0	0	0	0	0	0	0	0	0	0	0	0	0	0	0	4	0	0	20	0	0	0	0	0	5	0	0	0	0	0	38	0	197	0	0	0	0	0	0	0	0	0	0	0	0	0	0	0	0	0	0	0	0	0	0	0	0	0	0	0	0	0	0	0	0	0	0	0	0	0	0	0	0	0	0	0	0	0	0	0	0	0	0	0	264
p__Chordata;c__Actinopteri;o__Cypriniformes;f__Cyprinidae;g__Systomus;s__orphoides	Prey - Fish	17	0	0	0	0	0	0	0	0	0	0	0	0	0	0	0	0	0	0	0	0	0	0	0	0	0	0	0	0	0	0	0	0	0	9	0	0	3	6	4	2796	2723	473	0	0	0	433	66	21	0	0	0	0	3	0	0	0	0	0	0	0	0	0	0	0	0	222	111	14	0	0	0	2	0	0	5	0	0	0	0	0	0	0	0	0	0	0	0	0	0	0	0	0	0	0	0	0	0	0	0	0	0	0	6891
p__Chordata;c__Actinopteri;o__Cypriniformes;f__Cyprinidae;g__Tor	Prey - Fish	1	0	0	0	0	0	0	0	0	0	0	0	0	0	0	0	0	0	0	0	0	0	0	0	0	0	0	0	0	0	0	0	0	0	0	0	0	0	0	0	0	0	0	0	0	0	0	0	0	0	0	0	0	0	0	0	0	0	0	0	0	0	0	0	0	0	64	0	0	0	0	0	0	0	0	0	0	0	0	0	0	0	0	0	0	0	0	0	0	0	0	0	0	0	0	0	0	0	0	0	0	0	0	64
p__Chordata;c__Actinopteri;o__Cypriniformes;f__Danionidae	Prey - Fish	8	0	0	0	0	0	0	0	0	0	0	0	0	0	0	0	0	0	0	0	0	0	2	0	0	0	0	0	0	0	0	0	0	0	0	0	0	6	0	0	0	0	0	0	0	0	0	0	0	0	0	0	0	2	0	0	0	0	0	0	0	0	0	0	0	0	0	0	0	0	0	0	0	0	0	0	0	0	0	0	0	0	0	3	0	0	0	0	0	0	0	0	3	0	0	0	0	0	7	0	0	6	0	29
p__Chordata;c__Actinopteri;o__Cypriniformes;f__Danionidae;g__Danio	Prey - Fish	10	0	0	0	0	0	0	0	0	0	0	0	0	0	0	0	0	0	0	0	0	0	0	0	0	0	0	0	0	0	0	3	0	0	12	0	0	19	0	0	2	0	0	43	0	0	10	0	0	0	60	6	0	15509	0	0	0	0	0	0	0	0	0	0	0	0	0	0	0	0	0	0	0	0	0	0	0	0	0	0	0	0	0	0	0	0	0	0	0	0	0	0	0	0	0	0	0	0	0	0	0	0	0	15664
p__Chordata;c__Actinopteri;o__Cypriniformes;f__Danionidae;g__Danio;s__tweediei	Prey - Fish	2	0	0	0	0	0	0	0	0	0	0	0	0	0	0	0	0	0	0	0	0	0	0	0	0	0	0	0	0	0	0	0	0	0	0	0	0	0	0	0	3	0	0	0	0	0	0	0	0	0	0	0	0	3	0	0	0	0	0	0	0	0	0	0	0	0	0	0	0	0	0	0	0	0	0	0	0	0	0	0	0	0	0	0	0	0	0	0	0	0	0	0	0	0	0	0	0	0	0	0	0	0	0	6
p__Chordata;c__Actinopteri;o__Cypriniformes;f__Danionidae;g__Devario	Prey - Fish	15	0	0	0	0	0	0	0	0	0	0	0	0	0	0	0	0	0	0	0	0	0	0	2	0	0	4	0	3	0	0	0	0	0	0	0	0	0	0	0	0	0	0	0	0	0	0	0	0	0	0	0	0	0	0	0	0	4	0	7	0	0	0	0	0	0	0	0	6	0	0	0	0	0	0	0	59	0	0	0	0	104	0	82	0	0	0	27	40	142	728	299	792	6	0	2	4	0	0	0	388	1916	2211	6826
p__Chordata;c__Actinopteri;o__Cypriniformes;f__Danionidae;g__Opsarius	Prey - Fish	5	0	0	0	0	0	9	0	0	0	0	0	5	0	0	0	0	0	0	0	0	0	0	0	0	0	0	0	0	0	0	0	0	0	0	0	0	0	0	0	0	0	0	0	0	0	0	0	0	0	0	0	0	0	0	0	0	3	0	0	0	0	2	0	0	0	0	0	0	0	0	0	0	0	2	0	0	0	0	0	0	0	0	0	0	0	0	0	0	0	0	0	0	0	0	0	0	0	0	0	0	0	0	21
p__Chordata;c__Actinopteri;o__Cypriniformes;f__Danionidae;g__Opsarius;s__koratensis	Prey - Fish	33	0	0	0	0	2	3	148	0	0	0	8	729	2470	0	0	0	0	0	0	0	0	0	0	0	0	0	0	0	0	0	0	0	0	0	0	0	0	0	0	0	0	0	0	0	0	0	0	0	0	0	0	0	0	0	0	0	102	90	13	2102	418	91	2	0	0	2360	3936	1104	22	5	7	11	9	7	0	30	0	0	0	0	0	0	0	2	0	0	0	0	0	0	0	0	0	0	0	0	0	0	0	0	0	0	13671
p__Chordata;c__Actinopteri;o__Cypriniformes;f__Danionidae;g__Opsarius;s__signicaudus	Prey - Fish	28	4	23	3	53	31	9	20931	5	10	10	17	21543	7410	0	17	0	0	0	0	0	0	0	0	0	0	0	0	0	0	0	0	0	0	0	0	0	0	0	0	0	0	0	0	0	0	0	0	0	0	0	0	0	0	0	0	0	12	0	0	0	0	0	0	0	0	0	6	0	0	0	0	0	0	0	283	0	0	0	0	0	0	0	0	0	0	0	0	0	0	0	2	0	0	25	3	0	2040	444	71	9	0	3	52964
p__Chordata;c__Actinopteri;o__Cypriniformes;f__Danionidae;g__Raiamas;s__guttatus	Prey - Fish	4	0	0	0	4	0	0	142	0	0	0	0	537	12	0	0	0	0	0	0	0	0	0	0	0	0	0	0	0	0	0	0	0	0	0	0	0	0	0	0	0	0	0	0	0	0	0	0	0	0	0	0	0	0	0	0	0	0	0	0	0	0	0	0	0	0	0	0	0	0	0	0	0	0	0	0	0	0	0	0	0	0	0	0	0	0	0	0	0	0	0	0	0	0	0	0	0	0	0	0	0	0	0	695
p__Chordata;c__Actinopteri;o__Cypriniformes;f__Danionidae;g__Rasbora	Prey - Fish	6	0	0	0	0	0	0	127	0	0	0	0	73	0	0	0	0	0	0	0	0	0	0	0	0	0	0	0	0	0	0	0	0	0	0	0	0	0	0	0	91	56	51	0	3	0	11	6	4	0	0	0	0	0	0	0	0	0	0	0	0	0	0	0	0	0	0	0	0	0	0	0	0	0	0	0	0	0	0	0	0	0	0	0	0	0	0	0	0	0	0	0	0	0	0	0	0	0	0	0	0	0	0	422
p__Chordata;c__Actinopteri;o__Cypriniformes;f__Nemacheilidae	Prey - Fish	1	0	0	0	0	0	0	0	0	0	0	0	0	0	0	0	0	0	0	0	0	0	0	0	0	0	0	0	0	0	0	0	0	0	0	0	0	0	0	0	0	0	0	0	0	0	0	0	0	0	0	0	0	0	0	0	0	10	0	0	0	0	0	0	0	0	0	0	0	0	0	0	0	0	0	0	0	0	0	0	0	0	0	0	0	0	0	0	0	0	0	0	0	0	0	0	0	0	0	0	0	0	0	10
p__Chordata;c__Actinopteri;o__Cypriniformes;f__Nemacheilidae;g__Schistura	Prey - Fish	3	0	0	0	0	0	0	0	0	0	0	0	0	0	0	0	0	0	0	0	0	0	0	0	0	0	0	0	0	0	0	0	0	0	68	0	0	0	0	0	0	0	0	0	0	0	5	0	0	0	0	0	0	0	0	0	0	0	0	0	0	0	0	0	0	0	0	0	0	0	0	0	0	0	0	0	0	0	0	0	0	0	0	0	0	0	0	0	0	0	0	0	0	0	0	0	0	75	6	3	0	0	0	157
p__Chordata;c__Actinopteri;o__Gobiiformes;f__Eleotridae;g__Oxyeleotris	Prey - Fish	1	4	0	0	0	0	0	0	0	0	0	0	0	0	0	0	0	0	0	0	0	0	0	0	0	0	0	0	0	0	0	0	0	0	0	0	0	0	0	0	0	0	0	0	0	0	0	0	0	0	0	0	0	0	0	0	0	0	0	0	0	0	0	0	0	0	0	0	0	0	0	0	0	0	0	0	0	0	0	0	0	0	0	0	0	0	0	0	0	0	0	0	0	0	0	0	0	0	0	0	0	0	0	4
p__Chordata;c__Actinopteri;o__Gobiiformes;f__Gobiidae;g__Rhinogobius	Prey - Fish	14	0	0	0	0	0	0	0	0	0	0	0	0	0	0	0	0	0	0	0	0	0	0	0	0	0	0	0	0	0	0	0	0	0	0	0	0	0	0	0	0	0	0	0	0	0	0	0	0	0	0	0	0	0	0	0	0	0	0	4	0	0	3	0	0	0	557	1143	2657	0	0	0	0	0	0	0	0	0	0	0	0	0	0	0	3	2	0	0	0	0	0	0	0	0	0	0	0	0	0	0	0	0	0	4369
p__Chordata;c__Actinopteri;o__Siluriformes;f__Amblycipitidae;g__Amblyceps	Prey - Fish	3	0	0	0	0	0	0	0	0	0	0	0	0	0	0	0	0	0	0	0	0	0	0	0	0	0	0	0	0	0	0	0	0	0	0	0	0	0	0	0	0	0	0	0	0	0	0	0	0	0	0	0	0	0	0	0	0	0	0	0	3	0	72	0	0	0	0	0	0	0	0	0	2	0	0	0	0	0	0	0	0	0	0	0	0	0	0	0	0	0	0	0	0	0	0	0	0	0	0	0	0	0	0	77
p__Chordata;c__Actinopteri;o__Siluriformes;f__Bagridae	Prey - Fish	33	0	0	0	0	0	0	0	2	0	0	0	0	0	0	0	0	0	0	0	0	0	0	0	0	0	0	0	0	0	0	17	5	0	37	0	0	19	7	0	53	0	5	55659	5862	381	680	24	3	2	2	37	0	17	0	0	0	0	0	0	0	0	0	0	0	0	0	0	0	0	0	0	0	0	0	0	0	0	0	0	0	0	0	0	0	0	0	0	0	0	0	0	0	0	0	0	0	0	0	0	0	0	0	62812
p__Chordata;c__Actinopteri;o__Siluriformes;f__Bagridae;g__Hemibagrus	Prey - Fish	45	0	72	182	2	9	46	2207	15741	0	2	11	187	4215	0	0	7	0	0	0	0	0	0	0	0	0	0	0	0	0	0	4	6	5	6	15	11	7	7	3	2219	3827	10028	3626	14857	10752	7592	7523	6981	3	4	0	5	0	0	0	3	0	0	0	0	0	0	0	0	0	0	0	0	0	0	0	0	0	0	0	0	0	0	0	0	0	0	0	0	0	0	0	0	0	0	0	0	0	0	0	0	0	0	0	0	0	0	90165
p__Chordata;c__Actinopteri;o__Siluriformes;f__Clariidae;g__Clarias	Prey - Fish	2	0	0	0	0	0	0	0	0	0	0	0	0	0	0	0	0	0	0	0	0	0	0	0	0	0	0	0	0	0	0	0	0	0	0	0	0	0	0	0	0	0	0	0	0	0	0	0	0	0	37	0	0	17	0	0	0	0	0	0	0	0	0	0	0	0	0	0	0	0	0	0	0	0	0	0	0	0	0	0	0	0	0	0	0	0	0	0	0	0	0	0	0	0	0	0	0	0	0	0	0	0	0	54
p__Chordata;c__Actinopteri;o__Siluriformes;f__Pangasiidae	Prey - Fish	1	0	0	0	0	0	13	0	0	0	0	0	0	0	0	0	0	0	0	0	0	0	0	0	0	0	0	0	0	0	0	0	0	0	0	0	0	0	0	0	0	0	0	0	0	0	0	0	0	0	0	0	0	0	0	0	0	0	0	0	0	0	0	0	0	0	0	0	0	0	0	0	0	0	0	0	0	0	0	0	0	0	0	0	0	0	0	0	0	0	0	0	0	0	0	0	0	0	0	0	0	0	0	13
p__Chordata;c__Actinopteri;o__Siluriformes;f__Siluridae	Prey - Fish	4	0	0	0	0	0	0	0	0	0	0	0	0	0	0	0	0	0	0	0	0	0	0	0	0	0	0	0	0	0	0	0	0	0	0	0	0	0	0	0	0	0	0	0	0	0	0	0	0	0	0	0	0	0	0	0	0	0	0	0	0	0	0	0	3	0	0	0	0	0	0	0	0	0	0	0	0	0	0	395	0	0	0	0	47	0	0	0	0	0	5	0	0	0	0	0	0	0	0	0	0	0	0	450
p__Chordata;c__Actinopteri;o__Siluriformes;f__Sisoridae	Prey - Fish	1	0	0	0	0	0	0	0	0	0	0	0	0	0	0	0	0	0	0	0	0	0	0	0	0	0	0	0	0	0	0	0	0	0	0	0	0	0	0	0	0	0	0	0	0	0	0	0	0	0	0	0	0	0	0	0	0	0	0	0	0	0	0	0	0	0	0	0	0	0	0	0	2	0	0	0	0	0	0	0	0	0	0	0	0	0	0	0	0	0	0	0	0	0	0	0	0	0	0	0	0	0	0	2
p__Chordata;c__Actinopteri;o__Siluriformes;f__Sisoridae;g__Bagarius	Prey - Fish	1	0	0	0	0	0	0	0	0	0	0	0	0	0	0	0	0	0	0	0	0	0	0	0	0	0	0	0	0	0	0	0	0	0	0	0	0	0	0	0	0	0	0	0	0	0	0	0	0	0	0	0	0	0	0	0	0	0	0	0	0	0	0	0	0	0	0	0	0	0	0	0	0	0	0	0	0	0	0	0	0	0	0	0	2	0	0	0	0	0	0	0	0	0	0	0	0	0	0	0	0	0	0	2
p__Chordata;c__Actinopteri;o__Siluriformes;f__Sisoridae;g__Bagarius;s__yarrelli	Prey - Fish	2	0	0	0	0	0	0	0	0	0	0	0	0	0	0	0	0	0	0	0	0	0	0	0	0	0	0	0	0	0	0	0	0	0	0	0	0	0	0	0	0	0	0	0	0	0	0	0	0	0	0	0	0	0	0	0	0	299	16	0	0	0	0	0	0	0	0	0	0	0	0	0	0	0	0	0	0	0	0	0	0	0	0	0	0	0	0	0	0	0	0	0	0	0	0	0	0	0	0	0	0	0	0	315
p__Chordata;c__Actinopteri;o__Synbranchiformes;f__Mastacembelidae;g__Mastacembelus	Prey - Fish	2	0	0	0	0	0	0	0	0	0	0	0	0	0	0	0	0	0	0	0	0	0	0	0	0	0	0	0	0	0	0	0	0	0	0	0	0	0	0	0	0	0	0	0	0	0	0	0	0	0	0	0	0	0	0	0	0	0	0	0	0	0	0	0	0	0	0	0	0	0	0	0	0	0	0	0	0	0	0	0	0	0	0	0	0	0	0	0	0	0	0	0	0	0	0	0	0	166	3	0	0	0	0	169
p__Chordata;c__Actinopteri;o__Synbranchiformes;f__Mastacembelidae;g__Mastacembelus;s__favus	Prey - Fish	2	0	0	0	0	0	0	0	0	0	0	0	0	0	0	0	0	0	0	0	0	0	0	0	0	0	0	0	0	0	0	0	0	0	0	0	0	0	0	0	0	0	0	23	39	3	58	17	22	0	0	0	0	0	0	0	0	0	0	0	0	0	0	0	0	0	0	0	0	0	0	0	0	0	0	0	0	0	0	0	0	0	0	0	0	0	0	0	0	0	0	0	0	0	0	0	0	0	0	0	0	0	0	162
p__Chordata;c__Actinopteri;o__Synbranchiformes;f__Synbranchidae	Prey - Fish	1	0	0	0	0	0	0	0	0	0	0	0	0	0	0	0	0	0	0	0	0	0	0	0	0	0	0	0	0	0	0	0	0	0	0	0	0	0	0	0	0	0	0	0	0	0	3	0	0	0	0	0	0	0	0	0	0	0	0	0	0	0	0	0	0	0	0	0	0	0	0	0	0	0	0	0	0	0	0	0	0	0	0	0	0	0	0	0	0	0	0	0	0	0	0	0	0	0	0	0	0	0	0	3
p__Chordata;c__Actinopteri;o__Synbranchiformes;f__Synbranchidae;g__Monopterus	Prey - Fish	3	0	0	0	0	0	0	0	0	0	0	0	0	0	0	0	0	0	0	0	0	0	0	0	0	0	0	0	0	0	0	0	0	0	0	0	0	0	0	0	0	0	0	0	0	0	29	0	0	0	0	0	0	0	0	0	0	0	0	0	0	0	0	0	0	0	0	0	0	0	0	0	0	0	0	0	0	0	0	0	0	0	0	0	0	0	0	0	0	0	0	0	0	0	0	0	0	0	0	0	0	0	0	29
p__Chordata;c__Actinopteri;o__Synbranchiformes;f__Synbranchidae;g__Monopterus;s__albus	Prey - Fish	5	0	0	0	0	0	0	0	0	0	0	0	0	0	0	0	0	0	0	0	0	0	0	0	0	0	0	0	0	0	0	0	0	0	434	12	0	4	0	0	0	0	0	36	19	20	812	18	5	0	0	0	0	0	0	0	0	0	0	0	0	0	0	0	0	0	0	0	0	0	0	0	0	0	0	0	0	0	0	0	0	0	0	0	0	0	0	0	0	0	0	0	0	0	0	0	0	0	0	0	0	0	0	1360
p__Chordata;c__Amphibia;o__Anura;f__Megophryidae	Prey - Amphibian	4	0	0	0	0	0	0	0	0	0	0	0	0	0	0	0	0	0	7	0	0	0	0	0	0	0	0	0	0	0	0	0	0	0	0	0	0	0	0	0	0	0	0	0	0	0	0	0	0	0	0	0	0	0	0	0	0	0	0	0	0	0	0	0	0	0	0	0	0	0	0	0	0	0	0	0	0	0	0	17	0	0	0	0	0	0	5	3	19	3	0	0	0	0	0	0	0	0	0	0	0	0	0	54
p__Chordata;c__Amphibia;o__Anura;f__Megophryidae;g__Leptobrachium	Prey - Amphibian	6	0	0	0	0	0	0	0	0	0	0	0	0	0	0	0	0	0	0	0	0	0	0	0	0	0	0	0	0	0	0	0	0	0	0	0	0	0	0	0	0	0	0	0	0	0	0	0	0	0	0	0	0	0	0	0	0	0	0	0	0	0	0	0	0	0	0	0	0	0	0	0	0	0	0	0	0	0	0	0	0	0	0	0	0	0	0	1007	33	252	37	2	0	0	0	0	0	0	0	0	0	0	0	1331
p__Chordata;c__Amphibia;o__Anura;f__Microhylidae;g__Microhyla;s__berdmorei	Prey - Amphibian	6	0	0	0	0	0	0	0	0	0	0	0	0	0	0	0	0	0	0	0	0	0	0	0	0	0	0	0	0	0	0	0	0	0	0	0	0	0	0	0	0	0	0	0	0	0	0	0	0	0	0	0	0	0	0	0	0	0	0	0	0	0	0	0	0	0	0	0	0	0	0	0	0	0	0	0	0	0	0	0	0	0	0	0	0	0	0	896	56	71	0	0	0	0	0	0	0	0	0	0	0	0	0	1023
p__Chordata;c__Amphibia;o__Anura;f__Ranidae	Prey - Amphibian	24	0	0	0	0	0	0	0	0	0	0	0	0	0	0	0	0	0	0	2	0	3	0	0	0	0	0	0	0	0	0	0	0	0	0	0	0	0	0	0	0	0	0	0	0	0	0	0	0	0	0	0	0	0	0	0	0	412	2	4	1426	37	11	2833	72	10	5	0	3	926	38	5	35	0	0	43	18	0	0	0	0	0	0	0	0	0	0	4	0	4	0	0	0	0	0	0	0	0	0	0	0	0	0	5893
p__Chordata;c__Amphibia;o__Anura;f__Ranidae;g__Amolops	Prey - Amphibian	7	0	0	0	0	0	0	0	0	0	0	0	0	0	0	0	0	0	0	0	0	0	0	0	0	0	2	0	0	0	0	0	0	0	0	0	0	0	0	0	0	0	0	0	0	0	0	0	0	0	0	0	0	0	0	0	0	0	0	0	0	0	0	0	0	0	0	0	0	0	0	0	0	0	0	0	0	0	0	0	0	0	0	0	0	0	0	0	0	0	0	0	0	0	0	0	0	778	220	27	5	0	0	1032
p__Chordata;c__Amphibia;o__Anura;f__Ranidae;g__Hylarana	Prey - Amphibian	9	0	0	0	0	0	0	0	0	0	0	0	0	0	0	0	0	0	0	0	0	0	0	0	0	0	0	0	0	0	0	0	0	0	0	0	2	0	0	0	0	0	0	0	0	0	0	0	0	0	0	0	0	0	0	0	0	5	7	0	0	0	0	0	0	2	0	0	0	0	2	0	0	0	0	0	0	2	2	12	0	0	0	0	0	0	0	0	0	0	0	0	0	0	0	0	0	0	0	0	0	0	0	34
p__Chordata;c__Amphibia;o__Anura;f__Ranidae;g__Hylarana;s__nigrovittata	Prey - Amphibian	26	0	0	0	0	0	0	0	0	0	0	0	0	0	0	0	0	0	0	0	0	0	0	0	0	0	0	0	0	0	0	0	0	0	0	0	0	0	0	0	0	0	0	0	0	0	0	0	0	0	0	0	0	0	0	0	0	0	2	13	5	0	33	0	6	39	0	9	36	0	4	22	50	25	25	0	474	20	0	8810	5	398	0	241	3397	4	1279	4638	975	1730	32	129	4	0	27	13	9	0	0	0	18	3	7	22482
p__Chordata;c__Aves;o__Bucerotiformes;f__Bucerotidae;g__Buceros;s__bicornis	Prey - Aves	1	0	0	0	0	0	0	0	0	0	0	0	0	0	0	0	0	0	0	0	0	0	0	0	0	0	0	0	0	0	0	0	0	0	0	0	0	0	0	0	0	0	0	0	0	0	0	0	0	0	0	0	0	0	0	0	0	0	0	0	0	0	0	0	0	0	0	0	0	0	0	0	0	0	0	0	0	0	0	0	0	0	0	0	0	0	0	0	0	0	0	0	0	0	8	0	0	0	0	0	0	0	0	8
p__Chordata;c__Aves;o__Pelecaniformes;f__Ardeidae	Prey - Aves	1	0	0	0	0	0	0	0	0	0	0	0	0	0	0	0	0	0	0	0	0	0	0	0	0	0	0	0	0	0	0	0	0	0	0	0	0	0	0	0	0	0	0	0	0	0	0	0	0	0	0	0	0	13	0	0	0	0	0	0	0	0	0	0	0	0	0	0	0	0	0	0	0	0	0	0	0	0	0	0	0	0	0	0	0	0	0	0	0	0	0	0	0	0	0	0	0	0	0	0	0	0	0	13
p__Chordata;c__Aves;o__Suliformes;f__Phalacrocoracidae;g__Microcarbo;s__niger	Prey - Aves	1	0	0	0	0	0	0	0	0	0	0	0	0	0	0	0	0	0	0	0	0	0	0	0	0	0	0	0	0	0	0	0	0	0	0	0	0	0	0	0	0	0	0	0	0	0	0	0	0	0	13	0	0	22	0	0	0	0	0	0	0	0	0	0	0	0	0	0	0	0	0	0	0	0	0	0	0	0	0	0	0	0	0	0	0	0	0	0	0	0	0	0	0	0	0	0	0	0	0	0	0	0	0	35
p__Chordata;c__Lepidosauria;o__Squamata;f__Colubridae	Prey - Reptile	1	0	0	0	0	0	0	0	0	0	0	0	0	0	0	0	0	0	0	0	0	0	0	0	0	0	0	0	0	0	0	0	0	0	0	0	0	0	0	0	0	0	0	0	0	0	0	0	0	0	0	0	0	0	0	0	0	0	2	0	0	0	0	0	0	0	0	0	0	0	0	0	0	0	0	0	0	0	0	0	0	0	0	0	0	0	0	0	0	0	0	0	0	0	0	0	0	0	0	0	0	0	0	2
p__Chordata;c__Lepidosauria;o__Squamata;f__Colubridae;g__Fowlea	Prey - Reptile	12	0	0	0	0	0	0	0	0	0	0	0	0	0	0	0	0	0	0	0	0	0	0	0	0	0	0	0	0	0	0	0	0	0	0	0	0	0	0	0	0	0	0	0	0	0	0	0	0	0	0	0	0	0	0	0	0	2	18	0	0	0	2	0	0	0	0	0	0	0	35	9	0	0	0	0	0	0	0	0	0	2	0	0	0	0	0	0	0	0	0	0	0	0	0	0	0	0	0	0	0	0	0	68
p__Chordata;c__Lepidosauria;o__Squamata;f__Colubridae;g__Fowlea;s__piscator	Prey - Reptile	5	0	0	0	0	0	0	0	0	0	0	0	0	0	0	0	0	0	0	0	0	0	0	0	0	0	0	0	0	0	0	0	0	0	0	0	0	0	0	0	0	0	0	0	0	0	0	0	0	0	0	0	0	0	0	0	0	189	439	280	0	0	0	0	0	0	0	2	0	352	3067	4119	2	4	4	0	0	0	0	0	0	0	0	0	0	0	0	0	0	0	0	0	0	0	0	0	0	0	0	0	0	0	0	8458
p__Chordata;c__Mammalia;o__Artiodactyla;f__Cervidae	Artifact - Artiodactyla	1	0	0	0	0	0	0	0	0	0	0	0	0	0	0	17	0	0	0	0	0	0	0	0	0	0	0	0	0	0	0	0	0	0	0	0	0	0	0	0	0	0	0	0	0	0	0	0	0	0	0	0	0	0	0	0	0	0	0	0	0	0	0	0	0	0	0	0	0	0	0	0	0	0	0	0	0	0	0	0	0	0	0	0	0	0	0	0	0	0	0	0	0	0	0	0	0	0	0	0	0	0	0	17
p__Chordata;c__Mammalia;o__Artiodactyla;f__Cervidae;g__Muntiacus	Artifact - Artiodactyla	1	0	0	0	0	0	0	0	0	0	0	0	0	0	0	0	0	0	0	0	0	0	0	0	0	6	0	0	0	0	0	0	0	0	0	0	0	0	0	0	0	0	0	0	0	0	0	0	0	0	0	0	0	0	0	0	0	0	0	0	0	0	0	0	0	0	0	0	0	0	0	0	0	0	0	0	0	0	0	0	0	0	0	0	0	0	0	0	0	0	0	0	0	0	0	0	0	0	0	0	0	0	0	6
p__Chordata;c__Mammalia;o__Artiodactyla;f__Cervidae;g__Muntiacus;s__feae	Artifact - Artiodactyla	2	0	0	0	5	0	0	0	0	0	0	0	2	0	0	0	0	0	0	0	0	0	0	0	0	0	0	0	0	0	0	0	0	0	0	0	0	0	0	0	0	0	0	0	0	0	0	0	0	0	0	0	0	0	0	0	0	0	0	0	0	0	0	0	0	0	0	0	0	0	0	0	0	0	0	0	0	0	0	0	0	0	0	0	0	0	0	0	0	0	0	0	0	0	0	0	0	0	0	0	0	0	0	7
p__Chordata;c__Mammalia;o__Artiodactyla;f__Suidae	Artifact - Artiodactyla	1	0	0	0	0	0	0	0	0	0	0	0	0	0	0	0	0	0	0	0	0	0	0	0	0	0	0	3	0	0	0	0	0	0	0	0	0	0	0	0	0	0	0	0	0	0	0	0	0	0	0	0	0	0	0	0	0	0	0	0	0	0	0	0	0	0	0	0	0	0	0	0	0	0	0	0	0	0	0	0	0	0	0	0	0	0	0	0	0	0	0	0	0	0	0	0	0	0	0	0	0	0	0	3
p__Chordata;c__Mammalia;o__Artiodactyla;f__Suidae;g__Sus;s__scrofa	Artifact - Artiodactyla	4	0	0	0	0	0	0	0	0	0	0	0	0	0	0	0	0	0	0	0	0	0	0	0	0	0	0	0	0	0	0	0	0	0	0	0	0	0	0	0	0	0	0	0	0	0	0	0	0	0	0	0	0	0	0	0	0	0	0	0	0	0	0	0	0	0	0	0	0	0	0	0	0	0	0	0	0	0	0	0	0	0	0	0	0	0	0	0	0	0	0	0	0	0	0	0	0	2	0	0	0	0	75	77
p__Chordata;c__Mammalia;o__Carnivora	Artifact (Carnivora)	1	0	0	0	0	0	0	0	0	0	0	0	0	0	0	0	0	0	0	0	0	0	0	0	0	0	0	0	0	0	0	0	0	0	0	0	0	0	0	0	0	0	0	0	0	0	0	0	0	0	0	0	0	0	0	0	0	0	0	0	0	0	0	0	0	0	0	0	0	0	0	0	0	0	0	0	0	0	0	0	0	0	0	0	2	0	0	0	0	0	0	0	0	0	0	0	0	0	0	0	0	0	0	2
p__Chordata;c__Mammalia;o__Carnivora;f__Mustelidae	Artifact (Carnivora) - Mustelidae	20	0	0	0	3	4	15	0	0	0	0	6	0	2	0	0	0	0	0	0	0	3	0	0	0	5	0	0	0	0	0	0	0	0	8	0	0	2	0	0	7	0	0	0	0	0	3	0	0	0	0	5	0	11	0	0	0	0	0	0	5	0	0	0	0	0	0	0	0	0	0	0	0	0	0	0	0	0	0	0	0	0	0	0	0	0	0	88	0	0	3	0	0	0	102	0	0	0	0	0	0	0	0	272
p__Chordata;c__Mammalia;o__Carnivora;f__Mustelidae;g__Aonyx	Artifact (Carnivora) - Aonyx sp.	2	0	0	0	0	0	0	0	0	0	0	0	0	0	0	0	0	0	0	0	0	0	0	0	0	0	0	0	0	0	0	0	0	0	0	2	0	0	0	0	0	0	0	0	0	0	0	0	0	0	0	0	0	0	0	0	0	0	0	0	0	0	0	0	0	0	0	0	0	0	0	0	0	0	0	0	0	0	0	0	0	0	0	0	3	0	0	0	0	0	0	0	0	0	0	0	0	0	0	0	0	0	0	5
p__Chordata;c__Mammalia;o__Carnivora;f__Mustelidae;g__Aonyx;s__cinereus	Host - AC	26	0	0	0	0	0	0	0	0	0	0	0	0	0	0	0	0	0	418	0	0	4104	0	0	0	2002	0	0	58	0	0	1533	0	0	8875	0	0	4912	0	0	30	0	0	87	0	0	97	0	0	0	19	20	0	32868	0	0	0	0	0	0	2	0	0	0	0	0	0	0	0	0	0	0	0	0	0	0	0	0	23	0	0	781	0	0	0	0	0	30	0	0	6	0	0	0	3	0	0	32	0	0	26	0	0	55926
p__Chordata;c__Mammalia;o__Carnivora;f__Mustelidae;g__Lutra	Artifact (Carnivora) - Lutra sp.	5	0	0	0	0	0	0	0	0	0	0	0	0	0	0	0	0	0	0	0	0	0	0	0	0	0	0	0	0	0	0	0	0	0	0	0	0	0	0	0	0	0	0	0	0	0	0	0	0	0	0	0	0	0	0	0	0	3	0	0	0	0	0	0	0	0	10	0	0	0	0	0	0	0	0	0	0	0	0	0	0	0	0	0	4	0	0	3	0	0	2	0	0	0	0	0	0	0	0	0	0	0	0	22
p__Chordata;c__Mammalia;o__Carnivora;f__Mustelidae;g__Lutra;s__lutra	Host - LL	68	0	0	0	0	0	0	0	0	0	0	0	0	0	0	0	0	0	4	0	0	12	0	0	0	16	0	0	0	0	0	0	0	0	0	0	0	0	0	0	0	0	0	0	0	0	0	0	0	0	0	0	0	0	0	0	0	6314	7	0	4934	5	11	145	0	3	6733	27	32	295	0	2	7714	6	0	6159	20	0	24	220	0	2332	0	0	29314	0	24	21308	20	13	3874	0	0	0	1316	0	2	8668	17	12	23	0	0	99606
p__Chordata;c__Mammalia;o__Carnivora;f__Mustelidae;g__Lutrogale	Artifact (Carnivora) - Lutrogale sp.	1	0	0	0	0	0	0	0	0	0	0	5	0	0	0	0	0	0	0	0	0	0	0	0	0	0	0	0	0	0	0	0	0	0	0	0	0	0	0	0	0	0	0	0	0	0	0	0	0	0	0	0	0	0	0	0	0	0	0	0	0	0	0	0	0	0	0	0	0	0	0	0	0	0	0	0	0	0	0	0	0	0	0	0	0	0	0	0	0	0	0	0	0	0	0	0	0	0	0	0	0	0	0	5
p__Chordata;c__Mammalia;o__Carnivora;f__Mustelidae;g__Lutrogale;s__perspicillata	Host - LP	82	222	18	0	113883	9801	6094	566	3	23213	10	238	55251	110	232	670	0	0	0	0	0	0	0	0	0	0	0	0	0	0	0	26	0	0	58	0	0	50	0	0	6180	16	2	39738	119	20	18296	7	0	5	0	3667	0	58	0	20	3	2	0	0	0	0	0	2	0	0	4	0	0	0	0	0	4	0	0	0	0	0	2062	0	0	0	0	0	4	0	0	0	0	0	0	0	0	0	0	0	0	2	0	0	1673	0	4	282333
p__Chordata;c__Mammalia;o__Chiroptera;f__Emballonuridae;g__Taphozous;s__longimanus	Artifact - Chiroptera	13	0	0	0	0	1024	118	2	0	0	0	0	0	0	0	0	0	0	0	0	0	0	0	0	0	0	0	0	0	0	0	0	0	0	0	0	0	0	0	0	0	0	0	0	0	0	0	0	15	0	0	0	0	0	0	0	0	0	0	0	0	1899	0	0	3	0	0	0	0	0	0	2	0	3	132	0	0	0	0	0	0	0	0	0	0	0	0	0	0	0	0	0	0	0	0	0	0	0	0	0	0	0	0	3198
p__Chordata;c__Mammalia;o__Chiroptera;f__Emballonuridae;g__Taphozous;s__melanopogon	Artifact - Chiroptera	1	0	0	0	0	0	117	0	0	0	0	0	0	0	0	0	0	0	0	0	0	0	0	0	0	0	0	0	0	0	0	0	0	0	0	0	0	0	0	0	0	0	0	0	0	0	0	0	0	0	0	0	0	0	0	0	0	0	0	0	0	0	0	0	0	0	0	0	0	0	0	0	0	0	0	0	0	0	0	0	0	0	0	0	0	0	0	0	0	0	0	0	0	0	0	0	0	0	0	0	0	0	0	117
p__Chordata;c__Mammalia;o__Chiroptera;f__Vespertilionidae;g__Myotis;s__hasseltii	Artifact - Chiroptera	1	0	0	0	0	0	0	0	0	0	0	0	0	0	0	0	0	0	0	0	0	0	0	0	0	0	0	0	0	0	0	0	0	0	0	0	0	0	0	0	0	0	0	0	0	0	0	0	0	0	3	0	0	0	0	0	0	0	0	0	0	0	0	0	0	0	0	0	0	0	0	0	0	0	0	0	0	0	0	0	0	0	0	0	0	0	0	0	0	0	0	0	0	0	0	0	0	0	0	0	0	0	0	3
p__Chordata;c__Mammalia;o__Primates;f__Cercopithecidae;g__Chlorocebus;s__pygerythrus	Artifact  - Primates	4	0	0	0	0	2	0	0	0	0	180	0	0	0	0	2	0	0	0	0	0	0	0	0	0	0	0	0	0	0	0	0	0	0	0	0	0	0	0	0	0	0	0	0	0	0	0	0	0	0	0	0	0	0	0	0	0	0	0	0	0	0	0	0	0	0	0	0	0	0	0	0	0	0	0	0	0	0	0	0	0	0	0	0	0	0	0	0	0	0	0	0	0	0	0	0	0	0	0	0	0	0	0	184
p__Chordata;c__Mammalia;o__Primates;f__Hominidae	Artifact  - Primates	3	0	0	0	0	0	0	0	0	0	0	0	0	0	0	756	0	0	0	0	0	0	0	0	0	0	0	0	0	0	0	0	0	0	0	0	0	0	0	0	0	0	0	3	0	0	0	0	0	0	0	0	0	0	0	0	0	0	0	0	0	0	0	0	0	0	0	0	0	0	0	0	0	0	0	0	0	0	0	0	0	0	0	0	0	0	0	0	0	0	0	0	0	0	0	0	0	0	0	0	0	0	0	759
p__Chordata;c__Mammalia;o__Primates;f__Hominidae;g__Homo	Artifact  - Primates	1	0	0	0	0	0	0	0	0	6	0	0	0	0	0	0	0	0	0	0	0	0	0	0	0	0	0	0	0	0	0	0	0	0	0	0	0	0	0	0	0	0	0	0	0	0	0	0	0	0	0	0	0	0	0	0	0	0	0	0	0	0	0	0	0	0	0	0	0	0	0	0	0	0	0	0	0	0	0	0	0	0	0	0	0	0	0	0	0	0	0	0	0	0	0	0	0	0	0	0	0	0	0	6
p__Chordata;c__Mammalia;o__Primates;f__Hominidae;g__Homo;s__sapiens	Artifact  - Primates	28	0	201	0	3	11	68	4	0	350	38	8649	68	6	0	7395	0	0	0	0	2	0	0	0	5	0	0	54	0	0	0	3	0	2	0	0	0	0	33	17	26	0	98	35	0	0	0	2	56	83	0	6	0	13	0	0	0	26	47	61	0	0	3	0	0	12	0	0	0	0	0	670	0	0	0	0	0	0	0	0	0	2	0	0	941	0	0	0	0	0	0	0	0	0	0	0	92	0	0	0	0	0	0	19082
p__Mollusca;c__Bivalvia;o__Unionida;f__Unionidae;g__Pilsbryoconcha	Prey - Mollusk	1	0	0	0	0	0	0	0	0	0	0	0	0	0	0	0	0	0	0	0	0	0	0	0	0	0	0	0	0	0	0	0	0	0	0	0	0	3	0	0	0	0	0	0	0	0	0	0	0	0	0	0	0	0	0	0	0	0	0	0	0	0	0	0	0	0	0	0	0	0	0	0	0	0	0	0	0	0	0	0	0	0	0	0	0	0	0	0	0	0	0	0	0	0	0	0	0	0	0	0	0	0	0	3
p__Mollusca;c__Bivalvia;o__Venerida;f__Cyrenidae;g__Corbicula;s__lamarckiana	Prey - Mollusk	5	0	0	0	0	0	0	0	0	23	0	251	233	0	0	650	0	0	0	0	0	0	0	0	0	0	0	0	0	0	0	0	0	0	0	0	0	0	0	0	0	0	0	0	0	0	0	0	0	0	0	0	0	0	0	0	0	0	0	0	0	0	0	0	0	0	0	0	0	0	0	0	0	0	0	0	0	0	0	0	0	0	0	0	0	0	0	0	0	0	0	0	0	0	0	0	0	0	0	0	0	0	0	1157
p__Mollusca;c__Gastropoda;o__Architaenioglossa;f__Ampullariidae	Prey - Mollusk	1	0	0	0	0	0	0	0	0	0	0	0	0	0	0	0	0	0	0	0	0	0	0	0	0	0	0	0	0	0	0	0	0	0	0	0	0	0	0	0	0	0	0	0	0	0	0	0	0	2	0	0	0	0	0	0	0	0	0	0	0	0	0	0	0	0	0	0	0	0	0	0	0	0	0	0	0	0	0	0	0	0	0	0	0	0	0	0	0	0	0	0	0	0	0	0	0	0	0	0	0	0	0	2
p__Mollusca;c__Gastropoda;o__Architaenioglossa;f__Ampullariidae;g__Pomacea;s__canaliculata	Prey - Mollusk	7	0	6	0	0	25	0	6008	0	0	0	0	0	0	0	0	0	0	0	0	0	0	0	0	0	0	0	0	0	0	0	0	5	0	0	9	0	0	0	0	0	0	0	0	2	0	0	22	0	5338	6	0	0	0	0	0	0	0	0	0	0	0	0	0	0	0	0	0	0	0	0	0	0	0	0	0	468	0	0	0	0	0	0	0	0	0	0	0	0	0	0	0	0	0	0	0	0	0	0	0	0	0	0	11889
p__Mollusca;c__Gastropoda;o__Architaenioglossa;f__Ampullariidae;g__Pomacea;s__maculata	Prey - Mollusk	13	0	8	0	0	23	0	10503	0	0	5	0	0	0	0	0	0	0	0	0	0	0	0	0	0	0	0	0	0	0	0	0	5	0	0	0	0	0	11	0	0	0	0	0	4	0	0	16	0	5242	0	0	0	0	0	0	0	0	0	0	0	0	0	0	0	0	0	0	0	0	0	0	0	0	0	0	0	0	0	0	0	0	0	0	0	0	0	0	0	0	0	0	0	0	0	0	0	0	0	0	0	0	0	15817
p__Mollusca;c__Gastropoda;o__Caenogastropoda;f__Thiaridae;g__Tarebia	Prey - Mollusk	12	0	0	0	0	0	0	0	0	0	0	0	0	0	0	0	0	0	0	0	0	0	0	0	0	0	0	0	0	0	0	0	0	0	10	13	0	0	2	0	191	1423	334	0	0	0	79	24	15	5	14	0	0	11	0	0	0	0	0	0	0	0	0	0	0	0	0	0	0	0	0	0	0	0	0	178	0	7	0	0	0	0	0	0	0	0	0	0	0	0	0	0	0	0	0	0	0	0	0	0	0	0	0	2306
p__Mollusca;c__Gastropoda;o__Stylommatophora;f__Helicarionidae	Prey - Mollusk	1	0	0	0	0	0	0	0	0	0	0	0	0	0	0	0	0	0	0	0	0	0	0	0	0	0	0	0	0	0	0	0	0	0	0	0	4	0	0	0	0	0	0	0	0	0	0	0	0	0	0	0	0	0	0	0	0	0	0	0	0	0	0	0	0	0	0	0	0	0	0	0	0	0	0	0	0	0	0	0	0	0	0	0	0	0	0	0	0	0	0	0	0	0	0	0	0	0	0	0	0	0	0	4
