Final_taxon	Label	Total_ASVs	LNHKK01 (LP)	LNHKK02 (LP)	LNHKK32 (LP)	LNHKK33 (LP)	LNHKK34 (LP)	LNHKK35 (LP)	LNHKK36 (LP)	LNHKK39 (LP)	LNHKK42 (LP)	LNHKK43 (LP)	LNHKK44 (LL)	LNHKK45 (LP)	LNHKK46 (LL)	LNHKK47 (LP)	LNHKK48 (LL)	LNHKK49 (LL)	LNHKK51 (LP)	LNHKK52 (LL)	LNHKK54 (LL)	LNKB139 (LP)	LNKB140 (LP)	LNKB142 (AC)	LNKB143 (AC)	LNKB144 (LP)	LNKB145 (AC)	LNKB146 (LP)	LNKB147 (LP)	LNKB148 (AC)	LNKB149 (LP)	LNKB150 (LP)	LNKB151 (LP)	LNKBMG036 (AC)	LNKBMG048 (AC)	LNKBMG049 (AC)	LNKBMG050 (AC)	LNKBMG091 (AC)	LNKBMG133 (AC)	LNKLA01 (LP)	LNKWC03 (LP)	LNKWC05 (LP)	LNKWC11 (AC)	LNKWC16 (AC)	LNMAW01 (LP)	LNMAW02 (LP)	LNMAW08 (LP)	LNMAW09 (LP)	LNMAW10 (LP)	LNMAW12 (LP)	LNNKS14 (AC)	LNNKS15 (AC)	LNNKS16 (AC)	LNNKS17 (AC)	LNPTL07 (AC)	LNPTL08 (LP)	LNPTL09 (AC)	LNPTL10 (LP)	LNPTL11 (LP)	LNPTL12 (LP)	LNPTL13 (LP)	LNPTL14 (LP)	LNPTL15 (LP)	LNPTL17 (LP)	LNPTL18 (LP)	LNPTL19 (LP)	LNPTL20 (AC)	LNPTL21 (AC)	LNPTL22 (AC)	LNPTL24 (LP)	LNSK18 (AC)	LNSK19 (AC)	LNSK20 (AC)	LNSK21 (LP)	LNSK22 (LP)	LNSK23 (LP)	LNSK24 (AC)	LNSK25 (LP)	LNSK26 (LP)	LNSK29 (AC)	LNSK30 (AC)	LNSK31 (LP)	LNSK32 (LP)	LNSK33 (LP)	LNSK34 (LP)	LNSK35 (AC)	LNSK37 (LP)	LNSK38 (AC)	LNSK40 (AC)	LNSK41 (AC)	LNSK42 (AC)	LNSK43 (LP)	LNSK44 (LP)	LNSK45 (LP)	LNSK46 (AC)	LNSK47 (AC)	LNSK48 (AC)	LNSTU34 (AC)	LNSTU35 (LP)	LNSTU36 (AC)	LNSTU37 (LP)	LNSTU38 (LP)	LNSTU39 (AC)	LNSTU40 (AC)	LNSTU41 (LP)	LNSTU42 (LP)	LNSTU43 (LP)	LNSTU44 (LP)	LNSTU45 (LP)	LNSTU46 (AC)	LNSTU47 (AC)	LNSTU48 (AC)	LNSTU49 (LP)	LNTR100 (LP)	LNTR101 (LP)	LNTR102 (LP)	LNTR85 (LP)	LNTR86 (LP)	LNTR87 (LP)	LNTR88 (AC)	LNTR89 (LP)	LNTR90 (AC)	LNTR91 (LP)	LNTR92 (AC)	LNTR93 (AC)	LNTR94 (LP)	LNTR95 (LP)	LNTR96 (LP)	LNTR97 (LP)	LNTR98 (LP)	LNTR99 (LP)	LNTYE17 (LP)	LNTYE21 (LL)	LNTYE22 (LL)	LNTYE23 (LL)	LNTYE24 (LL)	LNUMP02 (LP)	Total_read
p__Chordata;c__Mammalia;o__Carnivora;f__Mustelidae;g__Aonyx;s__cinereus	Host - AC	217	0	0	0	0	0	0	0	0	0	0	0	0	0	0	0	0	596	0	0	147	788	15016	23300	168	97550	122	3932	13194	132	866	2992	126825	5749	53399	89810	23961	93586	27	11	16	131799	1231	0	0	0	0	0	0	66556	79094	64642	136253	47885	878	42224	693	481	425	191	516	245	166	958	74	43342	13016	12617	13274	4508	93613	38442	329	213	312	22036	159	4775	3240	883	390	269	481	256	133606	92414	182	17157	39834	37371	343	2596	242	21420	16655	4	94816	547	373	34647	501	43979	10632	1763	367	126078	256	426	198	63185	5263	276	58	19	38	242	664	125	36620	108	29960	71838	711	24523	91	93	140	70	67	41	24	0	0	0	0	18	2289234
p__Chordata;c__Mammalia;o__Carnivora;f__Mustelidae;g__Lutra;s__lutra	Host - LL	63	0	0	0	0	0	0	0	29	0	0	61634	0	61910	0	36414	127837	0	60843	56159	0	0	0	0	0	0	0	0	0	0	0	0	0	0	426	3	0	0	0	0	0	439	328766	0	0	0	0	0	0	0	0	0	0	0	0	0	0	0	0	0	297	0	0	0	0	0	0	0	0	0	0	0	0	0	0	0	0	0	0	0	0	0	0	0	0	0	0	0	0	0	0	0	0	0	0	0	0	0	0	0	0	0	0	0	0	0	0	0	0	0	0	0	0	0	0	0	0	0	0	0	0	0	0	0	0	0	0	0	0	0	0	39445	127659	85433	35794	0	1023088
p__Chordata;c__Mammalia;o__Carnivora;f__Mustelidae;g__Lutrogale;s__perspicillata	Host - LP	80	812	63770	11692	1056	1537	10010	37926	159104	148232	10191	0	11530	0	10917	0	0	8644	0	0	817	5632	178	114	8732	251	3556	343	57	39101	2471	1780	254	82	140	100	60	135	1358	4438	1672	7	0	18283	889	477	4665	2054	89528	328	964	303	362	546	8169	290	2716	7119	13081	41365	2332	335	10164	1589	1161	188	70	74	1386	226	609	525	7611	95292	3321	206	2799	22	16	36	2783	3064	2455	5092	23	2198	211	555	678	750	28634	2925	77034	201	475	16	79	21092	2150	765	2259	225	80	119	1649	272	15212	2412	43	515	69	1399	13679	4100	4991	2265	4388	2705	2092	1512	132	146	1315	269	20183	3531	3785	6237	2824	4089	7749	0	0	0	0	457	1127683
No Hit	No Hit	2457	42	576	11	18	22	10622	6	12	34	2839	43	27041	67	1045	251	40	12392	55	19	38343	3648	352	2923	144641	354	20478	318	153	76680	113189	155309	893	16550	17435	21382	3036	2494	33	1189	27	11029	733	47	70	63	11	72	49	95	82065	110	55	233	569	25974	4151	742	2109	251	1026	202	234	257	13524	86	584	452	7514	180	13916	36	357	392	575	2084	207	10620	472	11	471	50	15	79	581	2625	87	94	47	46	1825	405	1244	189	791	11	226	31908	195568	49723	169773	885	212	781	22722	2486	26979	20533	541	10604	942	107021	64819	4564	10028	67910	59912	439	31289	60728	211	84565	80431	123117	17409	945	6083	8930	944	60347	7724	11	261	2548	1237	1330	2200965
p__Chordata;c__Mammalia;o__Primates	Artifact  - Primates	25	0	0	0	0	0	0	0	0	0	0	0	0	0	0	0	0	0	0	0	0	0	0	0	0	0	0	0	0	0	3	7	0	0	0	0	0	0	0	0	12	0	0	0	0	0	0	0	0	0	7	7	2	5289	6	2	6	3	5	0	0	0	0	0	0	0	0	0	0	0	0	0	0	0	0	0	0	0	0	0	0	0	0	0	0	21	13	28	25061	9	24	22	12	0	0	0	0	128	0	9	242	0	0	0	0	0	0	0	0	0	0	0	0	0	0	0	0	0	0	0	0	0	0	0	0	0	0	0	0	0	0	0	0	0	0	0	30918
p__Chordata;c__Mammalia;o__Primates;f__Cercopithecidae	Artifact  - Primates	18	0	0	0	0	0	0	0	0	0	0	0	0	0	0	0	0	0	0	0	0	0	0	0	0	0	0	0	0	0	0	3	3	0	0	0	0	0	0	0	0	0	0	0	0	0	0	0	0	0	0	0	0	0	0	0	0	0	0	0	0	0	0	0	0	0	0	0	0	0	0	0	0	0	0	0	0	0	0	0	0	0	0	0	0	0	0	0	0	0	0	0	0	0	0	0	0	144	0	9	489	0	0	0	0	0	0	0	0	0	0	0	0	0	0	0	0	0	0	0	0	0	0	0	0	0	0	0	0	0	0	0	0	0	0	0	648
p__Chordata;c__Mammalia;o__Primates;f__Cercopithecidae;g__Macaca	Artifact  - Primates	28	0	0	0	0	0	0	0	0	0	0	0	0	0	0	0	0	0	0	0	0	0	0	0	0	0	0	0	0	0	0	21	0	0	0	0	0	4	0	0	0	0	0	0	0	0	0	0	0	0	0	0	0	0	0	0	0	0	0	0	0	0	0	0	0	0	0	0	0	0	0	0	0	0	0	0	0	0	0	0	0	0	0	0	0	0	0	0	0	0	0	0	0	0	0	0	5	382	2	14	750	0	0	0	0	0	0	0	0	0	0	0	0	0	0	0	0	0	0	0	0	0	0	0	0	0	0	0	0	0	0	0	0	0	0	0	1178
p__Chordata;c__Mammalia;o__Primates;f__Cercopithecidae;g__Macaca;s__fascicularis	Artifact  - Primates	13	0	0	0	0	0	0	0	0	0	0	0	0	0	0	0	0	0	0	0	1022	28	7	0	0	0	0	0	0	3	0	0	0	0	4	0	0	0	0	0	0	0	0	0	0	0	0	0	0	0	0	0	0	0	0	0	0	0	0	0	0	0	0	0	0	0	0	0	0	0	0	0	0	0	0	0	0	0	0	0	0	0	0	0	0	0	0	0	0	0	0	0	0	0	0	0	0	139	0	19	395	0	0	0	0	0	0	0	0	0	0	0	0	0	0	0	0	0	0	0	0	0	0	0	0	0	0	0	0	0	0	0	0	0	0	0	1617
p__Chordata;c__Mammalia;o__Primates;f__Cercopithecidae;g__Macaca;s__mulatta	Artifact  - Primates	16	0	0	0	0	0	0	0	0	0	0	0	0	0	0	0	0	0	0	0	0	0	0	0	0	0	0	0	0	0	0	15	0	4	0	0	0	0	0	0	0	0	0	0	0	0	0	0	0	0	0	0	0	0	0	0	0	0	0	0	0	0	0	0	0	0	0	0	0	0	0	0	0	0	0	0	0	0	0	0	0	0	0	0	0	0	0	0	0	0	0	0	0	0	0	0	0	216	0	26	445	0	0	0	0	0	0	0	0	0	0	0	0	0	0	0	0	0	0	0	0	0	0	0	0	0	0	0	0	0	0	0	0	0	0	0	706
p__Chordata;c__Mammalia;o__Primates;f__Cercopithecidae;g__Papio	Artifact  - Primates	1	0	0	0	0	0	0	0	0	0	0	0	0	0	0	0	0	0	0	0	0	0	0	0	0	0	0	0	0	0	0	0	0	0	0	0	0	0	0	0	0	0	0	0	0	0	0	0	0	0	0	0	0	0	0	0	0	0	0	0	0	0	0	0	0	0	0	0	0	0	0	0	0	0	0	0	0	0	0	0	0	0	0	0	0	0	0	0	0	0	0	0	0	0	0	0	0	0	0	0	24	0	0	0	0	0	0	0	0	0	0	0	0	0	0	0	0	0	0	0	0	0	0	0	0	0	0	0	0	0	0	0	0	0	0	0	24
p__Chordata;c__Mammalia;o__Primates;f__Hominidae	Artifact  - Primates	6	0	0	0	0	0	0	0	0	0	0	0	0	0	0	0	0	0	0	0	0	0	0	0	0	0	0	0	0	0	0	0	0	0	0	0	0	0	0	0	0	0	0	0	0	0	0	0	0	0	0	0	0	0	0	0	0	0	0	0	0	0	0	0	0	0	0	0	0	0	0	0	0	0	0	0	6	0	0	0	0	0	0	0	0	0	0	0	392	0	0	0	0	0	0	0	0	6	0	0	30	0	0	0	0	0	0	0	0	0	0	0	0	0	0	0	0	0	0	0	0	0	0	0	0	0	0	0	0	0	0	0	0	0	0	0	434
p__Chordata;c__Mammalia;o__Primates;f__Hominidae;g__Homo	Artifact  - Primates	2	0	0	0	0	0	0	0	0	0	0	0	0	0	0	0	0	0	0	0	0	0	0	7	0	0	0	0	0	0	0	0	0	0	0	0	0	0	0	0	0	0	0	0	0	0	0	0	0	0	0	0	0	0	0	0	0	0	0	0	0	0	0	0	0	0	0	0	0	0	0	0	0	0	0	0	0	0	0	0	0	0	0	0	0	0	0	0	0	0	0	0	0	0	0	0	3	0	0	0	0	0	0	0	0	0	0	0	0	0	0	0	0	0	0	0	0	0	0	0	0	0	0	0	0	0	0	0	0	0	0	0	0	0	0	0	10
p__Chordata;c__Mammalia;o__Primates;f__Hominidae;g__Homo;s__sapiens	Artifact  - Primates	26	7	6	7	0	0	1733	0	20	65	0	0	6	0	1029	0	0	7790	0	0	16	26	36235	317	22	3158	13	21	4	14	64	107	108	11418	958	298	192	75	119	54	53	1141	17	3	41	9	79	6	0	0	7	16	6	9308	21	2	24	7	15	29	31	25	9	49	10	2672	3862	2	93	72	72	79582	417	119	678	29003	148	5	0	6	646	13	9	0	541	7	23	37	63	9185	46	51	27	0	0	0	20279	65	17	9178	19	3	4	10	10	13	64	4	2	0	13	47	0	0	5	15	26	4	1208	25	0	0	0	0	0	0	23	0	0	0	0	0	309	15	0	0	233527
p__Chordata;c__Mammalia;o__Proboscidea;f__Elephantidae;g__Elephas;s__maximus	Artifact  (Mammal) - Elephas maximus	2	0	0	0	0	0	0	0	0	0	0	0	0	0	12	0	3	0	0	0	0	0	0	0	0	0	0	0	0	0	0	0	0	0	0	0	0	0	0	0	0	0	0	0	0	0	0	0	0	0	0	0	0	0	0	0	0	0	0	0	0	0	0	0	0	0	0	0	0	0	0	0	0	0	0	0	0	0	0	0	0	0	0	0	0	0	0	0	0	0	0	0	0	0	0	0	0	0	0	0	0	0	0	0	0	0	0	0	0	0	0	0	0	0	0	0	0	0	0	0	0	0	0	0	0	0	0	0	0	0	0	0	0	0	0	0	15
p__Chordata;c__Mammalia;o__Artiodactyla;f__Bovidae	Artifact - Artiodactyla	1	0	0	0	0	0	0	0	0	0	0	0	0	0	0	0	0	0	0	0	0	0	0	0	0	0	0	0	0	0	0	0	0	0	0	0	0	0	0	0	0	0	0	0	0	0	0	0	0	0	0	0	0	12	0	0	0	0	0	0	0	0	0	0	0	0	0	0	0	0	0	0	0	0	0	0	0	0	0	0	0	0	0	0	0	0	0	0	0	0	0	0	0	0	0	0	0	0	0	0	0	0	0	0	0	0	0	0	0	0	0	0	0	0	0	0	0	0	0	0	0	0	0	0	0	0	0	0	0	0	0	0	0	0	0	0	12
p__Chordata;c__Mammalia;o__Artiodactyla;f__Bovidae;g__Bos	Artifact - Artiodactyla	4	0	0	0	0	0	0	0	0	0	0	0	0	0	0	0	0	0	0	0	0	0	0	0	0	0	0	0	0	0	0	0	0	0	0	0	0	0	0	26	0	0	0	0	0	0	0	0	0	0	45	7	0	0	811	0	0	3	0	0	0	0	0	0	0	0	0	0	0	0	0	0	0	0	0	0	0	0	0	0	0	0	0	0	0	0	0	0	0	0	0	0	0	0	0	0	0	0	0	0	0	0	0	0	0	0	0	0	0	0	0	0	0	0	0	0	0	0	0	0	0	0	0	0	0	0	0	0	0	0	0	0	0	0	0	0	892
p__Chordata;c__Mammalia;o__Artiodactyla;f__Bovidae;g__Bubalus	Artifact - Artiodactyla	1	0	0	0	0	0	0	0	0	0	0	0	0	0	8	0	0	0	0	0	0	0	0	0	0	0	0	0	0	0	0	0	0	0	0	0	0	0	0	0	0	0	0	0	0	0	0	0	0	0	0	0	0	0	0	0	0	0	0	0	0	0	0	0	0	0	0	0	0	0	0	0	0	0	0	0	0	0	0	0	0	0	0	0	0	0	0	0	0	0	0	0	0	0	0	0	0	0	0	0	0	0	0	0	0	0	0	0	0	0	0	0	0	0	0	0	0	0	0	0	0	0	0	0	0	0	0	0	0	0	0	0	0	0	0	0	8
p__Chordata;c__Mammalia;o__Artiodactyla;f__Bovidae;g__Capra	Artifact - Artiodactyla	1	0	0	0	0	0	0	0	0	0	0	0	0	0	0	0	0	0	0	0	0	0	0	0	0	0	0	0	0	0	0	0	0	0	0	0	0	0	0	0	0	0	0	0	0	0	0	0	0	0	0	0	0	0	0	0	0	0	0	0	0	0	0	0	0	0	0	0	0	0	0	0	0	0	0	0	0	0	0	0	0	0	0	0	0	0	0	0	0	0	0	0	0	0	0	0	0	0	0	0	0	0	0	0	0	0	0	0	0	0	0	0	0	0	0	0	0	0	0	0	0	0	4	0	0	0	0	0	0	0	0	0	0	0	0	0	4
p__Chordata;c__Mammalia;o__Artiodactyla;f__Cervidae	Artifact - Artiodactyla	8	0	219	0	0	0	0	0	2	0	0	0	0	2	14	0	0	0	122	0	0	0	0	0	0	0	0	0	0	0	0	0	0	0	0	0	0	0	0	0	0	0	0	0	0	0	4	0	0	0	0	0	0	0	0	0	0	0	0	0	0	0	0	0	0	0	0	0	0	0	0	0	0	0	0	0	0	0	0	0	0	0	0	0	0	0	0	0	0	0	0	0	0	0	0	0	0	0	0	0	0	0	0	0	0	0	0	0	0	0	0	0	0	0	0	0	0	0	0	0	0	0	0	0	0	0	0	0	0	0	0	0	11	0	0	0	374
p__Chordata;c__Mammalia;o__Artiodactyla;f__Suidae	Artifact - Artiodactyla	1	0	0	0	0	0	0	0	0	0	0	0	0	0	0	0	0	0	0	0	0	0	0	0	0	0	0	0	0	0	0	0	0	0	0	0	0	0	0	0	0	0	0	0	0	0	0	0	0	0	0	0	0	0	0	0	0	0	0	0	0	0	0	0	0	0	0	0	0	0	0	0	0	0	0	0	0	0	0	0	0	0	0	0	0	0	0	0	0	0	2	0	0	0	0	0	0	0	0	0	0	0	0	0	0	0	0	0	0	0	0	0	0	0	0	0	0	0	0	0	0	0	0	0	0	0	0	0	0	0	0	0	0	0	0	0	2
p__Chordata;c__Mammalia;o__Artiodactyla;f__Suidae;g__Sus	Artifact - Artiodactyla	37	0	0	0	0	0	0	0	0	0	0	0	0	0	124	0	0	7066	0	0	27	88	30	33	50	37	42	42	25804	23	5	97	8	4	904	61	3	3770	0	5	0	696	22	5	17	12	62	5	460	12	196	96	20	59538	143	25	108	167	63	77	666	13	696	13	0	12	1697	4	0	102	0	0	3	0	91	0	8	17	0	1627	86	1666	17	66	0	107	48	73	66	21651	88	66	30	0	0	0	0	7	0	4	4	379	0	0	0	0	0	0	0	51	0	0	6	0	0	0	0	0	0	0	0	188	19	15	4	0	16	5	8	6132	0	0	0	0	0	0	135698
p__Chordata;c__Mammalia;o__Artiodactyla;f__Suidae;g__Sus;s__scrofa	Artifact - Artiodactyla	1	0	0	0	0	0	0	0	0	0	0	0	0	0	0	0	0	0	0	0	0	0	0	0	0	0	0	0	0	0	0	0	0	0	0	0	0	0	0	0	0	0	0	0	0	0	0	0	0	0	0	0	0	0	0	0	0	0	0	0	0	0	0	0	0	0	0	0	0	0	0	0	0	0	0	0	0	0	0	0	0	0	0	0	0	0	0	0	0	0	0	0	0	0	0	0	4	0	0	0	0	0	0	0	0	0	0	0	0	0	0	0	0	0	0	0	0	0	0	0	0	0	0	0	0	0	0	0	0	0	0	0	0	0	0	0	4
p__Chordata;c__Mammalia;o__Chiroptera;f__Hipposideridae	Artifact - Chiroptera	1	0	0	0	0	0	0	0	0	0	0	0	0	0	0	0	0	0	0	0	43	0	0	0	0	0	0	0	0	0	0	0	0	0	0	0	0	0	0	0	0	0	0	0	0	0	0	0	0	0	0	0	0	0	0	0	0	0	0	0	0	0	0	0	0	0	0	0	0	0	0	0	0	0	0	0	0	0	0	0	0	0	0	0	0	0	0	0	0	0	0	0	0	0	0	0	0	0	0	0	0	0	0	0	0	0	0	0	0	0	0	0	0	0	0	0	0	0	0	0	0	0	0	0	0	0	0	0	0	0	0	0	0	0	0	0	43
p__Chordata;c__Mammalia;o__Chiroptera;f__Pteropodidae;g__Rousettus	Artifact - Chiroptera	1	0	0	0	0	0	0	0	0	0	0	0	0	0	0	0	0	0	0	0	0	0	0	0	0	0	0	0	0	0	0	0	0	0	0	0	0	0	0	0	0	0	6	0	0	0	0	0	0	0	0	0	0	0	0	0	0	0	0	0	0	0	0	0	0	0	0	0	0	0	0	0	0	0	0	0	0	0	0	0	0	0	0	0	0	0	0	0	0	0	0	0	0	0	0	0	0	0	0	0	0	0	0	0	0	0	0	0	0	0	0	0	0	0	0	0	0	0	0	0	0	0	0	0	0	0	0	0	0	0	0	0	0	0	0	0	6
p__Chordata;c__Mammalia;o__Chiroptera;f__Vespertilionidae	Artifact - Chiroptera	2	0	0	0	0	0	0	0	0	0	0	0	0	0	0	0	0	0	0	0	0	0	0	0	0	0	0	0	0	0	0	0	0	0	0	0	0	0	0	0	0	0	0	0	0	0	0	0	0	0	0	0	0	0	0	0	0	0	0	0	0	0	0	0	0	0	0	0	0	0	0	0	0	0	0	0	0	0	0	0	0	0	0	0	0	0	0	0	0	0	0	0	0	0	0	0	0	0	0	0	16	0	0	0	0	0	0	0	0	0	0	0	0	0	0	0	0	0	0	0	0	0	0	0	0	0	0	0	0	0	0	0	0	0	0	0	16
p__Chordata;c__Mammalia;o__Rodentia;f__Muridae;g__Rattus	Artifact - Rodent	5	0	0	0	0	0	0	0	0	0	0	0	0	0	0	0	0	0	0	0	0	0	0	0	0	0	0	0	0	0	0	0	0	0	0	0	0	0	0	0	0	0	0	0	0	0	0	0	0	0	0	0	0	0	0	0	0	0	0	0	73	1429	0	0	0	0	0	0	0	0	0	0	0	0	0	0	0	0	0	0	0	0	0	0	0	0	0	0	0	0	0	0	0	0	0	0	0	0	0	0	0	0	0	0	0	0	0	0	0	0	0	0	0	0	0	0	0	0	0	0	0	0	0	0	0	0	0	0	0	0	0	0	0	0	0	0	1502
p__Chordata;c__Mammalia;o__Carnivora	Artifact (Carnivora)	4	0	0	0	0	0	0	0	0	0	0	0	0	0	0	0	0	0	0	0	0	0	0	0	0	0	0	0	0	0	0	0	0	0	0	0	0	0	0	0	0	18	27	0	0	0	0	0	0	0	0	0	0	0	0	0	0	0	0	0	0	0	0	0	0	0	0	0	0	0	0	0	0	0	0	0	0	0	0	0	0	0	0	0	0	2	0	0	0	0	0	0	0	0	0	0	0	0	0	0	0	0	0	0	0	0	0	0	0	0	0	0	0	0	0	0	0	0	0	0	0	0	0	0	0	0	0	0	0	0	0	0	0	1	0	0	48
p__Chordata;c__Mammalia;o__Carnivora;f__Mustelidae;g__Aonyx	Artifact (Carnivora) - Aonyx sp.	6	0	0	0	0	0	0	0	0	0	0	0	0	0	0	0	0	0	0	0	0	0	0	0	0	0	0	0	0	0	0	0	5	0	0	2	0	0	0	0	0	0	0	0	0	0	0	0	0	0	0	0	0	0	0	0	0	0	0	0	0	0	0	0	0	1321	2	0	0	0	0	0	0	0	0	0	0	0	0	0	0	0	0	0	0	0	0	0	0	0	0	0	0	0	0	0	0	0	0	0	0	0	0	2	0	0	0	0	0	7	0	0	0	0	0	0	0	0	207	0	10	0	0	0	0	0	0	0	0	0	0	0	0	0	0	0	1556
p__Chordata;c__Mammalia;o__Carnivora;f__Mustelidae;g__Lutra	Artifact (Carnivora) - Lutra sp.	2	0	0	0	0	0	0	0	0	0	0	0	0	0	0	0	0	0	0	0	0	0	0	0	0	0	0	0	0	0	0	0	0	0	0	0	0	0	0	0	0	0	1	0	0	0	0	0	0	0	0	0	0	0	0	0	0	0	0	0	0	0	0	0	0	0	0	0	0	0	0	0	0	0	0	0	0	0	0	0	0	0	0	0	0	0	0	0	0	0	0	0	0	0	0	0	0	0	0	0	0	0	0	0	0	0	0	0	0	0	0	0	0	0	0	0	0	0	0	0	0	0	0	0	0	0	0	0	0	0	0	0	41	0	0	0	42
p__Chordata;c__Mammalia;o__Carnivora;f__Mustelidae;g__Lutrogale	Artifact (Carnivora) - Lutrogale sp.	3	0	0	0	0	0	0	0	0	0	0	0	0	0	0	0	0	0	0	0	0	0	0	0	0	3	0	0	0	0	0	0	0	0	0	0	0	0	0	0	0	0	0	0	0	4	0	0	0	0	0	0	0	0	0	0	0	0	0	0	0	0	0	0	0	0	0	0	0	0	0	0	0	0	0	0	0	0	0	0	0	0	0	0	0	0	0	0	0	0	0	0	0	0	0	0	0	0	0	0	0	0	0	0	0	0	0	0	0	0	2	0	0	0	0	0	0	0	0	0	0	0	0	0	0	0	0	0	0	0	0	0	0	0	0	0	9
p__Chordata;c__Mammalia;o__Carnivora;f__Mustelidae	Artifact (Carnivora) - Mustelidae	30	10	12	15	8	11	121	93	7250	389	7	8	0	4	0	0	32	0	0	6	0	0	0	0	0	3	0	0	0	0	0	0	0	0	0	0	0	0	0	0	0	0	3	2	0	2	0	0	148	15	21	21	39	23	865	12	76	0	0	5252	3	11	10	0	0	13	0	5	0	0	4	0	3	178	2	0	4	0	0	0	10	3	0	0	0	0	0	0	0	0	28	0	54	0	0	0	2	2	0	0	0	0	0	0	0	6	7	0	0	4	0	0	20	0	0	0	0	0	0	0	0	0	0	0	2	0	0	0	0	0	0	4	5	2866	0	0	17694
p__Chordata;c__Mammalia;o__Carnivora;f__Viverridae;g__Paradoxurus;s__hermaphroditus	Artifact (Carnivora) - Paradoxurus hermaphroditus	74	0	0	0	0	0	0	0	0	0	0	0	0	0	0	0	0	0	0	0	98	150	112	95	102	1408	67	103974	24	78	20	11	11	6	7	4023	396	8	4	0	0	450	2329	0	0	0	0	0	0	25	43	133290	16	46	110	27	76	59	60	0	0	0	0	0	0	0	0	0	0	0	0	0	0	0	0	0	0	0	0	0	0	0	0	0	0	0	0	0	0	0	0	0	0	0	10	0	7	3	199	193	240	141	59	174294	89	161	90	85	58096	76	95	74	0	0	465	63	108	42	67	21	19	0	0	4	0	0	0	0	0	0	0	0	0	0	0	0	481826
p__Chordata;c__Mammalia;o__Carnivora;f__Viverridae;g__Paradoxurus	Artifact (Carnivora) - Paradoxurus sp.	1	0	0	0	0	0	0	0	0	0	0	0	0	0	0	0	0	0	0	0	0	0	0	0	0	0	0	0	0	0	0	0	0	0	0	0	0	0	0	0	0	21	0	0	0	0	0	0	0	0	0	0	0	0	0	0	0	0	0	0	0	0	0	0	0	0	0	0	0	0	0	0	0	0	0	0	0	0	0	0	0	0	0	0	0	0	0	0	0	0	0	0	0	0	0	0	0	0	0	0	0	0	0	0	0	0	0	0	0	0	0	0	0	0	0	0	0	0	0	0	0	0	0	0	0	0	0	0	0	0	0	0	0	0	0	0	21
p__Chordata;c__Mammalia;o__Carnivora;f__Viverridae	Artifact (Carnivora) - Viverridae	16	0	0	0	0	0	0	0	0	0	0	0	0	0	0	0	0	0	0	0	0	119	0	0	0	0	0	0	0	0	0	136	0	0	0	0	0	0	0	0	0	20	121	0	0	0	0	0	0	0	149	1095	7	0	0	0	0	0	0	0	0	0	0	0	0	0	0	0	0	0	0	0	0	0	0	0	0	0	0	0	0	0	0	0	0	0	0	0	0	0	0	0	0	0	0	0	0	0	0	230	0	0	0	5	0	0	0	0	0	2	0	0	0	0	0	0	0	0	0	0	0	0	0	0	0	0	0	0	0	0	0	0	0	0	0	0	1884
p__Chordata;c__Amphibia;o__Anura;f__Dicroglossidae	Prey - Amphibian	2	0	0	0	0	0	0	0	0	0	0	0	0	0	0	0	0	0	0	0	0	0	0	0	0	0	0	0	0	0	0	0	0	0	0	0	0	0	0	0	0	0	0	0	0	0	0	0	0	0	0	0	0	0	0	0	0	0	0	0	0	0	0	0	0	0	0	0	0	0	0	0	0	0	0	0	0	0	0	0	0	0	0	0	0	0	0	0	0	0	0	0	0	0	0	0	0	0	0	0	0	3	0	0	0	0	0	0	0	0	0	0	0	0	0	0	0	0	0	0	0	0	0	0	0	0	0	0	0	0	0	0	0	4	0	0	7
p__Chordata;c__Amphibia;o__Anura;f__Dicroglossidae;g__Fejervarya	Prey - Amphibian	41	0	0	0	0	0	0	0	0	0	0	0	3	0	50	0	0	1048	0	0	8	31	18	13	4	96	6	6106	0	7	383	1013	386	290	333	453	90527	311	0	0	0	0	0	422	6	0	0	0	0	0	0	0	0	0	0	0	0	0	0	22	41	52	34	251	16	19729	12	9	78	11	12	18553	33	9	46	10	20	0	0	0	0	0	0	0	0	46	884	0	450	0	0	0	0	0	0	0	109	225	124	1112	160	53837	41	10704	50	92	77	73	24	227	70	32	0	0	0	52	404	10	20984	23	9	0	0	0	0	0	0	0	0	0	0	0	0	0	0	0	230271
p__Chordata;c__Amphibia;o__Anura;f__Dicroglossidae;g__Fejervarya;s__moodiei	Prey - Amphibian	1	0	0	0	0	0	0	0	0	0	0	0	0	0	0	0	0	0	0	0	0	0	0	0	0	0	0	0	0	0	0	0	0	0	0	0	2	0	0	0	0	0	0	0	0	0	0	0	0	0	0	0	0	0	0	0	0	0	0	0	0	0	0	0	0	0	0	0	0	0	0	0	0	0	0	0	0	0	0	0	0	0	0	0	0	0	0	0	0	0	0	0	0	0	0	0	0	0	0	0	0	0	0	0	0	0	0	0	0	0	0	0	0	0	0	0	0	0	0	0	0	0	0	0	0	0	0	0	0	0	0	0	0	0	0	0	2
p__Chordata;c__Amphibia;o__Anura;f__Dicroglossidae;g__Limnonectes	Prey - Amphibian	8	0	0	0	0	0	0	0	0	0	0	37	0	32	0	10	39	0	23	22	0	0	0	0	0	0	0	0	0	0	0	0	0	0	0	0	0	0	0	0	0	85	64943	0	0	0	0	0	0	0	0	0	0	0	0	0	0	0	0	0	0	0	0	0	0	0	0	0	0	0	0	0	0	0	0	0	0	0	0	0	0	0	0	0	0	0	0	0	0	0	0	0	0	0	0	0	0	0	0	0	0	0	0	0	0	0	0	0	0	0	0	0	0	0	0	0	0	0	0	0	0	0	0	0	0	0	0	0	0	0	0	21	384	46354	1518	0	113468
p__Chordata;c__Amphibia;o__Anura;f__Dicroglossidae;g__Occidozyga	Prey - Amphibian	3	0	0	0	0	0	0	0	0	0	0	0	0	0	0	0	0	0	0	303	0	0	0	0	0	0	0	0	0	0	0	0	0	0	0	0	0	0	0	0	0	0	0	0	0	0	0	0	0	0	0	0	0	0	0	0	0	0	0	0	0	0	0	0	0	0	0	0	0	0	0	0	0	0	0	0	0	0	0	0	0	0	0	0	0	0	0	0	0	0	0	0	0	0	0	0	0	0	0	27	0	0	0	0	0	0	0	0	0	0	0	0	0	0	0	0	0	0	0	0	0	0	0	0	0	0	0	0	0	0	0	0	8	2	0	0	340
p__Chordata;c__Amphibia;o__Anura;f__Dicroglossidae;g__Occidozyga;s__martensii	Prey - Amphibian	5	0	0	0	0	0	0	0	0	0	0	0	0	0	0	0	0	0	0	0	0	0	0	0	0	0	0	0	0	0	0	0	0	0	0	0	0	0	0	0	0	0	0	0	0	0	0	0	0	0	0	0	0	0	0	0	0	0	0	0	0	0	0	0	0	0	0	0	0	1566	0	0	0	0	6	0	0	0	0	0	0	0	0	0	0	0	0	0	0	0	0	0	0	0	0	0	0	0	2	0	0	1000	0	0	3	0	0	0	0	0	0	0	0	0	0	0	0	0	0	0	0	0	0	0	0	0	0	0	0	0	0	0	0	0	0	0	2577
p__Chordata;c__Amphibia;o__Anura;f__Mantellidae	Prey - Amphibian	1	0	0	0	0	0	0	0	0	0	0	0	0	0	0	0	0	0	0	2	0	0	0	0	0	0	0	0	0	0	0	0	0	0	0	0	0	0	0	0	0	0	0	0	0	0	0	0	0	0	0	0	0	0	0	0	0	0	0	0	0	0	0	0	0	0	0	0	0	0	0	0	0	0	0	0	0	0	0	0	0	0	0	0	0	0	0	0	0	0	0	0	0	0	0	0	0	0	0	0	0	0	0	0	0	0	0	0	0	0	0	0	0	0	0	0	0	0	0	0	0	0	0	0	0	0	0	0	0	0	0	0	0	0	0	0	2
p__Chordata;c__Amphibia;o__Anura;f__Megophryidae	Prey - Amphibian	4	0	0	0	0	0	0	0	0	0	0	0	0	0	0	0	0	0	0	0	0	0	0	0	0	0	0	0	0	0	0	0	0	0	0	0	0	0	0	0	0	0	0	0	0	0	0	0	0	9	109	46	6	36	107	22187	102	59	48	0	0	0	0	0	0	0	0	0	0	0	0	0	0	0	0	0	0	0	0	0	0	0	0	0	0	0	0	0	0	0	0	0	0	0	0	0	0	0	0	0	0	0	0	0	0	0	0	0	0	0	0	0	0	0	0	0	0	0	0	0	0	0	0	0	0	0	0	0	0	0	0	0	0	0	0	0	22709
p__Chordata;c__Amphibia;o__Anura;f__Megophryidae;g__Leptobrachium	Prey - Amphibian	2	0	0	0	0	0	0	0	0	0	0	0	0	0	0	0	0	0	0	0	0	0	0	0	0	0	0	0	0	0	0	0	0	0	0	0	0	0	0	0	0	0	0	0	0	0	0	0	0	0	0	0	0	0	0	0	0	0	0	0	0	0	0	0	0	0	0	0	0	0	0	0	0	0	0	0	0	0	0	0	0	0	0	0	0	0	0	0	0	0	0	0	0	0	9	0	0	0	0	0	0	0	0	0	0	0	0	0	0	0	0	0	0	0	100	0	0	0	0	0	0	0	0	0	0	0	0	0	0	0	0	0	0	0	0	0	109
p__Chordata;c__Amphibia;o__Anura;f__Megophryidae;g__Leptobrachium;s__smithi	Prey - Amphibian	4	0	0	0	0	0	0	0	0	0	0	0	0	7	0	0	0	0	0	95	0	0	0	0	0	0	0	0	0	0	0	0	0	0	0	0	0	0	0	0	0	0	0	0	0	0	0	0	0	0	0	0	0	0	0	0	0	0	0	0	0	0	0	0	0	0	0	0	0	0	0	0	0	0	0	0	0	0	0	0	0	0	0	0	0	0	0	0	0	0	0	0	0	0	0	0	0	0	0	0	0	0	0	0	0	0	0	0	0	0	0	0	0	0	163	0	0	0	0	0	0	0	0	0	0	0	0	0	0	0	0	0	2694	8	2	0	2969
p__Chordata;c__Amphibia;o__Anura;f__Microhylidae;g__Microhyla	Prey - Amphibian	12	0	0	0	0	0	0	0	0	0	0	7	0	0	0	3	17	0	11	1269	0	0	0	0	0	0	0	0	0	0	0	0	0	0	0	0	0	0	0	0	0	0	0	0	0	0	0	0	0	0	0	0	0	0	0	0	0	0	0	0	0	0	0	0	0	0	0	0	0	0	0	0	0	0	0	0	0	0	0	0	0	0	0	0	0	0	0	0	0	0	0	0	0	0	0	0	0	0	17	58	19	414	12	0	10	4	13	10	0	0	0	0	0	0	0	0	0	0	0	0	0	0	0	0	0	0	0	0	0	0	0	2	105	8291	12	0	10274
p__Chordata;c__Amphibia;o__Anura;f__Microhylidae;g__Microhyla;s__butleri	Prey - Amphibian	6	0	0	0	0	0	0	0	0	0	0	0	0	0	0	0	0	0	0	0	0	0	0	0	0	0	0	0	0	0	0	0	0	0	0	0	0	0	0	0	0	0	0	0	0	0	0	0	0	0	0	0	0	0	0	0	0	0	0	0	0	0	0	0	0	0	0	0	0	0	0	0	0	0	0	0	0	0	0	0	0	0	0	0	0	0	0	0	0	0	0	0	0	0	0	0	0	0	49	144	31	21652	10	39	11	35	18	22	0	0	0	0	0	0	0	0	0	0	0	0	0	0	0	0	0	0	0	0	0	0	0	0	0	0	0	0	22011
p__Chordata;c__Amphibia;o__Anura;f__Microhylidae;g__Microhyla;s__heymonsi	Prey - Amphibian	4	0	0	0	0	0	0	0	0	0	0	0	0	0	0	0	0	0	0	0	0	0	0	0	0	0	0	0	0	0	0	0	0	0	0	0	0	0	0	0	0	0	0	0	0	0	0	0	0	0	0	0	0	0	0	0	0	0	0	0	0	0	0	0	0	0	0	0	0	0	0	0	0	0	0	0	0	0	0	0	0	0	0	0	0	0	0	0	0	0	0	0	0	0	0	0	0	0	23	96	30	14824	0	2	18	14	13	10	0	0	0	0	0	0	0	0	0	0	0	0	0	0	0	0	0	0	0	0	0	0	0	0	0	0	0	0	15030
p__Chordata;c__Amphibia;o__Anura;f__Ranidae	Prey - Amphibian	7	0	0	0	0	0	0	0	0	0	0	0	0	0	0	0	0	0	0	0	0	0	0	0	0	0	0	0	0	0	0	0	0	0	0	0	0	0	0	0	0	2	0	0	0	0	0	0	0	0	0	0	0	0	0	0	0	0	0	0	0	0	0	0	0	0	0	0	0	0	0	0	0	0	0	0	0	0	0	0	0	0	0	0	0	0	0	0	0	0	0	0	0	0	5	0	0	0	0	0	0	22	0	0	0	0	0	0	0	0	0	0	0	0	0	0	0	0	0	0	0	0	0	0	0	0	0	0	0	0	0	0	106	22	0	0	157
p__Chordata;c__Amphibia;o__Anura;f__Ranidae;g__Amolops	Prey - Amphibian	11	0	0	0	0	0	0	0	0	0	0	0	0	5	0	3	0	0	0	4	0	0	0	0	0	0	0	0	0	0	0	0	0	0	0	0	0	0	7	0	5	2390	495	0	0	0	0	0	0	0	0	0	0	0	0	0	0	0	0	0	0	0	0	0	0	0	0	0	0	0	0	0	0	0	0	0	0	0	0	0	0	0	0	0	0	0	0	0	0	0	0	0	0	6	153	0	0	0	0	0	0	0	0	0	0	0	0	0	0	0	0	0	0	0	5	0	0	0	0	0	0	0	0	0	0	0	0	0	0	0	0	4	108	7	2336	2084	7612
p__Chordata;c__Amphibia;o__Anura;f__Ranidae;g__Hylarana	Prey - Amphibian	2	0	0	0	0	0	0	0	0	0	0	0	0	0	0	0	0	0	0	0	0	0	0	0	0	0	0	0	0	0	0	0	0	0	0	0	0	0	0	0	0	0	0	0	0	0	0	0	0	0	0	0	0	0	0	0	0	0	0	0	0	0	0	0	0	0	0	0	0	0	0	0	0	0	0	0	0	0	0	0	0	0	0	0	0	0	0	0	0	0	0	0	0	0	0	0	0	0	0	0	0	97	0	0	0	0	0	0	0	0	0	0	0	0	0	0	0	0	0	0	0	0	0	0	0	0	0	0	0	0	0	0	2	0	0	0	99
p__Chordata;c__Amphibia;o__Anura;f__Ranidae;g__Hylarana;s__erythraea	Prey - Amphibian	23	0	0	0	0	0	0	0	0	0	0	0	0	0	0	0	0	0	0	0	0	0	0	0	0	0	0	0	0	0	0	0	0	0	0	0	0	0	11	0	5	0	0	0	0	0	0	0	0	0	0	0	0	0	0	0	0	0	0	12	70	8	13	80	3	6927	6	0	0	0	0	0	0	0	0	0	0	0	0	0	0	0	0	0	0	0	0	0	0	0	0	0	0	34	45772	11	0	0	25	135	26	7899	10	15	7	16	10	13	0	0	0	0	0	12	28	0	0	0	0	0	0	0	0	0	0	0	0	0	0	0	5	0	0	0	0	15	61168
p__Chordata;c__Amphibia;o__Anura;f__Ranidae;g__Hylarana;s__nigrovittata	Prey - Amphibian	10	0	0	0	0	0	0	0	0	0	0	91	0	103	0	24	152	0	7831	12261	0	0	0	0	0	0	0	0	0	0	0	0	0	0	0	0	0	0	0	0	0	0	0	0	0	0	0	0	0	0	0	0	0	0	0	0	0	0	0	0	0	0	0	0	0	0	0	0	0	0	0	0	0	0	0	0	0	0	0	0	0	0	0	0	0	0	0	0	0	0	0	0	0	0	0	0	0	0	0	0	0	0	0	0	0	0	0	0	0	0	0	0	0	0	0	0	0	0	0	0	0	0	0	0	0	0	3	0	0	0	0	28	29684	18553	65	0	68795
p__Chordata;c__Amphibia;o__Anura;f__Ranidae;g__Hylarana;s__taipehensis	Prey - Amphibian	7	0	0	0	0	0	0	0	0	0	0	0	0	0	0	0	0	0	0	0	58	243	31	38067	45	28	27	29	8	27	0	0	0	0	0	0	0	0	0	0	0	0	0	0	0	0	0	0	0	0	0	0	0	0	0	0	0	0	0	0	0	0	0	0	0	0	0	0	0	0	0	0	0	0	0	0	0	0	0	0	0	0	0	0	0	0	0	0	0	0	0	0	0	0	0	0	0	0	0	0	0	0	0	0	0	0	0	0	0	0	0	0	0	0	0	0	0	0	0	0	0	0	0	0	0	0	0	0	0	0	0	0	0	0	0	0	38563
p__Chordata;c__Amphibia;o__Anura;f__Ranidae;g__Odorrana	Prey - Amphibian	2	0	0	0	0	0	0	0	0	0	0	7	0	0	0	0	0	0	2	0	0	0	0	0	0	0	0	0	0	0	0	0	0	0	0	0	0	0	0	0	0	0	0	0	0	0	0	0	0	0	0	0	0	0	0	0	0	0	0	0	0	0	0	0	0	0	0	0	0	0	0	0	0	0	0	0	0	0	0	0	0	0	0	0	0	0	0	0	0	0	0	0	0	0	0	0	0	0	0	0	0	0	0	0	0	0	0	0	0	0	0	0	0	0	0	0	0	0	0	0	0	0	0	0	0	0	0	0	0	0	0	0	2455	3	0	0	2467
p__Chordata;c__Amphibia;o__Anura;f__Ranidae;g__Sylvirana	Prey - Amphibian	1	0	0	0	0	0	0	0	0	0	0	0	0	0	0	0	0	0	0	0	0	0	0	0	0	0	0	0	0	0	0	0	0	0	0	0	0	0	0	0	0	0	0	0	0	0	0	0	0	0	0	0	0	0	0	0	0	0	0	0	0	0	0	0	0	0	0	0	0	0	0	0	0	0	0	0	0	0	0	0	0	0	0	0	0	0	0	0	0	0	0	0	0	0	0	0	0	0	0	0	0	0	0	0	0	0	0	0	0	0	0	0	0	0	0	0	0	0	0	0	0	0	0	0	0	0	0	0	0	0	0	0	7	0	0	0	7
p__Chordata;c__Amphibia;o__Anura;f__Ranidae;g__Sylvirana;s__cubitalis	Prey - Amphibian	1	0	0	0	0	0	0	0	0	0	0	39	0	33	0	8	37	0	26	10223	0	0	0	0	0	0	0	0	0	0	0	0	0	0	0	0	0	0	0	0	0	0	0	0	0	0	0	0	0	0	0	0	0	0	0	0	0	0	0	0	0	0	0	0	0	0	0	0	0	0	0	0	0	0	0	0	0	0	0	0	0	0	0	0	0	0	0	0	0	0	0	0	0	0	0	0	0	0	0	0	0	0	0	0	0	0	0	0	0	0	0	0	0	0	0	0	0	0	0	0	0	0	0	0	0	0	0	0	0	0	0	6	68	247	22	0	10709
p__Chordata;c__Amphibia;o__Anura;f__Ranidae;g__Wijayarana;s__melasma	Prey - Amphibian	1	0	0	0	0	0	0	0	0	0	0	0	0	0	0	0	0	0	31	2	0	0	0	0	0	0	0	0	0	0	0	0	0	0	0	0	0	0	0	0	0	0	0	0	0	0	0	0	0	0	0	0	0	0	0	0	0	0	0	0	0	0	0	0	0	0	0	0	0	0	0	0	0	0	0	0	0	0	0	0	0	0	0	0	0	0	0	0	0	0	0	0	0	0	0	0	0	0	0	0	0	0	0	0	0	0	0	0	0	0	0	0	0	0	0	0	0	0	0	0	0	0	0	0	0	0	0	0	0	0	0	0	0	0	0	0	33
p__Chordata;c__Aves;o__Anseriformes;f__Anatidae;g__Dendrocygna;s__javanica	Prey - Aves	7	0	0	0	0	0	0	0	0	0	0	0	0	0	0	0	0	0	116	0	0	0	0	0	0	0	0	0	0	0	0	0	0	0	0	0	0	0	0	0	0	0	0	0	0	0	0	0	0	0	0	0	0	0	0	0	0	0	0	16	87	15	18	4	7	14	8	5	0	0	0	0	0	0	0	0	0	0	0	0	0	0	0	0	0	0	0	0	0	0	0	0	0	0	0	0	0	0	0	0	0	0	0	0	0	0	0	0	0	0	0	0	0	0	0	0	0	0	0	0	0	0	0	0	0	0	0	0	0	0	0	0	6	0	0	0	296
p__Chordata;c__Aves;o__Coraciiformes;f__Alcedinidae	Prey - Aves	6	0	0	0	0	0	0	0	0	0	0	0	0	0	0	0	0	0	0	0	0	0	0	0	0	0	0	0	0	0	0	0	0	0	0	0	0	0	0	0	0	0	0	0	0	0	0	0	0	0	0	0	0	0	0	0	0	0	0	0	0	0	0	0	0	0	0	0	0	0	0	0	0	0	0	0	0	0	0	0	0	0	0	0	0	0	0	0	0	0	0	0	0	0	0	0	0	0	0	0	0	0	0	0	0	0	0	0	0	0	0	0	0	0	0	0	0	0	0	0	0	0	42	0	0	0	177	3	3	0	0	0	0	0	0	0	225
p__Chordata;c__Aves;o__Coraciiformes;f__Alcedinidae;g__Halcyon;s__pileata	Prey - Aves	1	0	0	0	0	0	0	0	0	0	0	0	0	0	0	0	0	0	0	0	0	0	0	0	0	0	0	0	0	0	0	0	0	0	0	0	0	0	0	0	0	0	0	0	0	0	0	0	0	0	0	0	0	0	0	0	0	0	0	0	0	0	0	0	0	0	0	0	0	0	0	0	0	0	0	0	0	0	0	0	0	0	0	0	0	0	0	0	0	0	0	0	0	0	0	0	0	0	0	0	0	0	0	0	0	0	0	0	0	0	0	0	0	0	28	0	0	0	0	0	0	0	0	0	0	0	0	0	0	0	0	0	0	0	0	0	28
p__Chordata;c__Aves;o__Galliformes	Prey - Aves	1	0	0	0	0	0	0	0	0	0	0	0	0	0	0	0	0	0	0	0	0	0	0	0	0	0	0	0	0	0	0	0	0	0	0	0	0	0	0	0	0	0	0	0	0	0	0	0	0	0	0	0	0	0	0	0	0	0	0	0	0	0	0	0	0	0	0	0	0	0	0	0	0	0	0	0	0	0	0	0	0	0	0	0	0	0	0	0	0	0	0	0	0	0	0	0	0	0	0	0	0	0	0	0	0	0	0	0	0	0	0	0	0	0	0	0	0	0	0	0	0	0	9	0	0	0	0	0	0	0	0	0	0	0	0	0	9
p__Chordata;c__Aves;o__Galliformes;f__Phasianidae	Prey - Aves	5	0	0	0	0	0	0	0	0	0	0	0	0	0	0	0	0	0	0	0	0	0	0	0	0	0	0	0	0	0	0	0	0	0	0	0	0	0	0	0	0	0	0	0	0	0	0	0	0	0	0	0	0	0	0	0	0	0	0	0	0	0	0	0	0	0	0	0	0	0	0	0	0	0	0	0	0	0	0	0	0	0	0	0	0	0	0	0	0	0	0	0	0	0	0	0	0	0	0	0	0	0	0	0	0	0	0	0	0	3	0	0	817	0	0	0	0	0	233	0	0	124	30	2	2	4	0	0	0	0	0	0	0	0	0	0	1215
p__Chordata;c__Aves;o__Gruiformes;f__Rallidae	Prey - Aves	1	0	0	0	0	0	0	0	0	0	0	0	0	0	0	0	0	0	0	0	37	0	0	0	0	0	0	0	0	0	0	0	0	0	0	0	0	0	0	0	0	0	0	0	0	0	0	0	0	0	0	0	0	0	0	0	0	0	0	0	0	0	0	0	0	0	0	0	0	0	0	0	0	0	0	0	0	0	0	0	0	0	0	0	0	0	0	0	0	0	0	0	0	0	0	0	0	0	0	0	0	0	0	0	0	0	0	0	0	0	0	0	0	0	0	0	0	0	0	0	0	0	0	0	0	0	0	0	0	0	0	0	0	0	0	0	37
p__Chordata;c__Aves;o__Passeriformes;f__Corvidae;g__Urocissa	Prey - Aves	2	0	0	0	0	0	0	0	0	0	0	0	0	0	0	0	0	0	0	0	0	0	0	0	0	0	0	0	0	0	0	0	0	0	0	0	0	0	0	0	0	208	23	0	0	0	0	0	0	0	0	0	0	0	0	0	0	0	0	0	0	0	0	0	0	0	0	0	0	0	0	0	0	0	0	0	0	0	0	0	0	0	0	0	0	0	0	0	0	0	0	0	0	0	0	0	0	0	0	0	0	0	0	0	0	0	0	0	0	0	0	0	0	0	0	0	0	0	0	0	0	0	0	0	0	0	0	0	0	0	0	0	0	0	0	0	231
p__Chordata;c__Aves;o__Passeriformes;f__Sturnidae	Prey - Aves	1	0	0	0	0	0	0	0	0	0	0	0	0	0	0	0	0	0	0	0	0	0	0	0	0	0	0	0	0	0	0	0	0	0	0	0	0	0	0	0	0	0	0	0	0	0	0	0	0	0	0	0	0	0	0	0	0	0	0	0	6	0	0	0	0	0	0	0	0	0	0	0	0	0	0	0	0	0	0	0	0	0	0	0	0	0	0	0	0	0	0	0	0	0	0	0	0	0	0	0	0	0	0	0	0	0	0	0	0	0	0	0	0	0	0	0	0	0	0	0	0	0	0	0	0	0	0	0	0	0	0	0	0	0	0	0	6
p__Chordata;c__Aves;o__Passeriformes;f__Sturnidae;g__Acridotheres	Prey - Aves	1	0	0	0	0	0	0	0	0	0	0	0	0	0	0	0	0	0	0	0	0	0	0	0	0	0	0	0	0	0	0	0	0	0	0	0	0	0	0	0	0	0	0	0	0	0	0	0	0	0	0	0	0	0	0	0	0	0	0	0	0	83	0	0	0	0	0	0	0	0	0	0	0	0	0	0	2	0	0	0	0	0	0	0	0	0	0	0	0	0	0	0	0	0	0	0	0	0	0	0	0	0	0	0	0	0	0	0	0	0	0	0	0	0	0	0	0	0	0	0	0	0	0	0	0	0	0	0	0	0	0	0	0	0	0	0	85
p__Chordata;c__Aves;o__Strigiformes;f__Strigidae;g__Bubo;s__flavipes	Prey - Aves	11	0	0	0	0	0	0	0	0	0	0	0	19	10	142	0	537	10	0	3	0	0	0	0	0	0	0	0	0	0	0	0	0	0	0	0	0	0	0	16	0	0	0	10	14	10985	6	0	9	0	0	0	0	0	0	0	0	0	0	0	0	0	0	0	0	0	0	0	0	0	0	0	0	0	0	0	0	0	0	0	0	0	0	0	0	0	0	0	0	0	0	0	0	0	0	0	0	0	0	0	0	0	0	0	0	0	0	0	0	0	0	0	0	0	0	0	0	0	0	0	0	0	0	0	0	0	0	0	0	0	0	3	29	0	0	0	11793
p__Chordata;c__Actinopteri;o__Anabantiformes	Prey - Fish	1	0	0	0	0	0	0	0	0	0	0	0	0	0	0	0	0	0	0	0	0	0	0	0	0	0	0	0	0	0	0	0	0	0	0	0	0	0	0	0	0	0	0	0	0	0	0	0	0	0	0	0	0	0	0	0	0	0	0	0	0	0	4	0	0	0	0	0	0	0	0	0	0	0	0	0	0	0	0	0	0	0	0	0	0	0	0	0	0	0	0	0	0	0	0	0	0	0	0	0	0	0	0	0	0	0	0	0	0	0	0	0	0	0	0	0	0	0	0	0	0	0	0	0	0	0	0	0	0	0	0	0	0	0	0	0	4
p__Chordata;c__Actinopteri;o__Anabantiformes;f__Anabantidae	Prey - Fish	4	0	0	0	0	0	0	0	0	0	0	0	0	0	0	0	0	0	0	0	0	0	0	0	0	0	0	0	0	0	0	0	0	0	0	0	0	0	0	0	0	0	0	0	0	0	0	0	0	0	2	0	0	0	0	0	0	0	0	0	0	0	0	0	0	0	0	0	0	0	0	0	1	0	0	0	2	0	0	0	0	7	0	0	0	0	0	0	0	0	0	0	0	0	0	0	0	0	0	0	0	0	0	0	0	0	0	0	0	0	0	0	0	0	0	0	0	0	0	0	0	0	0	0	0	0	0	0	0	0	0	0	0	0	0	0	12
p__Chordata;c__Actinopteri;o__Anabantiformes;f__Anabantidae;g__Anabas	Prey - Fish	2	0	0	0	0	0	0	0	0	0	0	0	0	0	0	0	0	0	0	0	0	0	0	0	0	0	0	0	0	0	0	0	0	0	0	0	0	0	0	0	0	0	0	0	0	0	0	0	0	0	0	0	0	0	4	0	0	0	0	0	0	0	0	0	0	0	0	0	0	0	0	0	0	0	0	0	0	0	0	0	0	0	0	0	0	0	0	0	0	0	0	0	0	0	6	0	0	0	0	0	0	0	0	0	0	0	0	0	0	0	0	0	0	0	0	0	0	0	0	0	0	0	0	0	0	0	0	0	0	0	0	0	0	0	0	0	10
p__Chordata;c__Actinopteri;o__Anabantiformes;f__Anabantidae;g__Anabas;s__testudineus	Prey - Fish	15	0	0	0	0	0	0	0	0	0	0	0	0	0	0	0	0	0	0	0	0	0	0	0	0	0	3	0	0	0	0	0	0	0	0	0	0	0	9	0	2	0	0	0	0	0	0	0	0	0	395	19	4	10	13480	20	29	23	12	0	0	0	0	0	0	0	0	0	9	1418	0	0	0	0	4	0	2	0	0	11	63	1947	23	15	0	0	0	0	0	0	0	0	0	0	11025	6	0	0	0	0	0	0	0	0	0	0	0	0	4	25	20	12	0	11	19	5	84	6	3167	10	0	0	0	0	0	0	0	0	0	0	4	0	0	0	0	4	31900
p__Chordata;c__Actinopteri;o__Anabantiformes;f__Channidae	Prey - Fish	10	0	0	0	0	0	0	0	0	0	0	0	0	3	0	0	9	0	0	0	0	0	0	0	0	0	0	0	0	0	0	0	0	0	0	0	0	0	0	0	0	613	0	0	0	0	0	0	0	0	0	0	0	0	0	0	0	0	0	0	0	0	0	7	0	0	0	0	0	0	0	0	0	0	0	0	0	0	0	0	0	0	0	0	0	0	0	0	6	0	0	0	0	0	0	0	0	0	0	0	0	0	0	0	0	0	0	0	0	0	0	0	9	0	0	0	0	0	0	0	0	4	0	0	0	0	0	0	0	0	0	0	0	0	0	0	651
p__Chordata;c__Actinopteri;o__Anabantiformes;f__Channidae;g__Channa	Prey - Fish	64	40	67763	36	285	53	54	19	46	52	21	140	109	8010	488	878	63898	88	1341	3562	0	0	0	0	0	0	0	0	0	0	0	0	0	0	0	0	0	0	1153	27481	0	199008	2399	74	283	101	41	120	327	0	0	0	0	14	4	0	0	0	10	0	33	12	11	808	5	2	2	0	0	13	0	11	0	0	8	0	503	15	16	75	6183	498	16396	52	14	0	0	0	0	0	0	0	0	14	7	0	0	0	0	0	0	0	0	0	0	0	0	0	0	0	0	0	6320	2	33	0	0	0	0	0	0	43	62	43	7	26	59	11	34	10	0	76	31095	10235	136	0	450768
p__Chordata;c__Actinopteri;o__Anabantiformes;f__Channidae;g__Channa;s__lucius	Prey - Fish	8	0	0	0	0	0	0	0	0	0	0	0	0	0	0	0	0	0	0	0	0	0	0	0	0	0	0	0	0	0	0	0	0	0	0	0	0	0	0	0	0	0	0	0	0	0	0	0	0	3	244	20	5	9523	4510	7	59	28	28	3	9	0	81	3	0	0	0	0	0	0	0	0	0	0	0	0	0	0	0	0	0	0	0	0	0	0	0	0	0	0	0	0	0	0	0	0	0	0	0	0	0	0	0	0	0	0	0	0	0	0	0	0	109	0	0	0	0	0	0	0	0	0	0	0	0	0	0	0	0	0	0	0	0	0	0	0	14632
p__Chordata;c__Actinopteri;o__Anabantiformes;f__Channidae;g__Channa;s__striata	Prey - Fish	37	23	234	21	0	17	16	0	13	4173	0	0	506	0	3196	0	0	354	0	0	0	0	0	0	0	0	0	0	0	0	0	0	0	0	0	0	0	0	0	13194	0	0	0	352	211525	531	202	621	308	0	59	11	6	4019	32	0	91	18	156	150	311	419	172	7730	72	26108	32	29	33	5	0	7	23	6	15	3476	17	2	7	13	9047	21	49	16	2	12	0	17	64	2	2790	15	8	0	0	0	0	0	0	0	0	0	0	0	0	0	0	0	0	0	0	0	901	0	0	0	0	0	0	0	0	0	48	4	0	12	0	0	0	0	0	0	0	0	0	0	291313
p__Chordata;c__Actinopteri;o__Anabantiformes;f__Osphronemidae	Prey - Fish	4	0	0	0	0	0	0	0	0	0	0	0	0	0	0	0	0	0	0	0	0	0	0	0	0	0	0	0	0	0	0	0	0	0	0	0	0	0	0	0	0	0	0	0	0	0	0	0	0	0	0	0	0	4	0	0	0	0	0	0	0	0	0	0	0	0	0	0	0	0	3	0	0	0	0	0	0	0	0	0	0	0	0	0	0	0	0	0	0	0	0	0	2	0	0	0	0	0	0	0	0	0	0	0	0	0	0	0	0	0	0	0	0	0	0	0	0	0	2	0	0	0	0	0	0	0	0	0	0	0	0	0	0	0	0	0	11
p__Chordata;c__Actinopteri;o__Anabantiformes;f__Osphronemidae;g__Betta;s__imbellis	Prey - Fish	16	0	0	0	0	0	0	0	0	0	0	0	0	0	0	0	0	0	0	0	0	0	0	0	0	0	0	0	0	0	0	0	0	0	0	0	0	0	0	0	0	0	0	0	0	0	0	0	0	0	38	9	0	5616	16	0	17	18	5	0	0	0	0	0	0	0	0	0	0	0	0	0	0	0	0	0	0	0	0	0	0	0	0	0	0	131	28	33	25247	4	33	40	28	0	0	0	0	0	0	8	3	2411	9	4	9	6	4	6	0	0	0	0	0	0	0	0	0	0	0	0	0	0	0	0	0	0	0	0	0	0	0	0	0	0	0	0	33723
p__Chordata;c__Actinopteri;o__Anabantiformes;f__Osphronemidae;g__Trichopodus	Prey - Fish	9	1515	171	0	9	11	5222	0	5	14	5	0	0	0	0	0	0	0	0	0	0	0	0	0	0	0	0	0	0	0	0	0	0	0	0	0	0	0	0	0	0	0	0	0	0	0	0	0	0	0	0	0	0	0	0	0	9	0	0	0	0	0	0	0	0	0	0	0	0	0	0	6	0	0	0	0	0	0	0	0	0	0	0	0	0	0	0	0	0	0	0	0	0	0	0	0	0	0	0	0	0	0	0	0	0	0	0	0	0	0	0	0	0	0	0	0	0	0	8	0	0	0	0	0	0	0	0	0	0	0	0	0	0	0	0	0	6975
p__Chordata;c__Actinopteri;o__Anabantiformes;f__Osphronemidae;g__Trichopodus;s__microlepis	Prey - Fish	3	0	0	0	0	0	0	0	0	0	0	0	0	0	0	0	0	0	0	0	0	0	0	0	0	0	0	0	0	0	0	0	0	0	0	0	0	0	0	0	0	0	0	0	0	0	0	0	0	0	20	0	0	2	0	0	377	0	0	0	0	0	0	0	0	0	0	0	0	0	0	0	0	0	0	0	0	0	0	0	0	0	0	0	0	0	0	0	0	0	0	0	0	0	0	0	0	0	0	0	0	0	0	0	0	0	0	0	0	0	0	0	0	0	0	0	0	0	0	0	0	0	0	0	0	0	0	0	0	0	0	0	0	0	0	0	399
p__Chordata;c__Actinopteri;o__Anabantiformes;f__Osphronemidae;g__Trichopodus;s__pectoralis	Prey - Fish	4	0	0	0	0	0	0	0	0	0	0	0	0	0	0	0	0	0	0	0	0	0	0	0	0	0	0	0	0	0	0	0	0	0	0	0	0	0	0	0	0	0	0	0	0	0	0	0	0	0	14	0	0	0	8	0	105	75	0	22	40	28	1046	21	19	29	7	6	0	0	0	0	0	0	0	0	0	0	0	0	0	0	0	0	0	0	0	0	0	0	0	0	0	0	0	0	0	0	0	0	0	0	0	0	0	0	0	0	0	0	0	0	0	0	0	0	0	0	0	0	0	0	0	0	0	0	0	0	0	0	0	0	0	0	0	0	1420
p__Chordata;c__Actinopteri;o__Anabantiformes;f__Osphronemidae;g__Trichopodus;s__trichopterus	Prey - Fish	21	8	0	0	0	0	0	0	0	0	0	0	0	0	0	0	0	0	0	0	0	0	0	0	0	0	0	0	0	0	0	0	0	0	0	0	0	0	0	0	0	0	0	0	0	0	0	0	0	0	70	32	7	50	210	13489	357	82	63	0	0	0	0	0	0	0	0	0	179	24642	47	78863	338	108	283	46	205	0	0	0	8	33	0	0	0	0	0	0	0	0	0	0	0	0	0	0	0	0	0	0	0	0	0	0	0	0	0	0	0	8	0	0	0	0	0	0	0	0	347	0	0	0	0	0	0	0	0	0	0	0	0	0	0	0	0	0	119475
p__Chordata;c__Actinopteri;o__Anabantiformes;f__Osphronemidae;g__Trichopsis	Prey - Fish	21	0	0	0	0	0	0	0	0	0	0	0	0	0	0	0	0	0	0	0	0	0	0	0	0	0	0	0	0	0	0	0	0	0	0	0	0	0	0	0	0	0	0	0	0	0	0	0	0	0	0	0	2	390	0	0	0	0	0	0	0	0	0	0	6	0	0	0	0	0	0	0	13	0	0	0	0	0	0	0	0	0	0	0	0	8	0	2507	0	0	0	0	0	1987	24	0	0	0	0	0	0	0	0	0	0	0	0	0	0	0	0	0	0	0	2	0	0	0	0	0	0	0	0	0	0	0	0	0	0	0	0	0	0	0	0	0	4939
p__Chordata;c__Actinopteri;o__Anabantiformes;f__Osphronemidae;g__Trichopsis;s__vittata	Prey - Fish	20	0	0	0	0	0	0	0	0	0	0	0	0	0	0	0	0	0	0	0	0	0	0	0	0	0	0	0	0	0	0	0	0	0	0	0	0	0	78	0	54	0	0	0	0	0	0	0	0	0	23	4	3	11072	28	0	43	28	12	131	258	196	86	671	71	46522	28	17	15006	7	0	16	20	3	26	0	14	0	0	0	0	0	0	0	0	36	62	50156	157	23	134	113	71	96517	72	26	0	0	0	0	0	0	0	0	0	0	0	0	0	0	0	0	0	89	200	0	0	0	0	0	0	0	0	0	0	0	0	0	0	0	48	0	0	0	0	58	222179
p__Chordata;c__Actinopteri;o__Anabantiformes;f__Pristolepididae	Prey - Fish	13	0	0	0	0	0	0	0	0	0	0	0	0	0	0	0	0	0	0	0	0	0	0	0	0	0	0	0	0	0	0	0	0	0	0	0	0	0	0	0	0	0	0	0	0	0	0	0	0	0	14	0	0	0	0	0	0	0	0	3	2	12	4	0	0	0	0	0	31	0	0	0	11	8	0	0	0	0	0	0	0	0	0	0	0	0	0	0	0	0	0	0	0	0	0	0	0	0	0	0	0	0	0	0	0	0	2	0	0	0	0	0	0	0	0	0	0	0	0	0	0	0	0	0	0	0	0	0	0	0	0	0	0	0	0	0	87
p__Chordata;c__Actinopteri;o__Anabantiformes;f__Pristolepididae;g__Pristolepis	Prey - Fish	99	0	0	0	0	0	0	0	0	51	0	0	224	0	950	0	0	339	0	0	0	0	0	0	0	0	0	0	0	0	0	112	21	17	27	188	0	8701	0	159	0	0	0	25332	427	239	71	277	42610	33	1383	110	45	178	1042	83	3408	59020	6357	40647	3109	29048	3119	16801	76779	691	5781	185	65011	615	326	1082	194872	72921	155794	11316	63816	0	5	13	230	8	11	10	426	596	51	118	196	26	4422	19865	57	0	0	0	0	14	2	28	5	0	0	1504	0	0	0	0	0	0	0	0	0	0	0	0	0	0	0	3	0	0	0	0	0	0	0	0	0	0	0	0	0	0	0	0	920907
p__Chordata;c__Actinopteri;o__Anguilliformes;f__Anguillidae	Prey - Fish	2	0	0	0	0	0	0	0	0	0	0	0	0	0	0	0	0	3	0	0	0	0	0	0	0	0	0	0	0	0	0	0	0	0	0	0	0	0	0	0	0	0	0	0	0	0	0	0	0	0	0	0	0	0	0	0	0	0	0	0	0	0	0	0	0	0	0	0	0	0	0	0	0	0	0	0	0	0	0	0	0	0	0	0	0	0	0	0	0	0	0	0	0	0	0	0	0	0	0	0	0	0	0	0	0	0	0	0	0	0	0	0	0	0	0	0	0	0	0	0	0	0	0	2	0	0	0	0	0	0	0	0	0	0	0	0	5
p__Chordata;c__Actinopteri;o__Anguilliformes;f__Anguillidae;g__Anguilla	Prey - Fish	3	0	0	0	0	0	0	0	0	0	0	0	0	0	0	0	0	0	0	0	0	0	0	0	0	0	0	0	0	0	0	0	0	0	0	0	0	0	0	0	0	0	0	0	0	0	0	0	0	0	0	0	0	0	0	0	0	0	0	0	0	0	0	0	0	0	3	0	0	0	0	0	12	0	0	0	2	0	0	0	0	0	0	0	0	0	0	0	0	0	0	0	0	0	0	0	0	0	0	0	0	0	0	0	0	0	0	0	0	0	0	0	0	0	0	0	0	0	0	0	0	0	0	0	0	0	0	0	0	0	0	0	0	0	0	0	17
p__Chordata;c__Actinopteri;o__Anguilliformes;f__Ophichthidae	Prey - Fish	4	0	0	0	0	0	0	0	0	0	0	0	0	0	0	0	0	10	0	0	5	0	0	0	0	0	0	0	0	0	0	0	0	0	0	0	0	0	0	0	0	0	0	0	0	0	0	0	0	0	0	0	0	0	0	0	0	0	0	0	0	0	0	0	0	0	0	0	0	0	0	0	0	0	0	0	0	0	0	0	0	0	0	0	0	0	0	0	0	0	0	0	0	0	0	0	0	0	0	0	0	0	0	0	0	0	0	0	0	4	0	0	0	0	0	0	0	0	0	0	0	0	0	0	0	0	0	141	54	0	0	0	0	0	0	0	214
p__Chordata;c__Actinopteri;o__Anguilliformes;f__Ophichthidae;g__Pisodonophis	Prey - Fish	18	0	0	0	0	0	0	0	0	0	0	0	0	0	21	0	0	3	0	0	0	2	2	0	0	0	0	0	0	6	0	0	0	0	0	0	0	0	0	0	0	0	0	0	0	0	0	0	0	0	0	0	0	0	0	0	0	0	0	0	0	0	0	0	0	0	0	0	0	0	0	0	0	0	0	0	0	0	0	0	0	0	0	0	0	0	0	0	0	0	0	0	0	0	0	0	0	0	0	0	0	0	0	0	0	0	0	0	2	47	0	45	0	0	0	0	2	0	334	32	0	0	6	0	0	0	0	14	0	0	0	0	0	0	0	0	516
p__Chordata;c__Actinopteri;o__Atheriniformes;f__Atherinidae	Prey - Fish	2	0	0	0	0	0	0	0	0	0	0	0	0	0	0	0	0	2	0	0	0	0	0	0	0	0	0	0	0	0	0	0	0	0	0	0	0	0	0	0	0	0	0	0	0	0	0	0	0	0	0	0	0	0	0	0	2	0	0	0	0	0	0	0	0	0	0	0	0	0	0	0	0	0	0	0	0	0	0	0	0	0	0	0	0	0	0	0	0	0	0	0	0	0	0	0	0	0	0	0	0	0	0	0	0	0	0	0	0	0	0	0	0	0	0	0	0	0	0	0	0	0	0	0	0	0	0	0	0	0	0	0	0	0	0	0	4
p__Chordata;c__Actinopteri;o__Beloniformes;f__Adrianichthyidae	Prey - Fish	7	0	0	0	0	0	0	0	0	0	0	0	0	0	0	0	0	0	0	0	0	0	0	0	0	0	0	0	0	0	2	4	12	0	9	0	0	0	0	0	0	0	0	0	0	0	0	0	0	0	0	0	0	0	0	0	0	0	0	0	0	0	0	0	0	0	0	0	0	0	0	0	0	0	0	0	0	0	0	0	0	0	0	0	0	0	0	0	0	0	0	0	0	0	0	0	0	0	0	2	0	9	0	2	0	0	0	0	0	0	0	0	0	0	0	0	0	0	0	0	0	0	0	0	0	0	0	0	0	0	0	0	0	0	0	0	40
p__Chordata;c__Actinopteri;o__Beloniformes;f__Adrianichthyidae;g__Oryzias	Prey - Fish	4	0	0	0	0	0	0	0	0	0	0	0	0	0	0	0	0	0	0	0	0	0	0	0	0	0	0	0	0	0	0	0	0	0	0	0	4	0	0	0	0	0	0	0	0	0	0	0	0	0	0	0	0	0	0	0	0	0	0	0	0	0	0	0	0	0	0	0	0	0	0	0	0	0	0	0	0	0	0	0	0	0	0	0	0	0	0	0	0	0	0	0	0	0	0	0	0	0	0	0	0	0	0	0	0	11	4	0	0	0	0	0	0	0	0	0	0	0	0	0	0	0	0	0	0	0	0	0	0	0	0	0	0	0	0	0	19
p__Chordata;c__Actinopteri;o__Beloniformes;f__Adrianichthyidae;g__Oryzias;s__javanicus	Prey - Fish	51	0	42	509	0	0	0	0	0	0	0	0	0	4	0	0	0	0	0	2	0	0	0	0	0	0	0	0	0	0	181	989	271	701	43058	3846	6090	156	0	0	0	0	0	0	0	0	0	0	0	0	0	0	0	0	0	0	0	0	0	0	0	0	0	0	0	0	0	0	0	0	0	0	0	0	0	0	0	0	0	0	0	0	0	0	0	0	0	0	0	0	0	0	0	0	0	0	34	119	79	4047	80	999	38	480	36	27252	74	45	30	14869	67877	70	0	0	0	101	153	36	339	21	14	0	12	0	0	0	56	0	0	0	0	0	53	2614	3	0	175380
p__Chordata;c__Actinopteri;o__Beloniformes;f__Belonidae;g__Strongylura	Prey - Fish	1	0	0	0	0	0	0	0	0	0	0	0	0	0	0	0	0	0	0	0	0	0	0	0	0	0	0	0	0	0	0	0	0	0	0	0	0	0	0	0	0	0	0	0	0	0	0	0	0	0	0	0	0	0	0	0	0	0	0	0	0	0	0	0	0	0	0	0	0	0	0	0	0	0	0	0	0	0	0	0	0	0	0	0	0	0	0	0	0	0	0	0	0	0	0	0	0	0	0	0	0	0	0	0	0	0	34	0	0	0	0	0	0	0	0	0	0	0	0	0	0	0	0	0	0	0	0	0	0	0	0	0	0	0	0	0	34
p__Chordata;c__Actinopteri;o__Beloniformes;f__Zenarchopteridae	Prey - Fish	5	0	0	0	0	0	0	0	0	0	0	0	0	0	0	0	0	0	0	0	0	0	0	0	0	0	11	0	0	0	0	0	0	0	0	0	0	0	0	0	0	0	0	0	0	0	0	0	0	0	0	0	0	0	0	0	0	0	0	2	0	0	0	0	0	0	0	0	0	0	0	0	0	0	0	0	0	0	0	0	0	0	0	0	0	0	0	0	0	0	0	0	0	0	0	0	0	0	3	0	0	0	0	0	0	0	0	0	0	7	0	0	0	0	0	0	0	0	0	0	0	0	0	2	0	0	0	0	0	0	0	0	0	0	0	0	25
p__Chordata;c__Actinopteri;o__Beloniformes;f__Zenarchopteridae;g__Dermogenys	Prey - Fish	10	0	0	0	0	0	0	0	0	0	0	0	0	0	0	0	0	0	0	0	0	0	0	0	0	0	0	0	0	0	0	0	0	0	0	0	0	0	0	0	0	0	0	0	0	0	0	0	0	0	0	0	0	0	0	0	0	0	0	68	178	104	68	61	48	46	23	12125	0	0	0	0	0	0	0	0	0	0	0	0	0	0	0	0	0	0	0	0	0	0	0	0	0	0	0	0	0	0	14	16121	28	9	9	26	16	1247	8	14	0	0	0	0	0	0	0	0	0	0	163	0	0	0	0	0	0	0	0	0	0	0	0	0	0	0	0	0	30376
p__Chordata;c__Actinopteri;o__Beloniformes;f__Zenarchopteridae;g__Zenarchopterus	Prey - Fish	15	0	0	0	0	0	0	0	0	0	0	0	0	0	0	0	0	0	0	0	13415	600	26	24	22	15	3221	17	4	24	71	390	78	33	62	36	37	68	0	0	0	0	0	0	0	0	0	0	0	0	0	0	0	0	0	0	0	0	0	0	0	0	0	0	0	0	0	0	0	0	0	0	0	0	0	0	0	0	0	0	0	0	0	0	0	0	0	0	0	0	0	0	0	0	0	0	29	17396	99	2061	96246	38	18	82	35	72	61	57	0	0	0	0	0	0	0	0	0	0	0	0	0	4	20	0	1493	0	3	2	5	2	0	0	0	0	0	0	135866
p__Chordata;c__Actinopteri;o__Centrarchiformes;f__Terapontidae;g__Terapon;s__jarbua	Prey - Fish	1	0	0	0	0	0	0	0	0	0	0	0	0	0	0	0	0	0	0	0	0	0	0	0	0	0	0	0	0	0	0	0	0	0	0	0	0	0	0	0	0	0	0	0	0	0	0	0	0	0	0	0	0	0	0	0	0	0	0	0	0	0	0	0	0	0	0	0	0	0	0	0	0	0	0	0	0	0	0	0	0	0	0	0	0	0	0	0	0	0	0	0	0	0	0	0	0	0	0	0	0	0	0	0	0	0	81	0	0	0	0	0	0	0	0	0	0	0	0	0	0	0	0	0	0	0	0	0	0	0	0	0	0	0	0	0	81
p__Chordata;c__Actinopteri;o__Chaetodontiformes;f__Leiognathidae	Prey - Fish	21	0	0	0	0	0	0	0	0	0	0	0	0	0	0	0	0	0	0	0	0	0	0	0	0	0	0	0	0	5	0	0	0	0	0	0	0	0	0	0	0	0	0	0	0	0	0	0	0	0	0	0	0	0	0	0	0	0	0	9	101	15	13	1803	370	11	0	0	8	0	0	0	217	0	3	0	0	0	4	0	535	0	5	4	0	0	0	0	0	0	0	0	0	0	0	0	0	0	0	0	0	0	0	0	0	0	0	0	0	0	0	0	0	0	0	0	0	0	0	0	0	0	0	0	0	0	0	0	0	0	0	0	0	0	0	0	3103
p__Chordata;c__Actinopteri;o__Chaetodontiformes;f__Leiognathidae;g__Leiognathus;s__equula	Prey - Fish	7	0	0	0	0	0	0	0	0	0	0	0	0	0	0	0	0	0	0	0	0	5	0	0	0	0	0	0	0	72	0	0	0	0	0	0	0	0	0	0	0	0	0	0	0	0	0	0	0	0	9402	4	0	2	20	0	18	5	0	0	0	0	0	0	0	0	0	0	0	0	0	0	0	0	0	0	0	0	0	0	0	0	0	0	0	0	0	0	0	0	0	0	0	0	0	0	0	0	0	0	0	0	0	0	0	0	0	0	0	0	0	0	0	0	0	0	0	0	0	3	0	0	0	0	0	0	0	0	0	0	0	0	0	0	0	0	9531
p__Chordata;c__Actinopteri;o__Cichliformes;f__Cichlidae	Prey - Fish	76	29	434	29	9556	4066	24	16	18	17	4	0	0	0	0	0	0	107	0	0	248	23	14	1	5010	8	18	14	0	0	601	1012	320	160	235	60948	67	171	0	0	0	0	0	0	0	0	0	0	0	0	158	8	0	0	37	5	41	3758	242	21264	426	9013	240	48	350	66	25	17	1118	197	98	360	1178	270	56184	94	67780	0	0	0	32	0	13	2	0	69	0	7	6	0	11	5	472	0	0	0	54	28036	1157	158	58	30	33	38	51	53	11845	27	167	1828	631	408	20	0	12	332	85379	20806	357	174	44	7	22	0	3	291	4410	0	0	0	0	0	0	0	0	0	403175
p__Chordata;c__Actinopteri;o__Cichliformes;f__Cichlidae;g__Oreochromis	Prey - Fish	98	0	49	0	884	937	0	0	0	0	0	0	0	0	9	0	0	260	0	0	126	596	103	88	14170	195	18292	6119	20	115	109312	1375	326	151	250	347	76	182	0	0	0	0	0	0	0	0	0	0	0	21	6679	76	25	67	178	22	257	12739	24685	66	149	1147	52	44	4671	32	0	0	700	65	31	149	2660	5286	14329	40	29991	333	19879	1141	218115	128628	195018	127783	254	22001	7	21	20	0	19	19	1	0	0	0	4220	11721	53482	1172	157	90	68	131	8585	178	3914	1174	151	1038	530	11811	173	0	19	1554	1161	31198	345	187	33	287	2449	418	1217	45380	116074	128	245	117	0	0	0	0	0	0	1270789
p__Chordata;c__Actinopteri;o__Clupeiformes;f__Clupeidae	Prey - Fish	1	0	0	0	0	0	0	0	0	0	0	0	0	0	0	0	0	0	0	0	0	0	0	0	0	0	0	0	0	0	0	0	0	0	0	0	0	0	0	0	0	0	0	0	0	0	0	0	0	0	0	0	0	0	0	0	0	0	0	0	0	0	0	0	0	0	0	0	0	0	0	0	0	0	0	0	0	10	0	37	71	293	76	11436	11	0	0	0	0	0	0	0	0	0	0	0	0	0	0	0	0	0	0	0	0	0	0	0	0	0	0	0	0	0	0	0	0	0	0	0	0	0	0	0	0	0	0	0	0	0	0	0	0	0	0	0	11934
p__Chordata;c__Actinopteri;o__Clupeiformes;f__Engraulidae	Prey - Fish	7	0	0	0	0	0	0	0	0	0	0	0	0	0	0	0	0	0	0	0	3	214	0	0	0	0	0	0	0	0	0	0	0	0	0	0	0	0	0	0	0	0	0	0	0	0	0	0	0	0	0	0	0	0	0	0	0	0	0	0	0	0	0	0	0	0	0	0	0	0	0	0	0	0	0	0	0	0	0	0	0	0	0	0	0	0	0	0	0	0	0	0	0	0	0	0	0	0	0	0	0	0	0	0	0	0	0	0	0	16	0	0	0	0	0	15	100	0	0	0	0	0	0	0	0	0	0	0	0	0	0	0	0	0	0	0	348
p__Chordata;c__Actinopteri;o__Clupeiformes;f__Engraulidae;g__Setipinna	Prey - Fish	1	0	0	0	0	0	0	0	0	0	0	0	0	0	0	0	0	0	0	0	0	0	0	0	0	0	0	0	0	0	0	0	0	0	0	0	0	0	0	0	0	0	0	0	0	0	0	0	0	0	0	0	0	0	0	0	0	0	0	0	0	0	0	0	0	0	0	0	0	0	0	0	0	0	0	0	0	0	0	0	0	0	0	0	0	0	3	0	0	0	0	0	0	0	0	0	0	0	0	0	0	0	0	0	0	0	0	0	0	0	0	0	0	0	0	0	0	0	0	0	0	0	0	0	0	0	0	0	0	0	0	0	0	0	0	0	3
p__Chordata;c__Actinopteri;o__Clupeiformes;f__Engraulidae;g__Setipinna;s__melanochir	Prey - Fish	15	0	0	0	0	0	0	0	0	0	0	0	0	0	0	0	0	0	0	0	0	0	0	0	0	0	0	0	0	0	0	0	0	0	0	0	0	0	0	0	0	0	0	0	0	0	0	0	0	6	180	17	6	7	39	10	41	26	5702	10	140	275	73	4394	7	10	2	2	0	0	0	0	0	0	0	0	0	0	0	0	0	0	0	0	0	12	0	1	0	4	2	4	296	0	0	0	0	0	0	0	0	0	0	0	0	0	0	0	0	0	0	0	0	0	0	0	0	0	0	0	0	0	0	0	0	0	0	0	0	0	0	0	0	0	0	0	11266
p__Chordata;c__Actinopteri;o__Clupeiformes;f__Engraulidae;g__Stolephorus	Prey - Fish	1	0	0	0	0	0	0	0	0	0	0	0	0	0	0	0	0	0	0	0	0	0	0	0	0	0	0	0	0	0	0	0	0	0	0	0	0	0	0	0	0	0	0	0	0	0	0	0	0	0	0	0	0	0	0	0	0	0	0	0	0	0	0	0	0	0	0	0	0	0	0	0	0	0	0	0	0	0	0	0	0	0	0	0	0	0	0	0	0	0	0	0	0	0	0	0	0	0	0	0	0	0	0	0	0	0	0	0	0	0	0	0	0	0	0	0	5	0	0	0	0	0	0	0	0	0	0	0	0	0	0	0	0	0	0	0	5
p__Chordata;c__Actinopteri;o__Clupeiformes;f__Engraulidae;g__Thryssa	Prey - Fish	2	0	0	0	0	0	0	0	0	0	0	0	0	0	0	0	0	0	0	0	86	130	88	76	72	63	573	55	7	25363	0	0	0	0	0	0	0	0	0	0	0	0	0	0	0	0	0	0	0	0	0	0	0	0	0	0	0	0	0	0	0	0	0	0	0	0	0	0	0	0	0	0	0	0	0	0	0	0	0	0	0	0	0	0	0	0	0	0	0	0	0	0	0	0	0	0	0	0	0	0	0	0	0	0	0	0	0	0	0	0	0	0	0	0	0	0	0	0	0	0	0	0	0	0	0	0	0	0	0	0	0	0	0	0	0	0	26513
p__Chordata;c__Actinopteri;o__Cypriniformes	Prey - Fish	38	0	100	4	3	0	0	0	0	0	0	99	82	96	62	26	57	31	74	53	0	0	0	0	0	0	0	0	0	0	0	0	0	0	0	0	0	0	1236	5402	180194	6674	21	17	30	13	32	20	10	0	0	0	0	0	0	0	0	0	0	0	0	224	0	10	0	0	0	0	0	0	0	0	0	0	0	0	0	0	0	0	3	0	0	0	0	0	0	0	0	0	0	0	0	592	1193	416	0	0	0	0	0	0	0	0	0	0	0	0	0	0	0	0	0	380	920	0	0	0	0	0	0	0	0	0	0	0	0	0	0	0	765	29	303	97	24980	884	225132
p__Chordata;c__Actinopteri;o__Cypriniformes;f__Balitoridae	Prey - Fish	15	0	0	0	0	0	0	0	0	0	0	11	0	4	0	0	0	0	8	720	0	0	0	0	0	0	0	0	0	0	0	0	0	0	0	0	0	0	31	0	10	47	16319	0	0	0	0	0	0	0	0	0	0	0	0	0	0	0	0	0	0	0	0	0	0	0	0	0	0	0	0	0	0	0	0	0	0	0	0	0	0	0	0	0	0	0	0	0	0	0	0	0	0	15	232	6	0	0	0	0	0	0	0	0	0	0	0	0	0	0	0	0	0	0	18	0	0	0	0	0	0	0	0	0	0	0	0	0	0	0	14	0	7	12	18	3081	20553
p__Chordata;c__Actinopteri;o__Cypriniformes;f__Balitoridae;g__Balitora	Prey - Fish	3	0	0	0	0	0	0	0	0	0	0	0	0	0	0	0	0	0	0	4	0	0	0	0	0	0	0	0	0	0	0	0	0	0	0	0	0	0	0	0	0	0	219	0	0	0	0	0	0	0	0	0	0	0	0	0	0	0	0	0	0	0	0	0	0	0	0	0	0	0	0	0	0	0	0	0	0	0	0	0	0	0	0	0	0	0	0	0	0	0	0	0	0	0	0	0	0	0	0	0	0	0	0	0	0	0	0	0	0	0	0	0	0	0	0	0	0	0	0	0	0	0	0	0	0	0	0	0	0	0	0	0	0	0	0	0	223
p__Chordata;c__Actinopteri;o__Cypriniformes;f__Balitoridae;g__Homalopteroides	Prey - Fish	5	0	0	0	0	0	0	0	0	0	0	0	0	0	0	0	0	0	0	0	0	0	0	0	0	0	0	0	0	0	0	0	0	0	0	0	0	0	0	0	0	6430	177	0	0	0	0	0	0	0	0	0	0	0	0	0	0	0	0	0	0	0	0	0	0	0	0	0	0	0	0	0	0	0	0	0	0	0	0	0	0	0	0	0	0	0	0	0	0	0	0	0	0	0	0	0	0	0	0	0	0	0	0	0	0	0	0	0	0	0	0	0	0	0	0	0	0	0	0	0	0	0	0	0	0	0	0	0	0	0	0	0	0	0	0	0	6607
p__Chordata;c__Actinopteri;o__Cypriniformes;f__Balitoridae;g__Homalopteroides;s__smithi	Prey - Fish	1	0	0	0	0	0	0	0	0	0	0	0	0	0	0	0	0	0	0	0	0	0	0	0	0	0	0	0	0	0	0	0	0	0	0	0	0	0	0	0	0	0	5	0	0	0	0	0	0	0	0	0	0	0	0	0	0	0	0	0	0	0	0	0	0	0	0	0	0	0	0	0	0	0	0	0	0	0	0	0	0	0	0	0	0	0	0	0	0	0	0	0	0	0	0	0	0	0	0	0	0	0	0	0	0	0	0	0	0	0	0	0	0	0	0	0	0	0	0	0	0	0	0	0	0	0	0	0	0	0	0	0	0	0	0	0	5
p__Chordata;c__Actinopteri;o__Cypriniformes;f__Cobitidae	Prey - Fish	4	0	0	0	0	0	0	0	0	0	0	0	229	0	10	0	0	0	0	0	0	0	0	0	0	0	0	0	0	0	0	0	0	0	0	0	0	0	0	0	0	0	0	0	0	0	0	0	0	0	0	0	0	0	0	0	0	0	0	0	0	0	0	2	0	0	0	0	0	0	0	0	0	0	0	0	0	0	0	0	0	0	0	0	0	0	0	0	0	0	0	0	0	0	0	0	0	0	0	0	0	0	0	0	0	0	0	0	0	0	0	0	0	0	0	0	0	0	0	0	0	0	0	0	0	0	0	0	0	0	0	0	0	0	0	0	241
p__Chordata;c__Actinopteri;o__Cypriniformes;f__Cobitidae;g__Acantopsis	Prey - Fish	2	0	0	0	0	0	0	0	0	0	0	0	0	0	0	0	0	0	0	0	0	0	0	0	0	0	0	0	0	0	0	0	0	0	0	0	0	0	0	0	0	0	0	0	0	0	0	0	0	0	0	0	0	0	0	0	0	0	0	0	19	0	0	0	0	0	0	0	0	0	0	0	0	0	0	0	0	0	0	0	0	0	0	0	0	0	0	0	0	0	0	0	0	0	0	0	0	0	0	0	0	0	0	0	0	0	0	0	0	0	0	0	0	0	0	0	0	0	0	0	0	0	0	0	0	0	0	0	0	0	0	0	0	0	0	0	19
p__Chordata;c__Actinopteri;o__Cypriniformes;f__Cobitidae;g__Acantopsis;s__choirorhynchos	Prey - Fish	1	0	0	0	0	0	0	0	0	0	0	0	0	0	0	0	0	0	0	0	0	0	0	0	0	0	0	0	0	0	0	0	0	0	0	0	0	0	0	0	0	0	0	0	0	0	0	0	0	0	0	0	0	0	0	0	0	0	0	0	0	582	0	0	0	0	0	0	0	0	0	0	0	0	0	0	0	0	0	0	0	0	0	0	0	0	0	0	0	0	0	0	0	0	0	0	0	0	0	0	0	0	0	0	0	0	0	0	0	0	0	0	0	0	0	0	0	0	0	0	0	0	0	0	0	0	0	0	0	0	0	0	0	0	0	0	582
p__Chordata;c__Actinopteri;o__Cypriniformes;f__Cyprinidae	Prey - Fish	125	16330	43325	240	14180	32598	2811	112	575	2799	252	418	58926	461	1388	5782	3050	239	41037	6388	0	0	0	0	0	0	0	0	0	0	0	0	0	0	3	0	0	0	673	34097	440	3467	114	137	178	129	334	248	87	0	44	6	0	0	7	2	24	38	1193	5	97	4765	12	203	0	4	0	5	0	0	0	0	0	0	0	0	0	0	0	0	0	0	0	0	0	0	0	0	0	0	0	0	0	327	330	180	0	0	0	0	0	0	0	0	0	0	0	0	0	3	0	0	0	222	322	0	0	0	0	0	0	0	0	0	0	0	0	0	0	0	376	8316	3927	335	18153	118513	428227
p__Chordata;c__Actinopteri;o__Cypriniformes;f__Cyprinidae;g__Barbodes	Prey - Fish	26	19	10097	18	70	20	11	4	14	0	9	26	301	19	734	18	51	157	28	3699	0	0	0	0	0	0	0	0	0	0	0	0	0	0	0	0	0	0	832	37235	415	131	8	92	1918	95	126	230	86	0	0	0	0	0	0	0	0	0	0	0	0	0	0	0	0	0	0	0	0	0	0	0	0	0	0	0	0	0	0	0	0	0	0	0	0	0	0	0	0	0	0	0	0	273	523	176	0	0	0	0	0	0	0	0	0	0	0	0	0	0	0	0	0	234	435	0	0	0	0	0	0	0	0	0	0	0	0	0	0	0	128745	8	53	19	29	417	187375
p__Chordata;c__Actinopteri;o__Cypriniformes;f__Cyprinidae;g__Barbonymus	Prey - Fish	19	178	962	176	145	173	1128	72	68657	4338	83	0	0	0	0	0	0	0	0	0	0	0	0	0	0	0	0	0	0	0	0	0	0	0	0	0	0	0	0	0	0	0	0	0	0	0	0	0	0	0	0	0	0	0	0	0	1158	82	19	0	45	29	0	0	0	0	0	0	0	0	0	0	0	0	0	0	2	0	0	0	0	0	0	0	0	0	0	0	0	0	0	223	3	0	0	0	0	0	0	0	0	0	0	0	0	0	0	0	112	0	0	0	0	0	0	0	0	0	0	0	0	0	0	0	0	0	0	0	0	0	0	0	0	0	0	0	77585
p__Chordata;c__Actinopteri;o__Cypriniformes;f__Cyprinidae;g__Barbonymus;s__gonionotus	Prey - Fish	66	227	298	217	134	266	152	102	120	49	44424	0	14	0	0	0	0	263	0	0	0	0	0	0	0	0	0	0	0	0	0	0	0	0	0	0	0	0	0	0	0	0	0	0	0	0	0	0	0	87	1402	246	66	149	1290	68	62291	55835	20308	190	232763	38875	3118	395	77	144	116	68	7	0	0	0	3	240	49	0	0	0	0	0	0	0	0	0	0	1188	212	563	425	18549	5351	104317	13713	0	0	0	0	0	0	0	0	0	0	0	0	0	0	0	29776	139	52	22	0	0	0	47	73	20	30	23	7	0	0	0	0	0	0	0	0	0	0	0	0	0	0	0	638560
p__Chordata;c__Actinopteri;o__Cypriniformes;f__Cyprinidae;g__Cirrhinus	Prey - Fish	3	0	86	0	0	0	0	0	0	0	781	0	0	0	0	0	0	0	0	0	0	0	0	0	0	0	0	0	0	0	0	0	0	0	0	0	0	0	0	0	0	0	0	0	0	0	0	0	0	0	0	0	0	0	0	0	0	0	0	0	0	0	0	0	0	0	0	0	0	0	0	0	0	0	0	0	0	0	0	0	0	0	0	0	0	0	0	0	0	0	0	0	0	0	0	0	0	0	0	0	0	0	0	0	0	0	0	0	0	0	0	0	0	0	0	0	0	0	0	0	0	0	0	0	0	0	0	0	0	0	0	0	0	0	0	0	867
p__Chordata;c__Actinopteri;o__Cypriniformes;f__Cyprinidae;g__Cirrhinus;s__molitorella	Prey - Fish	1	61	61	55	73	99	51	24	43	15	10909	0	0	0	0	0	0	0	0	0	0	0	0	0	0	0	0	0	0	0	0	0	0	0	0	0	0	0	0	0	0	0	0	0	0	0	0	0	0	0	0	0	0	0	0	0	0	0	0	0	0	0	0	0	0	0	0	0	0	0	0	0	0	0	0	0	0	0	0	0	0	0	0	0	0	0	0	0	0	0	0	0	0	0	0	0	0	0	0	0	0	0	0	0	0	0	0	0	0	0	0	0	0	0	0	0	0	0	0	0	0	0	0	0	0	0	0	0	0	0	0	0	0	0	0	0	11391
p__Chordata;c__Actinopteri;o__Cypriniformes;f__Cyprinidae;g__Crossocheilus	Prey - Fish	3	0	0	0	0	0	0	0	0	0	0	0	331	0	8	0	0	0	0	0	0	0	0	0	0	0	0	0	0	0	0	0	0	0	0	0	0	0	0	0	0	0	0	0	0	0	0	0	0	0	0	0	0	0	0	0	0	0	0	0	0	0	0	0	0	0	0	0	0	0	0	0	0	0	0	0	0	0	0	0	0	0	0	0	0	0	0	0	0	0	0	0	0	0	0	0	0	0	0	0	0	0	0	0	0	0	0	0	0	0	0	0	0	0	0	0	0	0	0	0	0	0	0	0	0	0	0	0	0	0	0	0	0	0	0	0	339
p__Chordata;c__Actinopteri;o__Cypriniformes;f__Cyprinidae;g__Cyclocheilichthys	Prey - Fish	18	0	0	0	0	0	54	0	0	0	0	0	0	0	0	0	0	0	0	0	0	0	0	0	0	0	0	0	0	0	0	0	0	0	0	0	0	0	40	0	19	0	0	0	0	0	0	0	0	0	0	0	0	0	0	0	0	0	0	0	27	1195	0	0	0	0	0	0	0	0	0	0	0	0	0	0	0	0	0	0	2	0	0	0	0	0	0	0	0	0	0	0	0	18	101	43542	0	0	0	0	0	0	0	0	0	0	10	0	0	0	0	0	0	0	31	0	0	0	0	0	0	0	0	0	0	0	0	0	0	0	23	0	0	0	0	24	45086
p__Chordata;c__Actinopteri;o__Cypriniformes;f__Cyprinidae;g__Cyclocheilichthys;s__apogon	Prey - Fish	13	0	0	0	0	0	0	0	0	0	0	0	0	0	0	0	0	0	0	0	0	0	0	0	0	0	0	0	0	0	0	0	0	0	0	0	0	0	0	0	0	0	0	0	0	0	0	0	0	0	0	0	0	0	0	0	5	5	87	41	424	973	2456	14716	17	29	19	10	58	0	0	0	992	8	2	0	0	0	0	0	0	0	0	0	0	0	0	0	0	0	0	0	0	0	0	0	0	0	0	0	0	0	0	0	0	0	0	0	0	0	0	0	0	0	0	0	0	0	0	0	0	0	0	0	0	0	0	0	0	0	0	0	0	0	0	0	19842
p__Chordata;c__Actinopteri;o__Cypriniformes;f__Cyprinidae;g__Garra;s__litanensis	Prey - Fish	1	0	0	0	0	0	0	0	0	0	0	0	0	0	0	0	0	0	0	0	0	0	0	0	0	0	0	0	0	0	0	0	0	0	0	0	0	0	0	0	0	0	0	0	0	0	0	0	0	0	0	0	0	0	0	0	0	0	0	0	0	0	0	0	0	0	0	0	0	0	0	0	0	0	0	0	0	0	0	0	0	0	0	0	0	0	0	0	0	0	0	0	0	0	0	0	0	0	0	0	0	0	0	0	0	0	0	0	0	0	0	0	0	0	0	0	0	0	0	0	0	0	0	0	0	0	0	0	0	0	0	0	0	0	0	7	7
p__Chordata;c__Actinopteri;o__Cypriniformes;f__Cyprinidae;g__Hampala;s__macrolepidota	Prey - Fish	17	0	0	0	0	0	0	0	0	44	0	0	54	0	24	0	0	0	0	0	0	0	0	0	0	0	0	0	0	0	0	0	0	0	0	0	0	0	12651	0	25	0	0	6	0	0	266	0	0	0	0	0	0	0	0	0	0	0	0	19	244	144	82	10759	15	12	12	8	7	0	0	0	8	0	0	0	71	0	0	0	489	0	0	0	0	0	0	0	0	0	0	0	0	20	169	19	0	0	0	0	0	0	0	0	0	0	0	0	0	0	0	0	0	14	164	0	0	0	0	0	0	0	0	0	0	0	0	0	0	0	36	0	0	0	0	48	25410
p__Chordata;c__Actinopteri;o__Cypriniformes;f__Cyprinidae;g__Henicorhynchus	Prey - Fish	2	0	0	13	0	6	0	0	0	0	0	0	0	0	0	0	0	0	0	0	0	0	0	0	0	0	0	0	0	0	0	0	0	0	0	0	0	0	0	0	0	0	0	0	0	0	0	0	0	0	0	0	0	0	0	0	0	0	0	0	0	0	0	0	0	0	0	0	0	0	0	0	0	0	0	0	0	0	0	0	0	0	0	0	0	0	0	0	0	0	0	0	0	0	0	0	0	0	0	0	0	0	0	0	0	0	0	0	0	0	0	0	0	0	0	0	0	0	0	0	0	0	0	0	0	0	0	0	0	0	0	0	0	0	0	0	19
p__Chordata;c__Actinopteri;o__Cypriniformes;f__Cyprinidae;g__Henicorhynchus;s__siamensis	Prey - Fish	28	53846	4471	232222	485	720	7668	73924	435	191	357	0	0	0	137	0	0	0	0	0	0	0	0	0	0	0	0	0	0	0	0	0	0	0	0	0	0	0	0	0	0	0	0	0	0	0	0	0	0	0	0	0	0	0	0	0	0	0	0	0	0	0	0	0	0	0	0	0	0	0	0	0	0	0	0	0	0	0	0	0	0	0	0	0	0	0	0	0	0	0	0	0	0	0	0	0	0	0	0	0	0	0	0	0	0	0	0	0	0	0	0	0	0	0	0	0	0	0	0	0	0	0	0	0	0	0	0	0	0	0	0	0	0	0	0	0	374456
p__Chordata;c__Actinopteri;o__Cypriniformes;f__Cyprinidae;g__Hypsibarbus	Prey - Fish	13	156	256	136	92	130	93	38	80	22	25023	0	35069	0	2951	0	0	708	0	0	0	0	0	0	0	0	0	0	0	0	0	0	0	0	0	0	0	0	0	609	0	0	9	6136	758	518	113781	765	7317	0	0	0	0	0	0	0	0	0	0	0	0	0	0	0	0	0	0	0	0	0	0	0	0	0	0	0	0	0	0	0	0	0	0	0	0	0	0	0	0	0	0	0	0	0	0	0	0	0	0	0	0	0	0	0	0	0	0	0	0	0	0	0	0	0	0	0	0	0	0	0	0	0	0	0	0	0	0	0	0	0	0	0	0	0	0	0	194647
p__Chordata;c__Actinopteri;o__Cypriniformes;f__Cyprinidae;g__Labeo	Prey - Fish	4	0	0	0	0	0	0	0	0	0	0	0	0	0	0	0	0	0	0	0	0	0	0	0	0	0	0	0	0	0	0	0	0	0	0	0	0	0	0	0	0	0	0	0	0	0	0	0	0	0	0	0	0	0	0	0	0	0	0	0	47	1334	0	0	0	0	0	0	0	0	0	0	0	0	42	0	0	0	0	0	0	0	0	0	0	0	0	0	0	0	0	0	0	0	0	0	0	0	0	0	0	0	0	0	0	0	0	0	0	0	0	0	0	0	0	0	0	0	0	0	0	0	0	0	0	0	0	0	0	0	0	0	0	0	0	0	1423
p__Chordata;c__Actinopteri;o__Cypriniformes;f__Cyprinidae;g__Labiobarbus	Prey - Fish	16	0	203	0	0	0	141	0	0	4	0	0	0	0	29	0	0	749	0	0	0	0	0	0	0	0	0	0	0	0	0	0	0	0	0	0	0	0	0	0	0	0	0	0	0	0	0	0	0	0	0	0	0	0	0	0	0	0	0	27	180	17624	16	27	12	15	5	8	0	0	0	0	0	0	0	0	0	0	0	0	0	0	0	0	0	0	0	0	0	0	0	0	0	0	0	230	0	0	0	0	0	0	0	0	0	0	0	0	0	0	0	2	0	0	0	0	0	0	0	0	0	0	0	0	0	0	0	0	0	0	0	0	0	0	0	0	19272
p__Chordata;c__Actinopteri;o__Cypriniformes;f__Cyprinidae;g__Labiobarbus;s__lineatus	Prey - Fish	2	0	0	0	0	0	0	0	0	46	0	0	7176	0	65986	0	0	98	0	0	0	0	0	0	0	0	0	0	0	0	0	0	0	0	0	0	0	0	0	62	0	0	0	28	60	61	69	89	14	0	0	0	0	0	0	0	0	0	0	0	0	0	0	0	0	0	0	0	0	0	0	0	0	0	0	0	0	0	0	0	0	0	0	0	0	0	0	0	0	0	0	0	0	0	0	0	0	0	0	0	0	0	0	0	0	0	0	0	0	0	0	0	0	0	0	0	0	0	0	0	0	0	0	0	0	0	0	0	0	0	0	0	0	0	0	0	73689
p__Chordata;c__Actinopteri;o__Cypriniformes;f__Cyprinidae;g__Labiobarbus;s__spilopleura	Prey - Fish	36	17689	1125	1578	70487	71723	92374	172	402	90	303	0	113	0	129	0	0	48357	0	0	0	0	0	0	0	0	0	0	0	0	0	0	0	0	0	0	0	0	25	42	21	0	0	23	46	52	57	53	21	0	0	0	0	0	0	0	0	0	0	0	0	0	0	0	0	0	0	0	0	0	0	0	0	0	0	0	0	0	0	0	0	0	0	0	0	0	0	0	0	0	0	0	0	9	11	16371	0	0	0	0	0	0	0	0	0	0	0	0	0	0	0	0	0	4	16	0	0	0	0	0	0	0	0	0	0	0	0	0	0	0	7	0	0	0	0	18	321318
p__Chordata;c__Actinopteri;o__Cypriniformes;f__Cyprinidae;g__Mystacoleucus	Prey - Fish	14	0	0	0	0	2	0	0	0	0	0	0	6	411	9	13	0	0	0	0	0	0	0	0	0	0	0	0	0	0	0	0	0	0	0	0	0	0	21	0	0	0	0	0	0	0	0	0	0	0	0	0	0	0	0	0	0	0	0	0	0	0	0	0	0	0	0	0	0	0	0	0	0	0	0	0	0	0	0	0	0	0	0	0	0	0	0	0	0	0	0	0	0	0	0	0	0	0	0	0	0	0	0	0	0	0	0	0	0	0	0	0	0	0	0	0	0	0	0	0	0	0	0	0	0	0	0	0	0	0	2	0	3211	0	0	0	3675
p__Chordata;c__Actinopteri;o__Cypriniformes;f__Cyprinidae;g__Mystacoleucus;s__marginatus	Prey - Fish	36	103	48841	65	56	87	102	38	875	1357	59	27579	49738	14430	128120	4872	333	212	148	88	0	0	0	0	0	0	0	0	0	0	0	0	0	0	0	0	0	0	246122	205	461	0	0	1983	186	178	183	223	99	0	0	0	0	0	0	0	0	0	0	0	0	36	0	0	0	0	0	0	0	0	0	0	0	0	0	0	0	0	0	0	0	0	0	0	0	0	0	0	0	0	0	0	0	319	1213	197	0	0	0	0	0	0	0	0	0	0	0	0	0	0	0	0	0	281	3104	0	0	0	0	0	0	0	0	0	0	0	0	0	0	0	328	42	307	172	238	463	533443
p__Chordata;c__Actinopteri;o__Cypriniformes;f__Cyprinidae;g__Neolissochilus	Prey - Fish	12	0	0	0	0	0	0	0	0	0	0	64	10	99	1	42	55	1	52	0	0	0	0	0	0	0	0	0	0	0	0	4	0	6	1191	5	0	3	0	0	0	0	0	0	0	0	320	0	0	0	0	0	0	0	0	0	0	0	0	13	113	20	0	29	7	0	1153	0	0	0	0	0	0	0	0	0	0	0	0	0	0	0	0	0	0	0	0	0	0	0	0	0	0	0	0	0	4	0	0	0	0	0	0	0	0	0	0	0	0	0	0	0	0	0	0	0	0	0	0	0	0	0	0	0	0	0	0	0	0	0	0	3	136	88	18988	6	22413
p__Chordata;c__Actinopteri;o__Cypriniformes;f__Cyprinidae;g__Osteochilus	Prey - Fish	39	34017	1614	316	44740	32746	27206	156	196	66	112	0	343	0	975	0	0	15907	0	0	0	0	0	0	0	0	0	0	0	0	0	0	0	0	0	0	0	0	0	120	0	0	0	101	151	379	19497	15909	45	0	0	0	0	0	0	0	0	0	0	0	0	0	0	3	0	0	0	0	0	0	0	0	0	0	0	0	0	0	0	0	0	0	0	0	0	0	0	0	0	0	0	0	0	0	0	0	0	0	0	0	0	0	0	0	0	0	0	0	0	0	0	0	139	0	0	0	0	0	0	0	0	0	13	0	0	0	0	0	0	0	0	0	0	0	0	0	194751
p__Chordata;c__Actinopteri;o__Cypriniformes;f__Cyprinidae;g__Osteochilus;s__hasseltii	Prey - Fish	17	162	487	170	130	166	158	18502	91	1119	84	0	0	0	0	0	0	0	0	0	0	0	0	0	0	0	0	0	0	0	0	0	0	0	0	0	0	0	0	0	0	0	0	0	0	0	0	0	0	0	0	0	0	0	0	0	0	0	0	41	332	430	531	19243	17	34	18	13	451	80	64	111	1716	65	43819	54	19311	0	0	3	1015	0	3	2	0	0	0	0	0	0	0	0	0	0	0	0	0	0	0	0	0	0	0	0	0	0	0	0	0	0	0	0	0	0	0	0	0	0	0	0	0	0	0	0	0	0	0	0	0	0	0	0	0	0	0	0	108422
p__Chordata;c__Actinopteri;o__Cypriniformes;f__Cyprinidae;g__Osteochilus;s__melanopleura	Prey - Fish	2	0	0	0	0	0	0	0	0	0	0	0	0	0	0	0	0	0	0	0	0	0	0	0	0	0	0	0	0	0	0	0	0	0	0	0	0	0	0	0	0	0	0	0	0	0	0	0	0	0	0	0	0	0	0	0	0	0	0	17	175	42	20	8669	0	9	8	17	0	0	0	0	0	0	0	0	0	0	0	0	0	0	0	0	0	0	0	0	0	0	0	0	0	0	0	0	0	0	0	0	0	0	0	0	0	0	0	0	0	0	0	0	0	0	0	0	0	0	0	0	0	0	0	0	0	0	0	0	0	0	0	0	0	0	0	0	8957
p__Chordata;c__Actinopteri;o__Cypriniformes;f__Cyprinidae;g__Puntioplites	Prey - Fish	6	0	43	0	0	10	0	0	0	728	0	0	14	0	6604	67	0	6	0	0	0	0	0	0	0	0	0	0	0	0	0	0	0	0	0	0	0	0	0	0	0	0	0	0	0	9	0	5	0	0	0	0	0	0	0	0	0	0	0	0	0	0	0	0	0	0	0	0	0	0	0	0	0	0	0	0	0	0	0	0	0	0	0	0	0	0	0	0	0	0	0	0	0	0	0	0	0	0	0	0	0	0	0	0	0	0	0	0	0	0	0	0	0	0	0	0	0	0	0	0	0	0	0	0	0	0	0	0	0	0	0	0	0	0	0	0	7486
p__Chordata;c__Actinopteri;o__Cypriniformes;f__Cyprinidae;g__Puntius	Prey - Fish	9	0	0	0	0	0	0	0	0	0	0	0	0	0	0	0	0	0	0	0	0	0	0	0	0	0	0	0	0	0	0	0	0	0	0	0	0	0	0	0	0	0	0	0	0	0	0	0	0	0	0	0	0	0	0	0	0	0	0	22	216	52	17	8639	4	19	4	6	0	0	0	0	0	0	0	0	2	0	0	0	0	0	0	106	0	0	0	0	0	0	0	0	0	0	0	0	0	0	0	0	0	0	0	0	0	0	0	0	0	0	0	0	0	0	0	0	0	0	0	0	0	0	0	0	0	0	0	0	0	0	0	0	0	0	0	0	9087
p__Chordata;c__Actinopteri;o__Cypriniformes;f__Cyprinidae;g__Scaphiodonichthys	Prey - Fish	6	0	5	0	0	0	0	12	0	0	0	0	0	0	0	0	0	0	0	0	0	0	0	0	0	0	0	0	0	0	0	0	0	0	0	0	0	0	0	0	3	0	0	0	0	0	0	0	2	0	0	0	0	0	0	0	0	0	0	0	0	0	0	0	0	0	0	0	0	0	0	0	0	0	0	0	0	0	0	0	0	0	0	0	0	0	0	0	0	0	0	0	0	2	3	0	0	0	0	0	0	0	0	0	0	0	0	0	0	0	0	0	0	0	0	0	0	0	0	0	0	0	0	0	0	0	0	0	0	0	0	0	0	0	0	3	30
p__Chordata;c__Actinopteri;o__Cypriniformes;f__Cyprinidae;g__Scaphiodonichthys;s__acanthopterus	Prey - Fish	11	0	0	0	0	0	0	0	0	0	0	0	11	0	16	0	0	0	0	0	0	0	0	0	0	0	0	0	0	0	0	0	0	0	0	0	0	0	15	629	2146	22843	357	0	0	0	0	0	0	0	0	0	0	0	0	0	0	0	0	0	0	0	0	0	0	0	0	0	0	0	0	0	0	0	0	0	0	0	0	0	0	0	0	0	0	0	0	0	0	0	0	0	0	0	83	0	0	0	0	0	0	0	0	0	0	0	0	0	0	0	0	0	0	0	17	0	0	0	0	0	0	0	0	0	0	0	0	0	0	0	10	0	0	0	0	0	26127
p__Chordata;c__Actinopteri;o__Cypriniformes;f__Cyprinidae;g__Scaphiodonichthys;s__burmanicus	Prey - Fish	2	25	6526	21	11	12	0	0	14	0	0	24	0	39	0	12	25	0	3959	867	0	0	0	0	0	0	0	0	0	0	0	0	0	0	0	0	0	0	270	0	186	0	0	0	0	0	0	0	0	0	0	0	0	0	0	0	0	0	0	0	0	0	0	0	0	0	0	0	0	0	0	0	0	0	0	0	0	0	0	0	0	0	0	0	0	0	0	0	0	0	0	0	0	118	521	69	0	0	0	0	0	0	0	0	0	0	0	0	0	0	0	0	0	78	104	0	0	0	0	0	0	0	0	0	0	0	0	0	0	0	147	13	11	29	30	46921	60032
p__Chordata;c__Actinopteri;o__Cypriniformes;f__Cyprinidae;g__Systomus;s__orphoides	Prey - Fish	5	12991	217	1160	12	19	32	8	5	4	13	0	0	0	0	0	0	0	0	0	0	0	0	0	0	0	0	0	0	0	0	0	0	0	0	0	0	0	0	0	0	0	0	0	0	0	0	0	0	0	0	0	0	0	0	0	0	0	0	0	0	0	0	0	0	0	0	0	0	0	0	0	0	0	0	0	0	0	0	0	0	0	0	0	0	0	0	0	0	0	0	0	0	0	0	0	0	0	0	0	0	0	0	0	0	0	0	0	0	0	0	0	0	0	0	0	0	0	0	0	0	0	0	0	0	0	0	0	0	0	0	0	0	0	0	0	14461
p__Chordata;c__Actinopteri;o__Cypriniformes;f__Cyprinidae;g__Tor	Prey - Fish	1	0	0	0	0	0	0	0	0	0	0	2	0	0	0	0	0	0	0	0	0	0	0	0	0	0	0	0	0	0	0	0	0	0	0	0	0	0	0	0	0	0	0	0	0	0	0	0	0	0	0	0	0	0	0	0	0	0	0	0	0	0	0	0	0	0	0	0	0	0	0	0	0	0	0	0	0	0	0	0	0	0	0	0	0	0	0	0	0	0	0	0	0	0	0	0	0	0	0	0	0	0	0	0	0	0	0	0	0	0	0	0	0	0	0	0	0	0	0	0	0	0	0	0	0	0	0	0	0	0	0	0	0	0	0	0	2
p__Chordata;c__Actinopteri;o__Cypriniformes;f__Danionidae	Prey - Fish	6	0	0	0	0	0	0	0	0	0	0	0	0	0	27	0	0	0	0	0	0	0	0	0	0	0	0	0	0	0	0	0	0	0	0	0	0	0	0	86	0	3	0	0	0	0	0	2	0	0	0	0	0	0	0	0	0	0	0	0	0	0	0	7	0	0	5	0	0	0	0	0	0	0	0	0	0	0	0	0	0	0	0	0	0	0	0	0	0	0	0	0	0	0	0	0	0	0	0	0	0	0	0	0	0	0	0	0	0	0	0	0	0	0	0	0	0	0	0	0	0	0	0	0	0	0	0	0	0	0	0	0	0	0	0	0	130
p__Chordata;c__Actinopteri;o__Cypriniformes;f__Danionidae;g__Devario	Prey - Fish	10	0	0	0	0	0	0	0	0	0	0	23	0	25	0	8	11	0	515	49	0	0	0	0	0	0	0	0	0	0	0	0	0	0	0	0	0	0	0	0	0	0	0	0	0	0	0	0	0	0	0	0	0	0	0	0	0	0	0	0	0	0	0	0	0	0	0	0	0	0	0	0	0	0	0	0	0	0	0	0	0	0	0	0	0	0	0	0	0	0	0	0	0	0	0	0	0	0	0	0	0	0	0	0	0	0	0	0	0	0	0	0	0	0	0	0	0	0	0	0	0	0	0	0	0	0	0	0	0	0	0	8322	11075	29	18	0	20075
p__Chordata;c__Actinopteri;o__Cypriniformes;f__Danionidae;g__Devario;s__yuensis	Prey - Fish	3	0	0	0	0	0	0	0	0	0	0	0	0	0	0	0	0	0	5	0	0	0	0	0	0	0	0	0	0	0	0	0	0	0	0	0	0	0	0	0	0	0	0	0	0	0	0	0	0	0	0	0	0	0	0	0	0	0	0	0	0	0	0	0	0	0	0	0	0	0	0	0	0	0	0	0	0	0	0	0	0	0	0	0	0	0	0	0	0	0	0	0	0	0	0	0	0	0	0	0	0	0	0	0	0	0	0	0	0	0	0	0	0	0	0	0	0	0	0	0	0	0	0	0	0	0	0	0	0	0	0	0	2	3	0	0	10
p__Chordata;c__Actinopteri;o__Cypriniformes;f__Danionidae;g__Raiamas	Prey - Fish	6	0	0	0	0	0	0	0	0	0	0	11	3	70	88	0	0	0	0	0	0	0	0	0	0	0	0	0	0	0	0	0	0	0	0	0	0	0	0	0	0	0	0	2	0	0	0	0	0	0	0	0	0	0	0	0	0	0	0	0	0	0	0	0	0	0	0	0	0	0	0	0	0	0	0	0	0	0	0	0	0	0	0	0	0	0	0	0	0	0	0	0	0	0	0	0	0	0	0	0	0	0	0	0	0	0	0	0	0	0	0	0	0	0	0	0	0	0	0	0	0	0	0	0	0	0	0	0	0	0	0	0	1178	0	0	0	1352
p__Chordata;c__Actinopteri;o__Cypriniformes;f__Danionidae;g__Raiamas;s__guttatus	Prey - Fish	2	0	0	0	0	0	0	0	0	0	0	70347	1975	93294	10	25520	934	0	362	303	0	0	0	0	0	0	0	0	0	0	0	0	0	0	0	0	0	0	0	0	0	0	0	0	0	0	0	0	0	0	0	0	0	0	0	0	0	0	0	0	0	0	0	0	0	0	0	0	0	0	0	0	0	0	0	0	0	0	0	0	0	0	0	0	0	0	0	0	0	0	0	0	0	0	0	0	0	0	0	0	0	0	0	0	0	0	0	0	0	0	0	0	0	0	0	0	0	0	0	0	0	0	0	0	0	0	0	0	0	0	0	170	635	661	465	0	194676
p__Chordata;c__Actinopteri;o__Cypriniformes;f__Danionidae;g__Rasbora	Prey - Fish	23	0	1511	0	4	0	0	0	0	0	0	0	356	0	2	0	0	0	0	0	0	0	0	0	0	0	0	0	0	0	0	0	0	0	0	3	0	0	0	3	0	0	0	0	116	0	47	0	0	0	0	0	0	0	0	0	0	0	0	263	854	491	224	521	114	164	40678	22356	0	0	0	0	0	0	0	0	0	0	0	0	0	0	0	0	0	163	135	99585	269	64	210	261	113	0	0	0	0	0	0	0	0	0	0	0	0	0	0	0	0	0	0	0	0	0	0	0	0	0	0	0	0	0	0	0	0	0	0	0	0	0	0	0	0	0	0	0	168507
p__Chordata;c__Actinopteri;o__Cypriniformes;f__Leptobarbidae;g__Leptobarbus;s__hoevenii	Prey - Fish	10	0	0	0	0	0	0	0	0	0	0	0	0	0	0	0	0	0	0	0	0	0	0	0	0	0	0	0	0	0	0	0	0	0	0	0	0	0	49	0	19	0	0	0	0	0	0	0	0	0	0	0	0	0	0	0	0	0	0	0	0	0	0	0	0	0	0	0	0	0	0	0	0	0	0	0	0	0	0	0	0	0	0	0	0	0	0	0	0	0	0	0	0	13	44160	17	0	0	0	0	0	0	0	0	0	0	0	0	0	0	0	0	0	27	35	0	0	0	0	0	0	0	0	0	0	0	0	0	0	0	24	0	0	0	0	29	44373
p__Chordata;c__Actinopteri;o__Cypriniformes;f__Nemacheilidae	Prey - Fish	14	0	0	0	0	0	0	0	0	0	0	52	0	37	0	18	43	0	4226	2801	0	0	0	0	0	0	0	0	0	0	0	0	0	0	0	0	0	0	0	0	0	100	53082	0	0	0	0	0	0	0	0	0	0	0	0	0	0	0	0	0	0	0	0	0	0	0	0	0	0	0	0	0	0	0	0	0	0	0	0	0	0	0	0	0	0	0	0	0	0	0	0	0	0	0	0	0	0	0	0	0	0	0	0	0	0	0	0	0	0	0	0	0	0	0	0	0	0	0	0	0	0	0	0	0	0	0	0	0	0	0	0	6	120	31	37	0	60553
p__Chordata;c__Actinopteri;o__Cypriniformes;f__Nemacheilidae;g__Schistura	Prey - Fish	9	0	0	0	0	0	0	0	0	0	0	0	0	17	0	0	0	0	0	1214	0	0	0	0	0	0	0	0	0	0	0	0	0	0	0	0	0	0	0	0	0	7596	148	0	0	0	0	0	0	0	0	0	0	0	0	0	0	0	0	0	0	0	0	0	0	0	0	0	0	0	0	0	0	0	0	0	0	0	0	0	0	0	0	0	0	0	0	0	0	0	0	0	0	0	0	0	0	0	0	0	0	0	0	0	0	0	0	0	0	0	0	0	0	0	0	0	0	0	0	0	0	0	0	0	0	0	0	0	0	0	0	0	6	0	201	74	9256
p__Chordata;c__Actinopteri;o__Cypriniformes;f__Xenocyprididae	Prey - Fish	14	0	0	0	0	0	0	0	0	0	0	0	0	0	0	0	0	0	0	0	0	0	0	0	0	0	0	0	0	0	0	0	0	0	0	0	0	0	0	0	0	0	0	0	0	0	0	0	0	0	0	0	0	0	0	0	0	0	0	3	38	331	1	589	0	0	2	0	159	2	4	4	3727	0	23	0	7	0	0	0	0	13	0	0	0	0	0	0	0	0	0	0	0	0	0	0	0	0	0	0	0	0	0	0	0	0	0	0	0	0	0	0	0	0	0	0	0	0	0	0	0	0	0	0	0	0	0	0	0	0	0	0	0	0	0	0	4903
p__Chordata;c__Actinopteri;o__Cyprinodontiformes;f__Aplocheilidae	Prey - Fish	2	0	0	0	0	0	0	0	0	0	0	0	0	0	0	0	0	0	0	0	0	0	0	0	0	0	3	0	0	0	0	0	0	2	0	0	0	0	0	0	0	0	0	0	0	0	0	0	0	0	0	0	0	0	0	0	0	0	0	0	0	0	0	0	0	0	0	0	0	0	0	0	0	0	0	0	0	0	0	0	0	0	0	0	0	0	0	0	0	0	0	0	0	0	0	0	0	0	0	0	0	0	0	0	0	0	0	0	0	0	0	0	0	0	0	0	0	0	0	0	0	0	0	0	0	0	0	0	0	0	0	0	0	0	0	0	5
p__Chordata;c__Actinopteri;o__Cyprinodontiformes;f__Aplocheilidae;g__Aplocheilus	Prey - Fish	12	0	0	0	0	0	0	0	0	0	0	0	0	0	0	0	0	0	0	0	0	28	0	3698	0	0	0	0	0	0	0	0	0	0	0	3	0	0	0	0	0	0	0	0	0	0	0	0	0	0	0	0	0	0	0	0	0	0	0	0	33	0	0	0	0	0	49	112	5327	0	0	0	0	0	0	0	0	0	0	0	0	0	0	0	0	0	0	0	0	0	0	0	0	0	0	0	0	0	0	0	0	0	0	0	0	0	0	0	0	0	0	0	0	0	0	0	0	0	0	0	0	0	0	0	0	0	0	0	0	0	0	0	0	0	0	0	9250
p__Chordata;c__Actinopteri;o__Cyprinodontiformes;f__Aplocheilidae;g__Aplocheilus;s__panchax	Prey - Fish	7	0	0	0	0	0	0	0	0	0	0	0	0	0	0	0	0	0	0	0	31	170	33	17705	30	33	14	29	6	27	0	2	5	0	966	0	5	4	0	0	0	0	0	0	0	0	0	0	0	0	0	0	0	0	0	0	0	0	0	16	25	21	14	17	6	6	538	2711	21137	0	12	9	34	7	20	0	16	0	0	0	0	0	0	0	0	0	0	0	0	0	0	0	0	0	0	0	0	0	0	25	5	972	0	4	0	0	0	4	0	0	0	0	0	0	0	0	0	0	0	0	0	0	0	0	0	0	0	0	0	0	0	0	0	0	0	0	44659
p__Chordata;c__Actinopteri;o__Elopiformes;f__Elopidae	Prey - Fish	3	0	0	0	0	0	0	0	0	0	0	0	0	0	0	0	0	0	0	0	0	3	0	0	0	0	0	0	0	0	0	0	0	0	0	0	0	0	0	0	0	0	0	0	0	0	0	0	0	0	0	0	0	0	0	0	0	0	0	0	0	0	0	0	0	0	0	0	0	0	0	0	0	0	0	0	0	0	0	0	0	0	0	0	0	0	0	0	0	0	0	0	0	0	0	0	0	0	0	6	0	0	0	0	0	0	0	0	0	0	0	0	0	0	0	0	0	2	0	0	0	0	0	0	0	0	0	0	0	0	0	0	0	0	0	0	11
p__Chordata;c__Actinopteri;o__Elopiformes;f__Elopidae;g__Elops	Prey - Fish	5	0	0	0	0	0	0	0	0	0	0	0	0	0	0	0	0	0	0	0	0	0	0	0	0	0	14	0	0	0	0	0	0	0	0	0	0	0	0	0	0	0	0	0	0	0	0	0	0	0	0	0	0	0	0	0	0	0	0	0	0	0	0	0	0	0	0	0	0	0	0	0	0	0	0	0	0	0	0	0	0	0	0	0	0	0	0	0	0	0	0	0	0	0	0	0	0	0	2	2	0	0	0	0	0	0	79	0	0	0	0	0	0	0	0	0	0	0	0	0	0	0	0	0	0	0	0	0	0	0	0	0	0	0	0	0	97
p__Chordata;c__Actinopteri;o__Elopiformes;f__Megalopidae	Prey - Fish	1	0	0	0	0	0	0	0	0	0	0	0	0	0	0	0	0	0	0	0	0	0	0	0	0	0	0	0	0	0	0	4	0	0	0	0	0	0	0	0	0	0	0	0	0	0	0	0	0	0	0	0	0	0	0	0	0	0	0	0	0	0	0	0	0	0	0	0	0	0	0	0	0	0	0	0	0	0	0	0	0	0	0	0	0	0	0	0	0	0	0	0	0	0	0	0	0	0	0	0	0	0	0	0	0	0	0	0	0	0	0	0	0	0	0	0	0	0	0	0	0	0	0	0	0	0	0	0	0	0	0	0	0	0	0	0	4
p__Chordata;c__Actinopteri;o__Elopiformes;f__Megalopidae;g__Megalops;s__cyprinoides	Prey - Fish	6	0	0	0	0	0	0	0	0	0	0	0	0	0	0	0	0	0	0	0	0	0	0	0	0	0	0	0	0	0	193	445	114	87	128	107	60	115	0	0	0	0	0	0	0	0	0	0	0	0	0	0	0	0	0	0	0	0	0	0	0	0	0	0	0	0	0	0	0	0	0	0	0	0	0	0	0	4	2	6	17	8	13	3805	0	0	0	0	0	0	0	0	0	0	0	0	21	39794	0	0	0	0	0	0	0	0	18	0	0	0	0	0	0	0	0	0	0	0	0	0	0	0	0	0	0	0	0	0	0	0	0	0	0	0	0	0	44937
p__Chordata;c__Actinopteri;o__Ephippiformes;f__Drepaneidae	Prey - Fish	1	0	0	0	0	0	0	0	0	0	0	0	0	0	0	0	0	0	0	0	0	0	0	0	0	0	0	0	0	0	0	0	0	0	0	0	0	0	0	0	0	0	0	0	0	0	0	0	0	0	0	0	0	0	0	0	0	0	0	0	0	0	0	0	0	0	0	0	0	0	0	0	0	0	0	0	0	0	0	0	0	0	0	0	0	0	0	0	0	0	0	0	0	0	0	0	0	0	0	0	0	0	0	0	0	0	0	0	0	0	0	0	0	0	0	0	0	0	0	0	0	0	0	2	0	0	0	0	0	0	0	0	0	0	0	0	2
p__Chordata;c__Actinopteri;o__Ephippiformes;f__Drepaneidae;g__Drepane	Prey - Fish	1	0	0	0	0	0	0	0	0	0	0	0	0	0	0	0	0	0	0	0	0	0	0	0	0	0	0	0	0	0	0	0	0	0	0	0	0	0	0	0	0	0	0	0	0	0	0	0	0	0	0	0	0	0	0	0	0	0	0	0	0	0	0	0	0	0	0	0	0	0	0	0	0	0	0	0	0	0	0	0	0	0	0	0	0	0	0	0	0	0	0	0	0	0	0	0	0	0	0	0	0	0	0	0	0	0	0	0	0	0	0	0	0	0	0	0	0	0	0	0	0	0	32	0	0	0	0	0	0	0	0	0	0	0	0	0	32
p__Chordata;c__Actinopteri;o__Ephippiformes;f__Drepaneidae;g__Drepane;s__punctata	Prey - Fish	2	0	0	0	0	0	0	0	0	0	0	0	0	0	0	0	0	0	0	0	0	0	0	0	0	0	0	0	0	0	0	0	0	0	0	0	0	0	0	0	0	0	0	0	0	0	0	0	0	0	0	0	0	0	0	0	0	0	0	0	0	0	0	0	0	0	0	0	0	0	0	0	0	0	0	0	0	0	0	0	0	0	0	0	0	0	0	0	0	0	0	0	0	0	0	0	0	0	0	0	0	0	0	0	0	0	0	0	0	0	0	0	0	0	0	0	0	0	0	0	0	0	4	5	0	646	4	0	0	0	0	0	0	0	0	0	659
p__Chordata;c__Actinopteri;o__Euteleosteomorpha;f__Ambassidae	Prey - Fish	3	0	0	0	0	0	0	0	0	0	0	0	0	0	0	0	0	0	0	0	0	3	0	0	0	0	0	0	0	0	0	0	0	0	0	0	0	0	0	0	0	0	0	0	0	0	0	0	0	0	0	0	0	0	0	0	0	0	0	0	0	0	0	0	0	0	0	0	0	0	0	0	0	0	0	0	0	0	0	0	0	0	0	0	0	0	0	0	0	0	0	0	0	0	0	0	0	0	0	0	0	0	0	0	0	0	0	0	0	0	0	3	0	0	0	0	0	0	0	0	0	0	0	0	0	0	0	3	0	0	0	0	0	0	0	0	9
p__Chordata;c__Actinopteri;o__Euteleosteomorpha;f__Ambassidae;g__Ambassis	Prey - Fish	8	0	0	0	0	0	0	0	0	0	0	0	0	0	0	0	0	0	0	0	0	32	0	4	0	0	152	0	0	0	0	0	0	0	0	0	0	0	0	0	0	0	0	0	0	0	0	0	0	0	0	0	0	0	0	0	0	0	0	0	0	0	0	0	0	0	0	0	0	0	0	0	0	0	0	0	0	0	0	0	4	0	0	0	0	0	0	0	0	0	0	0	0	0	0	0	0	0	0	0	0	0	0	0	0	0	2	0	0	0	0	581	0	0	0	0	6	0	0	0	2	0	0	0	0	526	3	0	0	0	0	0	0	0	0	0	1312
p__Chordata;c__Actinopteri;o__Euteleosteomorpha;f__Ambassidae;g__Ambassis;s__dussumieri	Prey - Fish	8	0	0	0	0	0	0	0	0	0	0	0	0	0	0	0	0	0	0	0	0	0	0	0	0	0	0	0	0	0	0	0	0	0	0	0	0	0	0	0	0	0	0	0	0	0	0	0	0	0	0	0	0	0	0	0	0	0	0	0	0	0	0	0	0	0	0	0	0	0	0	0	0	0	0	0	0	0	0	0	953	5	2	4	0	0	0	0	0	0	0	0	0	0	0	0	0	0	0	0	0	0	0	0	36	0	0	2	0	0	0	0	0	0	0	0	0	0	0	0	0	0	0	0	0	0	0	0	0	0	0	0	0	0	0	0	1002
p__Chordata;c__Actinopteri;o__Euteleosteomorpha;f__Ambassidae;g__Ambassis;s__gymnocephalus	Prey - Fish	1	0	0	0	0	0	0	0	0	0	0	0	0	0	0	0	0	0	0	0	0	0	0	0	0	0	0	0	0	0	0	0	0	0	0	0	0	0	0	0	0	0	0	0	0	0	0	0	0	0	0	0	0	0	0	0	0	0	0	0	0	0	0	0	0	0	0	0	0	0	0	0	0	0	0	0	0	0	0	0	89	0	0	0	0	0	0	0	0	0	0	0	0	0	0	0	0	0	0	0	0	0	0	0	0	0	0	0	0	0	0	0	0	0	0	0	0	0	0	0	0	0	0	0	0	0	0	0	0	0	0	0	0	0	0	0	89
p__Chordata;c__Actinopteri;o__Euteleosteomorpha;f__Ambassidae;g__Ambassis;s__kopsii	Prey - Fish	4	0	0	0	0	0	0	0	0	0	0	0	0	0	0	0	0	0	0	0	0	0	0	0	0	0	0	0	0	0	0	0	0	0	0	0	0	0	0	0	0	0	0	0	0	0	0	0	0	0	0	0	0	0	0	0	0	0	0	0	0	0	0	0	0	0	0	0	0	0	0	0	0	0	0	0	0	0	0	7	2842	0	14	6	0	0	0	0	0	0	0	0	0	0	0	0	0	0	0	0	0	0	0	0	0	0	0	0	0	0	0	0	0	0	0	0	0	0	0	0	0	0	0	0	0	0	0	0	0	0	0	0	0	0	0	0	2869
p__Chordata;c__Actinopteri;o__Euteleosteomorpha;f__Ambassidae;g__Ambassis;s__macracanthus	Prey - Fish	3	0	0	0	0	0	0	0	0	0	0	0	0	0	0	0	0	0	0	0	0	0	0	0	0	0	0	0	0	0	0	0	0	0	0	0	0	0	21	0	9	0	0	0	0	0	0	0	0	0	0	0	0	0	0	0	0	0	0	0	0	0	0	0	0	0	0	0	0	0	0	0	0	0	0	0	0	0	0	0	0	0	0	0	0	0	0	0	0	0	0	0	0	21	13	5	0	0	0	0	0	0	0	0	0	0	0	0	0	0	0	0	4625	9225	250	0	0	0	0	0	0	16	20	28	12	28	7	9	13	8	13	0	0	0	0	13	14336
p__Chordata;c__Actinopteri;o__Euteleosteomorpha;f__Ambassidae;g__Ambassis;s__nalua	Prey - Fish	3	0	0	0	0	0	0	0	0	0	0	0	0	0	0	0	0	0	0	0	5	4345	0	0	3	0	0	0	0	0	0	0	0	0	0	0	0	0	0	0	0	0	0	0	0	0	0	0	0	0	0	0	0	0	0	0	0	0	0	0	0	0	0	0	0	0	0	0	0	0	0	0	0	0	0	0	0	0	0	0	0	0	0	0	0	0	0	0	0	0	0	0	0	0	0	0	0	0	0	0	0	0	0	0	0	0	0	0	0	0	0	0	0	0	0	0	3	0	0	0	0	0	0	0	281	0	0	0	0	0	0	0	0	0	0	0	4637
p__Chordata;c__Actinopteri;o__Euteleosteomorpha;f__Ambassidae;g__Ambassis;s__octava	Prey - Fish	2	0	0	0	0	0	0	0	0	0	0	0	0	0	0	0	0	0	0	0	0	0	0	0	0	0	0	0	0	0	0	0	0	0	0	0	0	0	0	0	0	0	0	0	0	0	0	0	0	0	0	0	0	0	0	0	0	0	0	0	0	0	0	0	0	0	0	0	0	0	0	0	0	0	0	0	0	0	0	0	0	0	0	0	0	0	0	0	0	0	0	0	0	0	0	0	0	0	5	2	0	0	0	0	0	0	298	0	0	0	0	0	0	0	0	0	0	0	0	0	0	0	0	0	0	0	0	0	0	0	0	0	0	0	0	0	305
p__Chordata;c__Actinopteri;o__Euteleosteomorpha;f__Scatophagidae	Prey - Fish	1	0	0	0	0	0	0	0	0	0	0	0	0	0	0	0	0	0	0	0	0	0	0	0	0	0	0	0	0	0	0	0	0	0	0	0	0	0	0	0	0	0	0	0	0	0	0	0	0	0	0	0	0	0	0	0	0	0	0	0	0	0	0	0	0	0	0	0	0	0	0	0	0	0	0	0	0	0	0	0	0	0	0	0	0	0	0	0	0	0	0	0	0	0	0	0	0	0	0	0	0	0	0	0	0	0	0	0	0	0	0	0	0	0	0	0	0	0	2	0	0	0	0	0	0	0	0	0	0	0	0	0	0	0	0	0	2
p__Chordata;c__Actinopteri;o__Euteleosteomorpha;f__Scatophagidae;g__Scatophagus;s__argus	Prey - Fish	9	0	0	0	0	0	0	0	0	0	0	0	0	0	0	0	0	0	0	0	21	0	0	0	0	0	0	0	0	0	3	0	0	0	0	0	0	0	0	0	0	0	0	0	0	0	0	0	0	0	0	0	0	0	0	0	0	0	0	0	0	0	0	0	0	0	0	0	0	0	0	0	0	0	0	0	0	0	0	0	689	3	5	0	0	0	0	0	0	0	0	0	0	0	0	0	0	0	0	0	0	0	0	0	91	0	50	0	0	6	6	0	558	0	0	7	4	0	0	563	0	4	0	0	5	0	178	0	0	0	0	0	0	0	0	0	2193
p__Chordata;c__Actinopteri;o__Euteleosteomorpha;f__Sciaenidae	Prey - Fish	21	0	0	0	0	0	0	0	0	0	0	0	0	0	0	0	0	45	0	0	0	0	0	0	0	0	0	0	0	0	0	0	0	0	0	0	0	0	4	0	7	0	0	2	0	0	0	0	0	0	0	0	0	0	0	0	0	0	0	0	0	0	0	0	0	0	0	0	0	0	0	0	0	0	0	0	0	0	0	0	0	0	0	0	0	0	0	0	0	0	0	0	0	8	3	0	0	0	6	0	2	0	0	0	0	0	0	0	4	7	23	39	222	6110	16	4587	11	7	11	5	0	283	451	378	135	128652	623	15483	6136	18348	8	0	0	0	0	6	181622
p__Chordata;c__Actinopteri;o__Euteleosteomorpha;f__Sciaenidae;g__Johnius	Prey - Fish	1	0	0	0	0	0	0	0	0	0	0	0	0	0	0	0	0	0	0	0	0	0	0	0	0	0	0	0	0	0	0	3	0	0	0	0	0	0	0	0	0	0	0	0	0	0	0	0	0	0	0	0	0	0	0	0	0	0	0	0	0	0	0	0	0	0	0	0	0	0	0	0	0	0	0	0	0	0	0	0	0	0	0	0	0	0	0	0	0	0	0	0	0	0	0	0	0	0	0	0	0	0	0	0	0	0	0	0	0	0	0	0	0	0	0	0	0	0	0	0	0	0	0	0	0	0	0	0	0	0	0	0	0	0	0	0	3
p__Chordata;c__Actinopteri;o__Euteleosteomorpha;f__Sciaenidae;g__Johnius;s__belangerii	Prey - Fish	1	0	0	0	0	0	0	0	0	0	0	0	0	0	0	0	0	0	0	0	0	0	0	0	0	0	0	0	0	0	0	33	0	0	0	0	0	0	0	0	0	0	0	0	0	0	0	0	0	0	0	0	0	0	0	0	0	0	0	0	0	0	0	0	0	0	0	0	0	0	0	0	0	0	0	0	0	0	0	0	0	0	0	0	0	0	0	0	0	0	0	0	0	0	0	0	0	0	0	0	0	0	0	0	0	0	0	0	0	0	0	0	0	0	0	0	0	0	0	0	0	0	0	0	0	0	0	0	0	0	0	0	0	0	0	0	33
p__Chordata;c__Actinopteri;o__Euteleosteomorpha;f__Sciaenidae;g__Nibea;s__coibor	Prey - Fish	4	0	0	0	0	0	0	0	0	0	0	0	0	0	0	0	0	0	0	0	0	0	0	0	0	0	0	0	0	0	0	0	0	0	0	0	0	0	0	0	0	0	0	0	0	0	0	0	0	0	0	0	0	0	0	0	0	0	0	0	0	0	0	0	0	0	0	0	0	0	0	0	0	0	0	0	0	0	0	0	0	0	0	0	0	0	0	0	0	0	0	0	0	0	0	0	0	0	0	0	0	0	0	0	0	0	0	0	0	0	0	0	0	0	0	0	0	0	0	0	0	0	0	4	0	5	5	356	5	0	0	0	0	0	0	0	375
p__Chordata;c__Actinopteri;o__Euteleosteomorpha;f__Siganidae	Prey - Fish	8	0	0	0	0	0	0	0	0	0	0	0	0	0	0	0	0	0	0	0	4	0	0	0	0	8	3	0	0	0	0	0	0	0	0	0	0	0	0	0	0	0	0	0	0	0	0	0	0	0	0	0	0	0	0	0	0	0	0	0	0	0	0	0	0	0	0	0	0	0	0	0	0	0	0	0	0	0	0	0	0	0	0	0	0	0	0	0	0	0	0	0	0	0	0	0	0	0	0	0	0	0	0	0	0	0	0	0	0	0	0	0	0	0	0	0	0	0	0	0	0	0	0	0	6	0	5	6	0	0	0	0	0	0	0	0	32
p__Chordata;c__Actinopteri;o__Euteleosteomorpha;f__Siganidae;g__Siganus	Prey - Fish	9	0	0	0	0	0	0	0	0	0	0	0	0	0	0	0	0	0	0	0	3	0	0	0	0	0	6	0	0	0	0	0	0	0	0	0	0	0	0	0	0	0	0	0	0	0	0	0	0	0	0	0	0	0	0	0	0	0	0	0	0	0	0	0	0	0	0	0	0	0	0	0	0	0	0	0	0	0	0	0	240	0	0	0	0	0	0	0	0	0	0	0	0	0	0	0	0	0	0	0	0	0	0	0	4	0	0	0	0	0	0	0	11	0	0	0	0	0	0	0	0	36	34	22	7390	43	102	10	21	11	0	0	0	0	0	0	7933
p__Chordata;c__Actinopteri;o__Euteleosteomorpha;f__Siganidae;g__Siganus;s__canaliculatus	Prey - Fish	1	0	0	0	0	0	0	0	0	0	0	0	0	0	0	0	0	0	0	0	0	0	0	0	0	0	0	0	0	0	0	0	0	0	0	0	0	0	0	0	0	0	0	0	0	0	0	0	0	0	0	0	0	0	0	0	0	0	0	0	0	0	0	0	0	0	0	0	0	0	0	0	0	0	0	0	0	0	0	0	0	0	12	0	0	0	0	0	0	0	0	0	0	0	0	0	0	0	0	0	0	0	0	0	0	0	0	0	0	0	0	0	0	0	0	0	0	0	0	0	0	0	0	0	0	0	0	0	0	0	0	0	0	0	0	0	12
p__Chordata;c__Actinopteri;o__Euteleosteomorpha;f__Siganidae;g__Siganus;s__javus	Prey - Fish	5	0	0	0	0	0	0	0	0	0	0	0	0	0	0	0	0	0	0	0	30825	67	39	31	27	55	43	23	0	30	0	0	0	0	0	0	0	0	0	0	0	0	0	0	0	0	0	0	0	0	0	0	0	0	0	0	0	0	0	0	0	0	0	0	0	0	0	0	0	0	0	0	0	0	0	0	0	0	0	0	0	0	0	0	0	0	0	0	0	0	0	0	0	0	0	0	0	0	0	3	0	0	0	0	201	0	0	0	0	0	0	0	12	0	0	0	0	0	0	0	0	0	16	29	0	26	6561	0	20	0	0	0	0	0	0	0	38008
p__Chordata;c__Actinopteri;o__Euteleosteomorpha;f__Sillaginidae;g__Sillago	Prey - Fish	3	0	0	0	0	0	0	0	0	0	0	0	0	0	0	0	0	0	0	0	0	0	0	0	52	0	0	0	0	0	0	0	0	0	0	0	0	0	0	0	0	0	0	0	0	0	0	0	0	0	0	0	0	0	0	0	0	0	0	0	0	0	0	0	0	0	0	0	0	0	0	0	0	0	0	0	0	0	0	0	0	0	0	0	0	0	0	0	0	0	0	0	0	0	0	0	0	0	0	0	0	0	0	0	0	0	20	0	0	0	0	0	0	0	0	0	0	0	0	0	0	0	6	0	0	0	0	0	0	0	0	0	0	0	0	0	78
p__Chordata;c__Actinopteri;o__Euteleosteomorpha;f__Toxotidae	Prey - Fish	2	0	0	0	0	0	0	0	0	0	0	0	0	0	0	0	0	0	0	0	0	2	0	0	0	0	0	0	0	0	0	0	0	0	0	0	0	0	0	0	0	0	0	0	0	0	0	0	0	0	0	0	0	0	0	0	0	0	0	0	0	0	0	0	0	0	0	0	0	0	0	0	0	0	0	0	0	0	0	0	0	0	0	0	0	0	0	0	0	0	0	0	0	0	0	0	0	0	0	0	0	0	0	0	0	0	0	0	0	0	0	3	0	0	0	0	0	0	0	0	0	0	0	0	0	0	0	0	0	0	0	0	0	0	0	0	5
p__Chordata;c__Actinopteri;o__Gerreiformes;f__Gerreidae	Prey - Fish	8	0	0	0	0	0	0	0	0	0	0	0	0	0	0	0	0	0	0	0	0	0	0	0	0	0	0	0	0	0	0	0	0	0	0	0	0	0	0	0	0	0	0	0	0	0	0	0	0	0	0	0	0	0	0	0	0	0	0	0	0	0	0	0	0	0	0	0	0	0	0	0	0	0	0	0	0	0	0	0	0	0	0	0	0	0	0	0	0	0	0	0	0	0	0	0	0	0	0	0	0	0	0	0	0	0	3	0	3	68	10	922	0	0	0	3	9	0	2	0	0	0	10	0	0	0	0	0	0	0	0	0	0	0	0	0	1030
p__Chordata;c__Actinopteri;o__Gerreiformes;f__Gerreidae;g__Gerres	Prey - Fish	4	0	0	0	0	0	0	0	0	0	0	0	0	0	0	0	0	0	0	0	0	0	0	0	0	0	0	0	0	0	0	0	0	0	0	0	0	0	0	0	0	0	0	0	0	0	0	0	0	0	0	0	0	0	0	0	0	0	0	0	0	0	6	204	0	0	0	0	0	0	0	0	0	0	0	0	0	0	0	0	0	0	0	0	0	0	0	0	0	0	0	0	0	0	0	0	0	0	0	0	0	0	0	0	0	0	0	0	0	0	0	0	0	0	0	0	0	0	0	0	0	0	0	0	0	0	0	0	0	0	0	0	0	0	0	0	210
p__Chordata;c__Actinopteri;o__Gerreiformes;f__Gerreidae;g__Gerres;s__filamentosus	Prey - Fish	9	0	0	0	0	0	0	0	0	0	0	0	0	0	0	0	0	0	0	0	0	0	0	0	0	0	0	0	0	0	0	0	0	0	0	0	0	0	0	0	0	0	0	0	0	0	0	0	0	0	0	0	0	0	0	0	0	0	0	0	0	0	0	0	0	0	0	0	0	0	0	0	0	0	0	0	0	0	0	0	0	0	0	0	0	0	0	0	0	0	0	0	0	0	2	0	0	0	35	63	38	20	13	27	20	26	9030	37	0	0	0	0	35	0	16	0	0	0	0	0	0	49	61622	59	23	51	97	14	25	24	0	0	0	0	0	0	71326
p__Chordata;c__Actinopteri;o__Gerreiformes;f__Gerreidae;g__Gerres;s__phaiya	Prey - Fish	3	0	0	0	0	0	0	0	0	0	0	0	0	0	0	0	0	0	0	0	0	0	0	0	0	0	0	0	0	0	0	0	0	0	0	0	0	0	0	0	0	0	0	0	0	0	0	0	0	0	0	0	0	0	0	0	0	0	0	0	0	0	0	0	0	0	0	0	0	0	0	0	0	0	0	0	0	0	0	0	0	0	0	0	0	0	0	0	0	0	0	0	0	0	0	0	0	0	0	0	0	0	0	0	0	0	0	0	0	4	0	0	0	0	0	0	0	0	149	0	0	0	0	0	0	0	0	0	0	0	0	0	0	0	0	0	153
p__Chordata;c__Actinopteri;o__Gobiiformes	Prey - Fish	24	0	0	0	0	0	0	0	0	0	0	0	0	0	0	0	0	0	0	0	527	103861	193	93	110	134	12545	60	27	291	92	236	58	14166	55	67	21	37	0	0	0	0	0	0	0	0	0	0	0	0	0	0	0	0	0	0	0	0	0	0	0	0	0	0	0	0	0	0	0	0	0	0	0	0	0	0	0	0	0	0	0	0	0	0	0	0	0	0	0	0	0	0	0	0	0	0	16	25	175	184	196	67	82	85	9685	245	144	12012	0	4812	42	12	28	0	0	936	58	13	677	266	7	41	76	349	0	32	723	36	7888	2300	0	0	0	0	0	0	173785
p__Chordata;c__Actinopteri;o__Gobiiformes;f__Eleotridae	Prey - Fish	63	0	0	0	0	0	0	0	0	0	0	0	0	0	0	0	0	73	0	0	4	16	12	11	6	10	14	0	0	2686	96	111	103	77	33687	128	37	81	45	0	20	0	0	0	0	0	0	0	0	0	0	0	0	0	7	0	0	0	0	0	8	0	0	0	0	0	0	0	0	0	0	0	0	0	0	0	0	0	0	0	0	0	0	0	0	0	0	0	0	0	0	0	0	49	45	10	24	71	34	1819	32	18	10	21	1364	1151	1153	1282	71	190	1513	106	76	34	25290	8828	1969	117	22186	7271	22	9685	190	611	23	4108	15983	3225	106	8439	30	0	0	0	0	28	154416
p__Chordata;c__Actinopteri;o__Gobiiformes;f__Eleotridae;g__Butis	Prey - Fish	22	0	0	0	0	0	0	0	0	0	0	0	2	0	4	0	0	13	0	0	18	160	32	6054	4822	31	33	11	0	24	0	2	0	0	0	0	0	0	0	0	0	0	0	0	0	0	0	0	0	0	0	0	0	0	0	0	0	0	0	0	0	0	0	0	0	0	0	0	0	0	0	0	0	0	0	0	0	0	0	0	0	0	0	0	0	0	0	0	0	0	0	0	0	0	0	0	0	0	0	0	113	0	0	2	0	3	0	0	0	0	1	5	0	0	0	3	0	0	0	18	0	22	23	0	0	0	0	0	0	0	0	0	0	0	0	0	11396
p__Chordata;c__Actinopteri;o__Gobiiformes;f__Eleotridae;g__Butis;s__butis	Prey - Fish	32	0	0	0	0	0	0	0	0	0	0	0	0	0	9	0	0	433	0	0	2034	42	7	3	7	4	49	0	0	496	0	0	0	0	0	0	0	0	0	0	0	0	0	0	0	0	0	0	0	0	0	0	0	0	0	0	0	0	0	0	0	0	0	0	0	0	0	0	0	0	0	0	0	0	0	0	0	0	0	0	37	0	0	0	0	0	0	0	0	0	0	0	0	0	0	0	0	0	119	321	88	32	36	60	6802	110	178	9100	53	360	12681	63	27	0	0	6545	464	65	18138	76	11	69	2003	21119	4165	6416	114	35	63	30	0	0	0	0	0	0	92464
p__Chordata;c__Actinopteri;o__Gobiiformes;f__Eleotridae;g__Butis;s__gymnopomus	Prey - Fish	8	0	0	0	0	0	0	0	0	0	0	0	0	0	0	0	0	0	0	0	0	0	0	0	0	0	0	0	0	0	0	0	0	0	0	0	0	0	0	0	0	0	0	0	0	0	0	0	0	0	0	0	0	0	0	0	0	0	0	0	0	0	0	0	0	0	0	0	0	0	0	0	0	0	0	0	0	0	0	0	0	0	0	0	0	0	0	0	0	0	0	0	0	0	0	0	0	0	0	0	0	0	0	0	0	0	0	0	0	0	0	0	48	0	0	0	0	0	0	0	0	38863	471	80	25	60	82	27	41	0	0	0	0	0	0	0	39697
p__Chordata;c__Actinopteri;o__Gobiiformes;f__Eleotridae;g__Ophiocara	Prey - Fish	2	0	0	0	0	0	0	0	0	0	0	0	0	0	0	0	0	0	0	0	0	0	0	0	0	0	0	0	0	0	0	0	0	0	0	0	0	0	0	0	0	0	0	0	0	0	0	0	0	0	0	0	0	0	0	0	0	0	0	0	0	0	0	0	0	0	0	0	0	0	0	0	0	0	0	0	0	0	0	0	0	0	0	0	0	0	0	0	0	0	0	0	0	0	0	0	0	0	94	79	82	3985	35	548	46	34906	204	57	0	0	0	0	0	0	0	0	0	0	66	0	0	0	0	0	0	0	0	0	0	0	0	0	0	0	0	0	40102
p__Chordata;c__Actinopteri;o__Gobiiformes;f__Eleotridae;g__Oxyeleotris	Prey - Fish	49	7	124	21	4	10	5665	0	0	0	4	0	0	0	0	0	0	194	0	0	0	0	0	0	0	0	0	0	0	0	0	0	0	0	0	0	0	0	84	0	50	0	0	0	0	0	0	0	0	93	1121	430	107	305	158741	119	155916	5778	17589	19286	25170	45741	48145	982	163	241	104	48	316	11	0	27	10022	13	20	0	17	0	0	11	3889	9	26	338	0	0	0	0	0	0	0	10	33	71	132	12	0	0	0	0	0	0	0	0	0	0	0	0	0	51	2	0	35482	12912	28084	7	38	0	982	3	0	199	848	171	37	167	209	86	144	54	32	0	0	0	0	54	580761
p__Chordata;c__Actinopteri;o__Gobiiformes;f__Gobiidae	Prey - Fish	246	0	0	0	0	0	0	0	0	0	0	0	0	0	4	3	8	306	0	2	2378	482	45913	2827	42	5488	87	34	9	61	226	95137	55027	21505	269	336	660	225	4	0	0	0	0	0	0	0	0	0	0	0	3	0	0	0	0	0	11	0	0	0	0	0	0	0	0	0	0	0	0	0	0	0	0	0	0	0	0	0	0	0	0	3	2	0	0	48	0	0	0	0	0	0	0	0	81	0	58	109	376	36120	268	2234	68008	481	159	17542	482	274	49	21781	78721	101	61	0	3	117	268	78	2132	86	17	278	775	25894	36	103	159	12087	274	514	0	0	38	4584	6	0	505454
p__Chordata;c__Actinopteri;o__Gobiiformes;f__Gobiidae;g__Acentrogobius	Prey - Fish	3	0	0	0	0	0	0	0	0	0	0	0	0	0	0	0	0	0	0	0	2	0	2	1	0	1	46	1	0	0	0	0	0	19	0	0	0	0	0	0	0	0	0	0	0	0	0	0	0	0	0	0	0	0	0	0	0	0	0	0	0	0	0	0	0	0	0	0	0	0	0	0	0	0	0	0	0	0	0	0	0	0	0	0	0	0	0	0	0	0	0	0	0	0	0	0	0	0	0	1	0	0	1	0	7	0	0	0	0	0	0	0	0	0	0	0	0	5	0	0	0	0	0	0	0	0	0	0	0	0	0	0	0	0	0	0	86
p__Chordata;c__Actinopteri;o__Gobiiformes;f__Gobiidae;g__Acentrogobius;s__janthinopterus	Prey - Fish	11	0	0	0	0	0	0	0	0	0	0	0	0	0	0	0	0	0	0	0	33	32	0	0	0	9	571	0	0	0	0	6	0	172	0	0	0	0	0	0	0	0	0	0	0	0	0	0	0	0	0	0	0	0	0	0	0	0	0	0	0	0	0	0	0	0	0	0	0	0	0	0	0	0	0	0	0	0	0	0	0	0	0	0	0	0	0	0	0	0	0	0	0	0	0	0	0	0	0	1372	0	0	0	0	0	5	0	0	13	84	25	18	0	0	0	15	29	1239	28	16	0	7	63	0	4	9	198	326	1363	6	0	0	0	0	0	0	5643
p__Chordata;c__Actinopteri;o__Gobiiformes;f__Gobiidae;g__Amoya	Prey - Fish	4	0	0	0	0	0	0	0	0	0	0	0	0	0	0	0	0	0	0	0	0	0	0	0	0	0	0	0	0	0	0	1370	0	0	0	0	0	0	0	0	0	0	0	0	0	0	0	0	0	0	0	0	0	0	0	0	0	0	0	0	0	0	0	0	0	0	0	0	0	0	0	0	0	0	0	0	0	0	0	0	0	0	0	0	0	0	0	0	0	0	0	0	0	0	0	0	0	0	0	0	0	0	0	0	0	0	0	0	0	0	0	0	0	0	0	0	0	0	79	0	0	0	0	0	0	0	0	0	0	0	0	0	0	0	0	0	1449
p__Chordata;c__Actinopteri;o__Gobiiformes;f__Gobiidae;g__Boleophthalmus	Prey - Fish	3	0	0	0	0	0	0	0	0	0	0	0	0	0	0	0	0	0	0	0	0	0	0	0	0	0	0	0	0	0	0	0	0	0	0	6	0	0	0	0	0	0	0	0	0	0	0	0	0	0	0	0	0	0	0	0	0	0	0	0	0	0	0	0	0	0	0	0	0	0	0	0	0	0	0	0	0	0	0	0	0	0	0	0	0	0	0	0	0	0	0	0	0	0	0	0	0	0	0	0	0	0	0	0	0	0	0	0	0	0	0	0	4	0	0	0	0	0	0	0	0	0	4	0	0	0	0	0	0	0	0	0	0	0	0	0	14
p__Chordata;c__Actinopteri;o__Gobiiformes;f__Gobiidae;g__Boleophthalmus;s__boddarti	Prey - Fish	12	0	0	0	0	0	0	0	0	0	0	0	0	0	12	0	0	405	0	0	0	0	0	0	0	0	0	0	0	0	9	33	5	444	16	18	783	17	0	0	0	0	0	0	7	0	0	0	0	0	0	0	0	0	0	0	0	0	0	0	0	0	0	0	0	0	0	0	0	0	0	0	0	0	0	0	0	0	0	0	0	0	0	0	0	0	0	0	0	0	0	0	0	0	0	0	0	5	0	0	0	0	0	0	0	0	0	0	0	0	0	0	23	0	0	0	0	0	0	0	0	40	112	56	21	100	224	21	19182	11	0	0	0	6	0	0	21550
p__Chordata;c__Actinopteri;o__Gobiiformes;f__Gobiidae;g__Brachygobius	Prey - Fish	1	0	0	0	0	0	0	0	0	0	0	0	0	0	0	0	0	0	0	0	0	0	0	0	0	0	0	0	0	0	0	0	0	0	0	0	0	0	0	0	0	0	0	0	0	0	0	0	0	0	0	0	0	0	0	0	0	0	0	0	0	0	0	0	0	0	0	0	0	0	0	0	0	0	0	0	0	0	0	0	0	0	0	0	0	0	0	0	0	0	0	0	0	0	0	0	0	0	0	4	0	0	0	0	0	0	0	0	0	0	0	0	0	0	0	0	0	0	0	0	0	0	0	0	0	0	0	0	0	0	0	0	0	0	0	0	4
p__Chordata;c__Actinopteri;o__Gobiiformes;f__Gobiidae;g__Drombus	Prey - Fish	12	0	0	0	0	0	0	0	0	0	0	0	0	0	0	0	0	0	0	0	0	0	0	0	0	0	0	0	0	0	95	277	67	92	25781	103	33	60	0	0	0	0	0	0	0	0	0	0	0	0	0	0	0	0	0	0	0	0	0	0	0	0	0	0	0	0	0	0	0	0	0	0	0	0	0	0	0	0	0	0	0	0	0	0	0	0	0	0	0	0	0	0	0	0	0	0	16	49	0	0	0	0	0	0	40	0	0	0	0	21	0	0	9	0	0	0	18	3	848	0	0	11	67	90	0	15	11	0	12	1634	0	0	0	0	0	0	29352
p__Chordata;c__Actinopteri;o__Gobiiformes;f__Gobiidae;g__Drombus;s__kranjiensis	Prey - Fish	1	0	0	0	0	0	0	0	0	0	0	0	0	0	0	0	0	0	0	0	0	0	0	0	0	0	0	0	0	0	0	0	0	0	0	0	0	0	0	0	0	0	0	0	0	0	0	0	0	0	0	0	0	0	0	0	0	0	0	0	0	0	0	0	0	0	0	0	0	0	0	0	0	0	0	0	0	0	0	0	0	0	0	0	0	0	0	0	0	0	0	0	0	0	0	0	0	0	0	0	0	0	0	0	0	0	0	0	0	0	0	0	0	0	0	0	0	0	0	0	0	0	3	0	0	0	0	0	0	0	0	0	0	0	0	0	3
p__Chordata;c__Actinopteri;o__Gobiiformes;f__Gobiidae;g__Eugnathogobius	Prey - Fish	11	0	0	0	0	0	0	0	0	0	0	0	0	0	0	0	0	0	0	0	0	0	0	3	0	0	0	0	0	0	11	28	10171	14	10	21	0	16	0	0	0	0	0	0	0	0	0	0	0	0	0	0	0	0	0	0	0	0	0	0	0	0	0	0	0	0	0	0	0	0	0	0	0	0	0	0	0	0	0	0	0	0	0	0	0	0	0	0	0	0	0	0	0	0	0	0	0	4	10	10	3	1902	12	0	2	8	0	8	0	3	0	0	0	0	0	0	0	0	278	0	0	0	0	88	0	0	0	0	0	0	0	0	0	0	0	0	12602
p__Chordata;c__Actinopteri;o__Gobiiformes;f__Gobiidae;g__Eugnathogobius;s__variegatus	Prey - Fish	12	0	0	0	0	0	0	0	0	0	0	0	0	0	0	0	0	0	0	0	0	17	0	260	0	0	0	0	0	0	0	0	0	0	0	0	0	0	0	0	0	0	0	0	0	0	0	0	0	0	0	0	0	0	0	0	0	0	0	0	0	0	0	0	0	0	0	0	0	0	0	0	0	0	0	0	0	0	0	0	0	0	0	0	0	0	0	0	0	0	0	0	0	0	0	0	0	0	0	0	0	0	0	0	0	0	0	0	1	25241	2399	41	0	0	0	35	99	20	1416	13	6	12	99	6964	0	14	27	7	7	0	0	0	0	0	0	0	36678
p__Chordata;c__Actinopteri;o__Gobiiformes;f__Gobiidae;g__Glossogobius	Prey - Fish	48	0	55	853	0	2	0	0	0	0	0	0	0	0	34	0	0	631	0	0	38	231	69	26	261	50	28	28	4	11123	0	8	0	0	0	0	0	0	0	0	0	0	0	0	5	9	0	505	0	0	0	0	0	0	0	0	0	0	0	0	0	0	0	0	0	0	0	0	0	0	0	0	0	0	0	0	0	0	5	452	1477	16	11	6	0	0	0	0	0	0	0	0	0	0	14	3	0	64	11	25	12	18	31	12	18	27	2965	13	88	633	256	26060	63	0	2150	2773	308	109	556	10155	23	107	28808	539	27	96	563	54	23354	34	0	0	0	0	0	0	115896
p__Chordata;c__Actinopteri;o__Gobiiformes;f__Gobiidae;g__Glossogobius;s__aureus	Prey - Fish	1	0	0	0	0	0	0	0	0	0	0	0	0	0	0	0	0	0	0	0	0	0	0	0	0	0	0	0	0	0	0	0	0	0	0	0	0	0	0	0	0	0	0	0	0	0	0	0	0	0	0	0	0	0	0	0	0	0	0	0	0	0	0	0	0	0	0	0	0	0	0	0	0	0	0	0	0	0	0	0	0	0	0	0	0	0	0	0	0	0	0	0	0	0	0	0	0	0	0	0	0	0	0	0	0	0	0	0	0	0	0	0	9	0	0	0	0	0	0	0	0	0	0	0	0	0	0	0	0	0	0	0	0	0	0	0	9
p__Chordata;c__Actinopteri;o__Gobiiformes;f__Gobiidae;g__Glossogobius;s__giuris	Prey - Fish	2	0	0	0	0	0	0	0	0	0	0	0	0	0	0	0	0	0	0	0	0	0	0	0	0	0	0	0	0	0	0	0	0	0	0	0	0	0	36	0	18	0	0	0	0	0	0	0	0	0	0	0	0	0	0	0	0	0	0	0	0	0	0	0	0	0	0	0	0	0	0	0	0	0	0	0	0	0	0	0	0	0	0	0	0	0	0	0	0	0	0	0	0	35	17	0	0	0	0	0	0	0	0	0	0	0	0	0	0	0	0	0	0	21	12411	0	0	0	0	0	0	0	0	0	0	0	0	0	0	0	14	0	0	0	0	13	12565
p__Chordata;c__Actinopteri;o__Gobiiformes;f__Gobiidae;g__Hemigobius	Prey - Fish	7	0	0	0	0	0	0	0	0	0	0	0	0	0	0	0	0	0	0	0	0	0	0	0	0	8	0	0	0	0	0	10	0	0	0	0	0	0	0	0	0	0	0	0	0	0	0	0	0	0	0	0	0	0	0	0	0	0	0	0	0	0	0	0	0	0	0	0	0	0	0	0	0	0	0	0	0	0	0	0	0	0	0	0	0	0	0	0	0	0	0	0	0	0	0	0	0	0	0	0	0	4	5	0	0	5	0	0	0	0	0	0	0	0	0	0	0	0	0	0	0	0	0	0	0	0	0	0	0	0	0	0	0	0	0	0	32
p__Chordata;c__Actinopteri;o__Gobiiformes;f__Gobiidae;g__Hemigobius;s__hoevenii	Prey - Fish	29	0	0	0	0	0	0	0	0	0	0	0	0	0	0	0	0	64	0	0	0	36	0	780	0	0	0	0	0	0	362	1087	455	258	368	20331	113	125188	0	0	0	0	0	0	0	0	0	0	0	0	0	0	0	0	0	0	0	0	0	0	0	0	0	0	0	0	0	0	0	0	0	0	0	0	0	0	0	0	0	0	0	0	0	0	0	0	0	0	0	0	0	0	0	0	0	0	65	181	17	463	24	2126	11	55	4	2415	16	9	0	7515	339	5	0	0	0	10	14	0	8	8	0	0	0	0	0	0	0	0	0	0	0	0	0	0	0	0	162327
p__Chordata;c__Actinopteri;o__Gobiiformes;f__Gobiidae;g__Hemigobius;s__mingi	Prey - Fish	6	0	0	0	0	0	0	0	0	0	0	0	0	0	0	0	0	0	0	0	0	0	0	0	0	0	0	0	0	0	0	0	0	0	0	0	0	0	0	0	0	0	0	0	0	0	0	0	0	0	0	0	0	0	0	0	0	0	0	0	0	0	0	0	0	0	0	0	0	0	0	0	0	0	0	0	0	0	0	0	0	0	0	0	0	0	0	0	0	0	0	0	0	0	0	0	0	0	0	4	0	134	5	0	0	0	0	0	0	39	16	0	0	0	0	0	13	2	655	0	0	0	0	0	0	0	0	0	0	0	0	0	0	0	0	0	868
p__Chordata;c__Actinopteri;o__Gobiiformes;f__Gobiidae;g__Mugilogobius	Prey - Fish	1	0	0	0	0	0	0	0	0	0	0	0	0	0	0	0	0	0	0	0	0	0	0	0	0	0	0	0	0	0	0	0	0	0	0	0	0	0	0	0	0	0	0	0	0	0	0	0	0	0	0	0	0	0	0	0	0	0	0	0	0	0	0	0	0	0	0	0	0	0	0	0	0	0	0	0	0	0	0	0	0	0	0	0	0	0	0	0	0	0	0	0	0	0	0	0	0	0	0	0	0	0	0	0	0	0	0	0	0	5	0	0	0	0	0	0	0	0	0	0	0	0	0	0	0	0	0	0	0	0	0	0	0	0	0	0	5
p__Chordata;c__Actinopteri;o__Gobiiformes;f__Gobiidae;g__Mugilogobius;s__chulae	Prey - Fish	15	0	0	0	0	0	0	0	0	0	0	0	0	0	0	0	0	0	0	0	19	92	27	3088	5	25	0	0	0	4	6	56	9	2057	8	7	0	0	0	0	0	0	0	0	0	0	0	0	0	0	0	0	0	0	0	0	0	0	0	0	0	0	0	0	0	0	0	0	0	0	0	0	0	0	0	0	0	0	0	0	0	0	0	0	0	0	0	0	0	0	0	0	0	0	0	0	0	0	0	0	0	0	0	0	0	0	0	0	17	25936	64	16	0	0	0	28	57	14	27	13	0	0	0	0	0	0	0	0	0	0	0	0	0	0	0	0	31575
p__Chordata;c__Actinopteri;o__Gobiiformes;f__Gobiidae;g__Oxyurichthys	Prey - Fish	14	0	0	0	0	0	0	0	0	0	0	0	0	0	0	0	0	0	0	0	0	3	0	0	0	0	0	0	0	0	0	0	407	0	0	0	0	0	2	0	0	0	0	0	0	0	0	0	0	0	0	0	0	0	0	0	0	0	0	0	0	0	0	0	0	0	0	0	0	0	0	0	0	0	0	0	0	0	0	0	0	0	0	0	0	0	0	0	0	0	0	0	0	5	30	0	0	0	0	0	0	0	0	0	0	0	0	0	0	3	6	0	2	0	2293	0	196	0	0	0	0	0	115	0	0	0	2	0	0	0	3	0	0	0	0	6	3073
p__Chordata;c__Actinopteri;o__Gobiiformes;f__Gobiidae;g__Oxyurichthys;s__ophthalmonema	Prey - Fish	43	0	0	0	0	0	0	0	0	0	0	0	0	0	133	0	0	9333	0	0	46	109	10	6	9	25	89	11	0	4870	661	11	691	0	0	0	0	0	0	13	0	0	0	10	14	6	0	13	0	0	0	0	0	0	0	0	0	0	0	0	0	0	0	0	0	0	0	0	0	0	0	0	0	0	0	0	0	0	0	0	0	0	0	0	0	0	0	0	0	0	0	0	0	0	0	0	0	0	270	204	50	16	10	37	786	38	7186	928	120	1217	304	758	28	0	230	734	33354	13745	7340	748	40	43	17086	6314	7	222	1841	89	2862	170	0	0	0	0	0	0	112837
p__Chordata;c__Actinopteri;o__Gobiiformes;f__Gobiidae;g__Parapocryptes;s__serperaster	Prey - Fish	3	0	0	0	0	0	0	0	0	0	0	0	0	0	0	0	0	0	0	0	0	0	0	0	0	0	0	0	0	0	0	0	0	0	0	0	0	0	0	0	0	0	0	0	0	0	0	0	0	0	0	0	0	0	0	0	0	0	0	0	0	0	0	0	0	0	0	0	0	0	0	0	0	0	0	0	0	0	0	0	409	5	0	0	0	0	0	0	0	0	0	0	0	0	0	0	0	0	0	0	0	0	0	0	0	0	0	0	0	0	0	0	0	0	0	0	0	0	0	0	0	0	0	0	0	0	0	0	0	0	0	0	0	0	0	0	414
p__Chordata;c__Actinopteri;o__Gobiiformes;f__Gobiidae;g__Periophthalmus	Prey - Fish	1	0	0	0	0	0	0	0	0	0	0	0	0	0	0	0	0	0	0	0	0	0	0	0	0	0	0	0	0	0	0	0	0	0	0	3	0	0	0	0	0	0	0	0	0	0	0	0	0	0	0	0	0	0	0	0	0	0	0	0	0	0	0	0	0	0	0	0	0	0	0	0	0	0	0	0	0	0	0	0	0	0	0	0	0	0	0	0	0	0	0	0	0	0	0	0	0	0	0	0	0	0	0	0	0	0	0	0	0	0	0	0	0	0	0	0	0	0	0	0	0	0	0	0	0	0	0	0	0	0	0	0	0	0	0	0	3
p__Chordata;c__Actinopteri;o__Gobiiformes;f__Gobiidae;g__Periophthalmus;s__novemradiatus	Prey - Fish	29	0	0	0	0	0	0	0	0	0	0	0	0	12	0	8	4	0	2	4	49	144	55	44	42	45627	57	29	5	39	83	767	113	64	98	37717	1569	92	0	0	0	2	0	0	0	0	0	0	0	0	0	0	0	0	0	0	0	0	0	0	0	0	0	0	0	0	0	0	0	0	0	0	0	0	0	0	0	0	0	0	0	0	0	0	0	0	0	0	0	0	0	0	0	0	0	0	25	51	0	16	0	0	0	8	91	722	4	79	0	5067	25465	20	0	0	0	27	36	22	27	10	0	0	0	0	0	0	0	0	0	0	0	2	10	6096	0	0	124404
p__Chordata;c__Actinopteri;o__Gobiiformes;f__Gobiidae;g__Pseudogobius	Prey - Fish	17	0	0	0	0	0	0	0	0	0	0	0	0	0	0	0	0	0	0	0	0	53	1725	0	0	10	0	0	0	2	0	119	6	0	388	14	0	0	0	0	0	0	0	0	0	0	0	0	0	0	0	0	0	0	0	0	0	0	0	0	0	0	0	0	0	0	0	0	0	0	0	0	0	0	0	0	0	0	0	0	0	0	0	0	0	0	0	0	0	0	0	0	0	0	0	0	0	0	0	0	0	0	0	0	0	0	0	0	0	5	0	0	0	0	0	0	0	0	0	0	0	0	5	0	0	0	0	0	0	0	0	0	0	0	0	0	2327
p__Chordata;c__Actinopteri;o__Gobiiformes;f__Gobiidae;g__Pseudogobius;s__fulvicaudus	Prey - Fish	31	0	0	0	0	0	0	0	0	0	0	0	0	0	0	0	0	54	0	0	54	171	63222	44	31	4389	28	20	0	21	158	1332	60135	498	16148	18188	50	125	0	0	0	0	0	0	0	0	0	0	0	0	0	0	0	0	0	0	0	0	0	0	0	0	0	0	0	0	0	0	0	0	0	0	0	0	0	0	0	0	0	0	0	0	0	0	0	0	0	0	0	0	0	0	0	0	0	0	37	77	30	5180	28	8	14	92	18	3481	16	32	0	75	705	4	0	0	0	0	23	0	892	3	0	5	39	3681	0	6	5	0	4	0	0	0	0	0	0	0	179123
p__Chordata;c__Actinopteri;o__Gobiiformes;f__Gobiidae;g__Pseudogobius;s__javanicus	Prey - Fish	33	0	0	0	0	0	0	0	0	0	0	0	0	0	0	0	0	0	0	0	0	30	20	1881	0	13	162	5	0	7	85	328	1579	26412	112	109	363	82	0	0	0	0	0	0	0	0	0	0	0	0	0	0	0	0	0	0	0	0	0	0	0	0	0	0	0	0	0	0	0	0	0	0	0	0	0	0	0	0	0	0	30	0	0	0	0	0	0	0	0	0	0	0	0	0	0	0	22	50	0	0	0	333	0	0	0	2	0	0	23	33426	80	36	0	0	0	27	87	28	43	18	3	0	0	0	0	0	0	0	0	0	0	0	0	0	0	0	65396
p__Chordata;c__Actinopteri;o__Gobiiformes;f__Gobiidae;g__Taenioides	Prey - Fish	1	0	0	0	0	0	0	0	0	0	0	0	0	0	0	0	0	0	0	0	0	0	0	0	0	0	0	0	0	0	0	0	0	0	0	0	0	0	0	0	0	0	0	0	0	0	0	0	0	0	0	0	0	0	0	0	0	0	0	0	0	0	0	0	0	0	0	0	0	0	0	0	0	0	0	0	0	0	0	0	0	0	0	0	0	0	0	0	0	0	0	0	0	0	0	0	0	0	0	0	0	0	0	0	0	0	29	0	0	0	0	0	0	0	0	0	0	0	0	0	0	0	0	0	0	0	0	0	0	0	0	0	0	0	0	0	29
p__Chordata;c__Actinopteri;o__Gobiiformes;f__Gobiidae;g__Wuhanlinigobius	Prey - Fish	22	0	0	0	0	0	0	0	0	0	0	0	0	0	0	0	0	0	0	0	67	126	69	41	57	48496	52	28	8	51	0	0	0	0	0	0	0	0	0	0	0	0	0	0	0	0	0	0	0	0	0	0	0	0	0	0	0	0	0	0	0	0	0	0	0	0	0	0	0	0	0	0	0	0	0	0	0	0	0	0	0	0	0	0	0	50	8115	4	17	0	5	6	0	0	0	0	0	0	21	4500	19	22	32	134	8	6511	20	16	0	5705	24	0	0	0	0	12	12	0	7	0	5	0	0	0	0	0	0	0	0	0	0	0	0	0	0	0	74240
p__Chordata;c__Actinopteri;o__Gobiiformes;f__Rhyacichthyidae	Prey - Fish	1	0	0	0	0	0	0	0	0	0	0	0	0	0	0	0	0	0	0	0	0	0	0	0	0	0	0	0	0	0	0	0	0	0	0	0	0	0	0	0	0	0	0	0	0	0	0	0	0	0	0	0	0	0	0	0	0	0	0	0	0	0	0	0	0	0	0	0	0	0	0	0	0	0	0	0	0	0	0	0	0	0	0	0	0	0	0	0	0	0	0	0	0	0	0	0	0	0	0	0	0	0	0	0	0	0	0	0	0	0	0	0	0	0	0	0	0	0	0	0	0	0	0	0	0	0	124	0	733	0	0	0	0	0	0	0	857
p__Chordata;c__Actinopteri;o__Kurtiformes;f__Apogonidae	Prey - Fish	20	0	0	0	0	0	0	0	0	0	0	0	0	0	0	0	0	0	0	0	954	604	47	54	44	40	10786	26	9	343	0	34	0	0	0	0	0	0	0	0	0	0	0	0	0	0	0	0	0	0	0	0	0	0	0	0	0	0	0	0	0	0	0	0	0	0	0	0	0	0	0	0	0	0	0	0	0	0	0	0	0	0	0	0	0	0	0	0	0	0	0	0	0	0	0	0	0	5	102	112	121	68	68	65	7652	111	40	6317	0	0	0	0	25	0	0	2	0	0	0	2	0	42	108	46	2119	44	63	4004	24	11	0	0	0	0	0	0	34092
p__Chordata;c__Actinopteri;o__Kurtiformes;f__Apogonidae;g__Ostorhinchus	Prey - Fish	5	0	0	0	0	0	0	0	0	0	0	0	0	0	0	0	0	0	0	0	0	0	0	0	0	0	0	0	0	0	0	33	0	0	3	0	0	0	0	0	0	0	0	0	0	0	0	0	0	0	0	0	0	0	0	0	0	0	0	0	0	0	0	0	0	0	0	0	0	0	0	0	0	0	0	0	0	0	0	0	0	0	0	0	0	0	0	0	0	0	0	0	0	0	0	0	0	435	0	5	135	0	0	0	0	0	0	0	0	0	0	0	0	0	0	0	0	0	0	0	0	0	0	0	0	0	0	0	0	0	0	0	0	0	0	0	611
p__Chordata;c__Actinopteri;o__Lobotiformes;f__Datnioididae	Prey - Fish	1	0	0	0	0	0	0	0	0	0	0	0	0	0	0	0	0	0	0	0	0	0	0	0	0	0	0	0	0	0	0	0	0	0	0	0	0	0	0	0	0	0	0	0	0	0	0	0	0	0	0	0	0	0	0	0	0	0	6	0	0	0	0	0	0	0	0	0	0	0	0	0	0	0	0	0	0	0	0	0	0	0	0	0	0	0	0	0	0	0	0	0	0	0	0	0	0	0	0	0	0	0	0	0	0	0	0	0	0	0	0	0	0	0	0	0	0	0	0	0	0	0	0	0	0	0	0	0	0	0	0	0	0	0	0	0	6
p__Chordata;c__Actinopteri;o__Lobotiformes;f__Datnioididae;g__Datnioides;s__polota	Prey - Fish	8	0	0	0	0	0	0	0	0	0	0	0	0	0	0	0	0	0	0	0	0	0	0	0	0	0	0	0	0	0	0	0	0	0	0	0	0	0	0	0	0	0	0	0	0	0	0	0	0	4	146	7	8	16	33	4	13	23	3160	0	0	0	0	0	0	0	0	0	0	0	0	0	0	0	0	0	0	0	0	0	0	0	0	0	0	0	0	0	0	0	0	0	0	0	0	0	0	0	0	0	0	0	0	0	0	0	0	0	0	0	0	0	0	0	0	0	0	0	0	0	0	0	0	0	0	0	0	0	0	0	0	0	0	0	0	0	3414
p__Chordata;c__Actinopteri;o__Lutjaniformes;f__Haemulidae	Prey - Fish	2	0	0	0	0	0	0	0	0	0	0	0	0	0	0	0	0	0	0	0	0	0	0	0	0	0	0	0	0	0	0	0	0	0	0	0	0	0	0	0	0	0	0	0	0	0	0	0	0	0	0	0	0	0	0	0	0	0	0	0	0	0	0	0	0	0	0	0	0	0	0	0	0	0	0	0	0	0	0	0	0	0	0	0	0	0	0	0	0	0	0	0	0	0	0	0	0	0	0	3	0	0	0	0	0	0	6	0	0	0	0	0	0	0	0	0	0	0	0	0	0	0	0	0	0	0	0	0	0	0	0	0	0	0	0	0	9
p__Chordata;c__Actinopteri;o__Lutjaniformes;f__Haemulidae;g__Pomadasys	Prey - Fish	1	0	0	0	0	0	0	0	0	0	0	0	0	0	0	0	0	0	0	0	0	0	0	0	0	0	0	0	0	0	0	0	0	0	0	0	0	0	0	0	0	0	0	0	0	0	0	0	0	0	0	0	0	0	0	0	0	0	0	0	0	0	0	0	0	0	0	0	0	0	0	0	0	0	0	0	0	0	0	0	0	0	0	0	0	0	0	0	0	0	0	0	0	0	0	0	0	0	0	0	0	0	0	3	0	0	0	0	0	0	0	0	0	0	0	0	0	0	0	0	0	0	0	0	0	0	0	0	0	0	0	0	0	0	0	0	3
p__Chordata;c__Actinopteri;o__Lutjaniformes;f__Haemulidae;g__Pomadasys;s__kaakan	Prey - Fish	13	0	0	0	0	0	0	0	0	0	0	0	0	0	0	0	0	0	0	0	29	146	36	24	17595	26	24	15	0	15	0	0	0	0	0	0	0	0	0	0	0	0	0	0	0	0	0	0	0	0	0	0	0	0	0	0	0	0	0	0	0	0	0	0	0	0	0	0	0	0	0	0	0	0	0	0	0	0	0	0	0	0	0	0	0	0	0	0	0	0	0	0	0	0	0	0	0	0	9	1605	3	5	6	0	6	0	706	4	0	0	0	0	0	0	0	0	0	0	0	0	0	0	19	0	0	0	0	0	0	0	0	0	0	0	0	0	20273
p__Chordata;c__Actinopteri;o__Lutjaniformes;f__Lutjanidae	Prey - Fish	6	0	0	0	0	0	0	0	0	0	0	0	0	0	0	0	0	0	0	0	9	0	0	0	0	0	0	0	0	0	0	0	0	0	0	0	0	0	0	3	0	0	0	0	0	0	0	0	0	0	0	0	0	0	0	0	0	0	0	0	0	0	0	0	0	0	0	0	0	0	0	0	0	0	0	0	0	0	0	0	0	0	0	0	0	0	0	0	0	0	0	0	0	0	0	0	0	0	0	0	0	0	0	0	0	0	0	0	0	0	0	0	5	0	0	0	0	0	0	0	0	0	4	0	0	3	3	0	0	0	0	0	0	0	0	0	27
p__Chordata;c__Actinopteri;o__Lutjaniformes;f__Lutjanidae;g__Lutjanus	Prey - Fish	6	0	0	0	0	0	0	0	0	0	0	0	5	0	28	0	0	3	0	0	0	0	0	0	0	0	0	0	0	0	0	0	0	0	0	0	0	0	0	0	0	0	0	0	7	0	3	602	5	0	0	0	0	0	0	0	0	0	0	0	0	0	0	0	0	0	0	0	0	0	0	0	0	0	0	0	0	0	0	0	0	0	0	0	0	0	0	0	0	0	0	0	0	0	0	0	0	0	0	0	0	0	0	0	0	0	0	0	0	0	0	0	0	0	0	0	0	0	0	0	0	0	0	4	0	0	11	0	0	0	0	0	0	0	0	0	668
p__Chordata;c__Actinopteri;o__Lutjaniformes;f__Lutjanidae;g__Lutjanus;s__argentimaculatus	Prey - Fish	4	0	0	0	0	0	0	0	0	0	0	0	0	0	0	0	0	0	0	0	1569	56	0	5	0	0	0	0	0	0	0	0	0	0	0	0	0	0	0	0	0	0	0	0	0	0	0	0	0	0	0	0	0	0	0	0	0	0	0	0	0	0	0	0	0	0	0	0	0	0	0	0	0	0	0	0	0	0	0	0	0	0	0	0	0	0	0	0	0	0	0	0	0	0	0	0	0	0	0	0	0	0	0	0	0	0	0	0	0	0	0	0	0	0	0	0	0	0	0	0	0	0	0	0	0	0	0	0	0	0	0	0	0	0	0	0	1630
p__Chordata;c__Actinopteri;o__Lutjaniformes;f__Lutjanidae;g__Lutjanus;s__russellii	Prey - Fish	4	0	0	0	0	0	0	0	0	0	0	0	0	0	0	0	0	0	0	0	0	0	0	0	0	0	0	0	0	0	0	0	0	0	0	0	0	0	0	0	0	0	0	0	0	0	0	0	0	0	0	0	0	0	0	0	0	0	0	0	0	0	0	0	0	0	0	0	0	0	0	0	0	0	0	0	0	0	0	0	0	0	0	0	0	0	0	0	0	0	0	0	0	0	0	0	0	0	0	0	0	0	0	0	0	0	0	0	0	0	0	0	14	0	0	0	0	0	0	0	0	22	1142	21	0	291	7027	9	27	4	0	0	0	0	0	0	8557
p__Chordata;c__Actinopteri;o__Mugiliformes;f__Mugilidae	Prey - Fish	5	0	0	0	0	0	0	0	0	0	0	0	0	0	0	0	0	0	0	0	0	0	0	0	0	0	0	0	0	0	3	28	0	2	706	0	0	0	0	0	0	0	0	0	0	0	0	0	0	0	0	0	0	0	0	0	0	0	0	0	0	0	0	0	0	0	0	0	0	0	0	0	0	0	0	0	0	0	0	0	0	0	0	0	0	0	0	0	0	0	0	0	0	0	0	0	2	3	124	13	0	0	0	0	0	0	0	0	0	11	0	194	0	0	0	0	0	0	0	0	0	0	0	0	0	0	0	0	0	0	0	0	0	0	0	0	1086
p__Chordata;c__Actinopteri;o__Osteoglossiformes	Prey - Fish	29	0	0	0	0	0	0	0	0	0	0	0	0	0	0	0	0	0	0	0	0	0	0	0	0	0	0	0	0	0	0	0	0	0	0	0	0	0	0	0	0	0	0	0	0	0	0	0	0	0	6	0	4	2	1196	0	1029	17	40	656	0	52	53	40	88	0	0	0	0	0	0	0	0	0	133	56	18	0	0	0	35	0	0	0	0	0	0	0	0	0	0	140	3	0	0	0	0	0	0	0	0	0	0	0	0	0	0	0	34	0	0	0	0	0	0	0	0	0	0	0	0	0	0	0	0	0	0	0	0	0	0	0	0	0	0	0	3602
p__Chordata;c__Actinopteri;o__Perciformes;f__Serranidae	Prey - Fish	6	0	0	0	0	0	0	0	0	0	0	0	0	0	0	0	0	0	0	0	27	0	0	3	0	0	7	0	0	0	0	0	0	0	0	0	0	0	0	0	0	0	0	0	0	0	0	0	0	0	0	0	0	0	0	0	0	0	0	0	0	0	0	0	0	0	0	0	0	0	0	0	0	0	0	0	0	0	0	0	0	0	0	0	0	0	0	0	0	0	0	0	0	0	0	0	0	0	0	0	0	0	0	0	14	0	0	0	0	0	0	0	0	0	0	0	0	0	0	0	0	0	0	0	0	4	0	0	0	0	0	0	0	0	0	0	55
p__Chordata;c__Actinopteri;o__Perciformes;f__Serranidae;g__Epinephelus	Prey - Fish	16	0	0	0	0	0	0	0	0	0	0	0	0	0	0	0	0	0	0	0	46870	205	117	73	104	94	21170	99	24	113	0	0	0	0	0	0	0	0	0	0	0	0	0	0	0	0	0	0	0	0	0	0	0	0	0	0	0	0	0	0	0	0	0	0	0	0	0	0	0	0	0	0	0	0	0	0	0	0	0	0	0	0	0	0	0	0	0	0	0	0	0	0	0	0	0	0	0	0	14	447	9	4	0	13	400	10	2322	13	0	0	0	0	0	0	0	19	0	0	0	0	0	5	11	2909	1	3	621	22	3	0	0	0	0	0	0	0	75695
p__Chordata;c__Actinopteri;o__Perciformes;f__Serranidae;g__Epinephelus;s__coeruleopunctatus	Prey - Fish	1	0	0	0	0	0	0	0	0	0	0	0	0	0	0	0	0	0	0	0	0	0	0	0	0	0	0	0	0	0	0	0	0	0	0	0	0	0	0	0	0	0	0	0	0	0	0	0	0	0	0	0	0	0	0	0	0	0	0	0	0	0	0	0	0	0	0	0	0	0	0	0	0	0	0	0	0	0	0	0	0	0	0	0	0	0	0	0	0	0	0	0	0	0	0	0	0	0	0	0	0	0	0	0	0	0	0	0	0	0	0	0	0	0	0	0	0	0	0	0	0	0	0	0	0	0	0	11	0	0	0	0	0	0	0	0	11
p__Chordata;c__Actinopteri;o__Perciformes;f__Serranidae;g__Epinephelus;s__coioides	Prey - Fish	1	0	0	0	0	0	0	0	0	0	0	0	0	0	0	0	0	0	0	0	0	0	0	0	0	0	0	0	0	0	0	0	0	0	0	0	0	0	0	0	0	0	0	0	0	0	0	0	0	0	0	0	0	0	0	0	0	0	0	0	0	0	0	0	0	0	0	0	0	0	0	0	0	0	0	0	0	0	0	0	0	0	0	0	0	0	0	0	0	0	0	0	0	0	0	0	0	0	0	0	0	0	0	0	7	0	0	0	0	0	0	0	0	0	0	0	0	0	0	0	0	0	0	0	0	0	0	0	0	0	0	0	0	0	0	0	7
p__Chordata;c__Actinopteri;o__Perciformes;f__Serranidae;g__Epinephelus;s__sexfasciatus	Prey - Fish	1	0	0	0	0	0	0	0	0	0	0	0	0	0	0	0	0	0	0	0	0	0	0	0	0	0	0	0	0	0	0	0	0	0	0	0	0	0	0	0	0	0	0	0	0	0	0	0	0	0	0	0	0	0	0	0	0	0	0	0	0	0	0	0	0	0	0	0	0	0	0	0	0	0	0	0	0	0	0	0	0	0	0	0	0	0	0	0	0	0	0	0	0	0	0	0	0	0	0	0	0	0	0	0	17	0	0	11	0	0	0	0	0	0	0	0	0	0	0	0	0	0	0	0	0	0	0	0	0	0	0	0	0	0	0	0	28
p__Chordata;c__Actinopteri;o__Scombriformes;f__Scombropidae	Prey - Fish	1	0	0	0	0	0	0	0	0	0	0	0	0	0	0	0	0	0	0	0	0	0	0	0	0	0	0	0	0	0	0	0	0	0	0	0	0	0	0	0	0	0	0	0	0	0	0	0	0	0	0	0	0	0	0	0	0	0	0	0	0	0	0	0	0	0	0	0	0	0	0	0	0	0	0	0	0	0	0	0	0	0	0	0	0	0	0	0	0	0	0	0	0	0	0	0	0	0	0	0	0	0	0	0	0	0	0	0	0	0	0	0	0	0	0	0	0	0	0	0	0	0	0	0	0	0	0	2	0	0	0	0	0	0	0	0	2
p__Chordata;c__Actinopteri;o__Siluriformes	Prey - Fish	4	0	0	0	0	0	8	0	0	54	0	0	0	0	0	6	0	0	0	0	0	0	0	0	0	0	0	0	0	0	0	0	0	0	0	0	0	0	0	0	0	0	0	0	0	0	0	0	0	0	0	0	0	0	0	0	0	0	8	0	0	0	0	9	0	0	0	0	0	0	0	0	0	0	0	0	0	0	0	0	0	0	0	0	0	0	0	0	0	0	0	0	0	0	0	0	0	0	0	0	0	0	0	0	0	0	0	0	0	0	0	0	0	0	0	0	0	0	0	0	0	0	0	0	0	0	0	0	0	0	0	0	0	0	0	0	85
p__Chordata;c__Actinopteri;o__Siluriformes;f__Ariidae	Prey - Fish	30	0	0	0	0	0	0	0	0	0	0	0	0	0	0	0	0	3	0	0	0	0	0	0	0	0	0	0	0	0	0	0	0	0	0	0	0	0	0	0	0	0	0	0	0	0	0	0	0	16	193	10	1	15	40	23	365	17	2058	4	16	0	12	8	0	0	0	0	0	0	0	0	0	0	0	0	0	0	0	0	0	0	0	0	0	0	0	14	17	11	0	16	451	0	0	0	0	0	0	0	0	0	0	0	0	0	0	0	86	567	161	81	81	0	60	303	8861	3521	118	11810	149	0	0	4	0	0	2948	3	0	2074	0	0	0	0	0	10	34127
p__Chordata;c__Actinopteri;o__Siluriformes;f__Ariidae;g__Arius	Prey - Fish	50	0	0	326	0	2	5	0	0	0	0	0	0	0	0	0	0	134	0	0	0	0	0	0	0	0	0	0	0	0	0	0	0	0	0	0	0	0	56	0	28	0	0	0	0	0	0	5	0	14	642	86	25	61	407	34	7312	1757	26980	39	80	121	35	5856	1158	21	15	7	695	49	46	55	48450	31	98	19	63	0	0	0	8	0	0	0	0	354	68	167	102	38	157	119	27712	31	164	6	0	0	0	0	0	0	0	0	0	0	0	0	35	168	132	57	26	5092	14362	102	88	32	123	22	17175	50	308	44	0	35	8698	30	9789	24	15	0	0	0	0	30	180075
p__Chordata;c__Actinopteri;o__Siluriformes;f__Ariidae;g__Arius;s__maculatus	Prey - Fish	7	0	0	0	0	0	0	0	0	0	0	0	0	0	0	0	0	0	0	0	0	0	0	0	0	0	0	0	0	0	0	0	0	0	0	0	0	0	0	0	0	0	0	0	0	0	0	0	0	0	0	2	6	0	3	0	0	0	2282	0	0	0	0	741	8	0	0	0	0	0	0	0	0	0	0	0	0	0	0	0	0	0	0	0	0	0	0	0	0	0	0	0	0	0	0	0	0	0	0	0	0	0	0	0	0	0	0	0	0	0	0	0	0	0	0	0	0	0	0	0	0	0	0	0	0	0	0	0	0	0	0	0	0	0	0	0	3042
p__Chordata;c__Actinopteri;o__Siluriformes;f__Ariidae;g__Arius;s__oetik	Prey - Fish	4	0	0	0	0	0	0	0	0	0	0	0	0	0	0	0	0	0	0	0	0	0	0	0	0	0	0	0	0	0	0	0	0	0	0	0	0	0	0	0	0	0	0	0	0	0	0	0	0	0	0	0	0	0	0	0	0	0	0	0	0	0	0	0	0	0	0	0	0	0	0	0	0	0	0	0	0	0	0	0	0	0	0	0	0	0	0	0	0	0	0	0	0	0	0	0	0	0	0	0	0	0	0	0	0	0	0	0	0	52	77	47	0	0	0	239	7045	4	1260	5570	73	45	47	48	19	39	14972	22	67	0	0	0	0	0	0	0	29626
p__Chordata;c__Actinopteri;o__Siluriformes;f__Ariidae;g__Cochlefelis	Prey - Fish	1	0	0	0	0	0	0	0	0	0	0	0	0	0	0	0	0	0	0	0	0	0	0	0	0	0	0	0	0	0	0	0	0	0	0	0	0	0	0	0	0	0	0	0	0	0	0	0	0	0	0	0	0	0	0	0	0	0	0	0	0	0	0	0	0	0	0	0	0	0	0	0	0	0	0	0	0	0	0	0	0	0	0	0	0	0	0	0	0	0	0	0	0	0	0	0	0	0	0	0	0	0	0	0	0	0	0	0	0	0	0	0	0	0	0	0	0	0	0	0	0	0	0	0	0	0	2	0	0	0	0	0	0	0	0	0	2
p__Chordata;c__Actinopteri;o__Siluriformes;f__Ariidae;g__Cryptarius;s__truncatus	Prey - Fish	9	0	0	0	0	0	0	0	0	0	0	0	0	0	0	0	0	0	0	0	0	0	0	0	0	0	0	0	0	0	0	0	0	0	0	0	0	0	0	0	0	0	0	0	0	0	0	0	0	0	85	33	0	30	155	0	1930	153	18393	0	0	0	0	0	0	0	0	0	0	0	0	0	0	0	0	0	0	0	0	0	0	0	0	0	0	0	0	0	0	0	0	0	2552	0	0	0	0	0	0	0	0	0	0	0	0	0	0	0	0	0	0	0	0	0	0	0	0	0	0	0	0	0	0	0	0	0	0	0	0	0	0	0	0	0	0	0	23331
p__Chordata;c__Actinopteri;o__Siluriformes;f__Ariidae;g__Hexanematichthys;s__sagor	Prey - Fish	6	0	0	0	0	0	0	0	0	0	0	0	0	0	0	0	0	0	0	0	0	0	0	0	0	0	0	0	0	0	0	0	0	0	0	0	0	0	0	0	0	0	0	0	0	0	0	0	0	0	0	0	0	0	0	0	0	0	0	0	0	0	0	0	0	0	0	0	0	0	0	0	0	0	0	0	0	0	0	0	0	0	0	0	0	0	0	0	0	0	0	0	0	0	0	0	0	0	0	0	0	0	0	0	0	0	0	0	58	147	164	108	0	0	0	40796	268	93	103	87	23	0	0	0	0	0	453	0	364	0	0	0	0	0	0	0	42664
p__Chordata;c__Actinopteri;o__Siluriformes;f__Ariidae;g__Nedystoma	Prey - Fish	1	0	0	0	0	0	0	0	0	0	0	0	0	0	0	0	0	0	0	0	0	0	0	0	0	0	0	0	0	0	0	0	0	0	0	0	0	0	0	0	0	0	0	0	0	0	0	0	0	0	2	0	0	0	0	0	0	0	0	0	0	0	0	0	0	0	0	0	0	0	0	0	0	0	0	0	0	0	0	0	0	0	0	0	0	0	0	0	0	0	0	0	0	0	0	0	0	0	0	0	0	0	0	0	0	0	0	0	0	0	0	0	0	0	0	0	0	0	0	0	0	0	0	0	0	0	0	0	0	0	0	0	0	0	0	0	2
p__Chordata;c__Actinopteri;o__Siluriformes;f__Ariidae;g__Nemapteryx	Prey - Fish	1	0	0	0	0	0	0	0	0	0	0	0	0	0	0	0	0	0	0	0	0	0	0	0	0	0	0	0	0	0	0	0	0	0	0	0	0	0	0	0	0	0	0	0	0	0	0	0	0	0	0	0	0	0	0	0	0	0	0	0	0	0	0	0	0	0	0	0	0	0	0	0	0	0	0	0	0	0	0	0	0	0	0	0	0	0	0	0	0	0	0	0	0	0	0	0	0	0	0	0	0	0	0	0	0	0	0	0	0	0	0	0	0	0	1079	0	0	0	0	0	0	0	0	0	0	0	0	0	0	0	0	0	0	0	0	0	1079
p__Chordata;c__Actinopteri;o__Siluriformes;f__Ariidae;g__Potamosilurus	Prey - Fish	1	0	0	0	0	0	0	0	0	0	0	0	0	0	0	0	0	0	0	0	0	0	0	0	0	0	0	0	0	0	0	0	0	0	0	0	0	0	0	0	0	0	0	0	0	0	0	0	0	0	0	0	0	0	0	0	0	0	0	0	0	0	0	0	0	0	0	0	0	0	0	0	0	0	0	0	0	0	0	0	0	0	0	0	0	0	0	0	0	0	0	0	0	0	0	0	0	0	0	0	0	0	0	0	0	0	0	0	0	0	0	0	0	0	0	0	0	0	0	0	0	0	0	0	0	0	0	2	0	0	0	0	0	0	0	0	2
p__Chordata;c__Actinopteri;o__Siluriformes;f__Bagridae	Prey - Fish	16	0	0	0	0	0	0	0	0	0	0	0	0	0	0	0	0	110	0	0	0	0	0	2	0	0	0	0	0	0	0	0	0	0	0	0	0	0	0	0	0	0	0	0	2	0	0	6	0	0	2	0	0	0	0	0	0	4	0	0	0	0	0	0	0	0	0	0	0	0	0	0	0	434	0	0	0	0	0	0	0	0	0	0	0	0	0	0	0	0	0	0	0	0	0	0	0	0	0	0	0	0	0	0	6	0	0	0	0	4	2	2	0	4	0	0	0	0	0	0	0	0	0	5	0	0	0	0	0	0	0	0	0	0	0	0	583
p__Chordata;c__Actinopteri;o__Siluriformes;f__Bagridae;g__Hemibagrus	Prey - Fish	69	63284	1559	186	1967	26984	22067	47	159	52	1471	0	627	0	1336	0	0	459	0	0	0	0	0	0	0	0	0	0	0	0	0	0	0	0	0	0	0	0	154	239	80	0	0	2274	433	2705	199	190305	150	3	109	28	6	19	424	14	168	79	10722	5	936	13	189	18	3	5	8	0	304	31	19544	54	11914	33	40	8	87	0	0	0	0	0	0	0	0	0	0	0	0	0	0	0	0	118	114	34	0	0	0	0	0	0	0	0	0	0	0	0	14	59	69	40	23428	73687	557	41	85	31	768	8891	14	98	101	101	27	97	98	87	154	26	75	0	0	0	0	86	470401
p__Chordata;c__Actinopteri;o__Siluriformes;f__Bagridae;g__Mystus	Prey - Fish	14	0	0	0	0	0	0	0	0	0	0	0	0	0	0	0	0	0	0	0	0	0	0	0	0	0	0	0	0	0	0	0	0	0	0	0	0	0	0	0	0	0	0	0	0	0	0	79	0	0	48	0	0	0	0	0	51	0	2	0	0	0	0	0	0	0	0	0	257	35	55	49	145	12191	107	9	62	0	0	0	0	0	0	0	0	13	0	3	0	0	0	102	110	0	0	0	0	0	0	0	0	0	0	0	0	0	0	0	0	0	0	3	3	0	0	0	0	0	0	0	0	0	12	0	0	0	8	303	96	8	0	0	0	0	0	0	13751
p__Chordata;c__Actinopteri;o__Siluriformes;f__Bagridae;g__Mystus;s__gulio	Prey - Fish	33	0	0	0	0	0	0	0	0	0	0	0	5	0	55	0	0	2924	0	0	176	749	130	84196	157	163	2481	90	29	105	0	0	0	0	0	0	0	0	0	0	0	0	0	30	0	5	0	121	0	0	0	0	0	0	0	0	0	0	0	0	0	0	0	0	0	0	0	0	0	0	0	0	0	0	0	0	0	0	0	0	0	0	0	0	0	0	0	0	0	0	0	0	0	0	0	0	0	0	26	155	20	9	14	17	5	12	4492	26	0	5	10	885	257	0	0	7	10	0	7	18	0	350	797	581	126	352	929	54763	36875	178	0	0	0	0	0	0	192342
p__Chordata;c__Actinopteri;o__Siluriformes;f__Bagridae;g__Mystus;s__singaringan	Prey - Fish	11	0	0	0	0	0	0	0	0	0	0	0	0	0	0	0	0	0	0	0	0	0	0	0	0	0	0	0	0	0	0	0	0	0	0	0	0	0	0	0	0	0	0	0	0	0	0	0	0	2	209	20	10	28	111	10	356	827	11337	24	46	52	85	6762	0	15	5	0	0	0	0	0	0	0	0	0	0	0	0	0	0	0	0	0	0	0	0	0	0	0	0	0	0	0	0	0	0	0	0	0	0	0	0	0	0	0	0	0	0	0	0	0	0	0	0	0	0	0	0	0	0	0	0	0	0	0	0	0	0	0	0	0	0	0	0	0	19899
p__Chordata;c__Actinopteri;o__Siluriformes;f__Bagridae;g__Pseudomystus	Prey - Fish	1	0	0	0	0	0	0	0	0	0	0	0	0	0	0	0	0	0	0	0	0	0	0	0	0	0	0	0	0	0	0	0	0	0	0	0	0	0	0	0	0	0	0	0	0	0	4	0	0	0	0	0	0	0	0	0	0	0	0	0	0	0	0	0	0	0	0	0	0	0	0	0	0	0	0	0	0	0	0	0	0	0	0	0	0	0	0	0	0	0	0	0	0	0	0	0	0	0	0	0	0	0	0	0	0	0	0	0	0	0	0	0	0	0	0	0	0	0	0	0	0	0	0	0	0	0	0	0	0	0	0	0	0	0	0	0	4
p__Chordata;c__Actinopteri;o__Siluriformes;f__Bagridae;g__Pseudomystus;s__siamensis	Prey - Fish	4	0	0	0	0	0	0	0	0	0	0	29	10	23	48	3436	52	0	23	4	0	0	0	0	0	0	0	0	0	0	0	0	0	0	0	0	0	0	0	6	0	0	0	1216	13	7	0	34	0	0	0	0	0	0	0	0	0	0	0	0	0	0	0	0	0	0	0	0	0	0	0	0	0	0	0	0	0	0	0	0	0	0	0	0	0	0	0	0	0	0	0	0	0	0	0	0	0	0	0	0	0	0	0	0	0	0	0	0	0	0	0	0	0	0	0	0	0	0	0	0	0	0	0	0	0	0	0	0	0	0	0	4	84	34	17	0	5040
p__Chordata;c__Actinopteri;o__Siluriformes;f__Clariidae	Prey - Fish	2	0	0	0	0	0	0	0	0	0	0	0	0	0	0	0	0	0	0	0	0	0	0	0	0	0	0	0	0	0	0	0	0	0	0	0	0	0	0	0	0	0	0	10	0	0	0	0	0	0	0	0	0	0	0	0	0	0	0	0	0	0	0	0	0	0	0	0	0	0	0	0	0	0	0	0	0	0	0	0	0	0	0	0	0	0	0	0	0	0	0	0	0	0	2	0	0	0	0	0	0	0	0	0	0	0	0	0	0	0	0	0	0	0	0	0	0	0	0	0	0	0	0	0	0	0	0	0	0	0	0	0	0	0	0	0	12
p__Chordata;c__Actinopteri;o__Siluriformes;f__Clariidae;g__Clarias	Prey - Fish	42	0	0	0	0	0	0	0	0	0	0	0	0	0	5	0	0	0	0	0	0	0	0	0	0	0	0	0	0	0	0	0	0	0	0	0	0	0	30	0	22	0	0	0	0	0	0	0	0	9	1264	133	13	38	69289	19	168	494	101	675	1141	36017	76880	2170	130	125	111	64	0	0	0	0	0	0	0	0	0	0	0	0	35	0	0	0	0	0	0	0	0	0	0	0	0	30	45641	11	0	0	0	0	0	0	0	0	0	0	0	0	0	0	0	0	0	37	53	0	0	0	0	0	0	0	0	0	0	0	0	0	0	0	13	0	0	0	0	25	234743
p__Chordata;c__Actinopteri;o__Siluriformes;f__Clariidae;g__Clarias;s__batrachus	Prey - Fish	11	0	0	0	0	0	0	0	0	0	0	0	116	0	412	0	0	106	0	0	0	0	0	0	0	0	0	0	0	0	0	0	0	0	0	0	0	0	0	5722	0	0	0	21187	101	107	47	315	22	0	0	0	0	0	0	0	0	0	0	0	0	0	0	0	0	0	0	0	0	0	0	0	0	0	0	0	0	0	0	0	0	0	0	0	0	0	0	0	0	0	0	0	0	0	0	0	0	0	0	0	0	0	0	0	0	0	0	0	0	0	0	0	0	0	0	0	0	0	0	0	0	0	0	0	0	0	0	0	0	0	0	0	0	0	0	0	28135
p__Chordata;c__Actinopteri;o__Siluriformes;f__Doradidae	Prey - Fish	4	0	0	0	0	0	0	0	0	0	0	0	0	0	0	0	0	0	0	0	0	0	0	0	0	0	0	0	0	0	0	0	0	0	0	0	0	0	0	0	0	0	0	0	0	0	0	0	0	0	0	0	0	0	0	0	0	0	0	0	0	0	0	0	0	0	0	0	0	0	0	0	0	0	6	0	0	0	0	0	0	0	0	0	0	0	0	0	0	0	0	0	4	0	0	0	0	0	0	0	0	0	0	0	0	0	0	0	0	0	0	15	0	0	0	0	0	0	0	0	0	0	0	3	0	0	0	0	0	0	0	0	0	0	0	0	28
p__Chordata;c__Actinopteri;o__Siluriformes;f__Pangasiidae	Prey - Fish	4	16	38	0	0	13	17	0	0	187	0	0	0	0	0	0	0	0	0	0	0	0	0	0	0	0	0	0	0	0	0	0	0	0	0	0	0	0	0	0	0	0	0	0	0	0	0	0	0	0	0	0	0	0	0	0	0	0	0	0	0	0	0	0	0	0	0	0	0	0	0	0	0	0	0	0	0	0	0	0	0	0	0	0	0	0	0	0	0	0	0	0	0	0	0	0	0	0	0	0	0	0	0	0	0	0	0	0	0	0	0	0	0	0	0	0	0	0	0	0	0	0	0	0	0	0	0	0	0	0	0	0	0	0	0	0	271
p__Chordata;c__Actinopteri;o__Siluriformes;f__Plotosidae;g__Paraplotosus	Prey - Fish	5	0	0	0	0	0	0	0	0	0	0	0	0	0	0	0	0	0	0	0	8	0	0	0	0	0	0	0	0	0	0	0	0	0	0	0	0	0	0	0	0	0	0	0	0	0	0	0	0	0	0	0	0	0	0	0	0	0	12	0	0	0	0	0	0	0	0	0	0	0	0	0	0	0	0	0	0	0	0	0	0	0	0	0	0	0	0	0	0	0	0	0	0	0	0	0	0	0	0	5	0	0	0	0	0	0	0	0	0	0	0	0	0	0	0	4	0	0	0	0	0	0	0	0	0	0	0	0	0	0	0	0	0	0	0	0	29
p__Chordata;c__Actinopteri;o__Siluriformes;f__Plotosidae;g__Paraplotosus;s__albilabris	Prey - Fish	65	0	0	0	0	0	0	0	0	0	0	0	0	0	0	0	0	3	0	0	2639	76844	40	64	43	50	507	19	5	43	0	0	0	0	0	0	0	0	0	0	0	0	0	0	0	0	0	0	0	31	1035	151	29	108	424	51	329	78733	174	0	0	0	0	0	0	0	0	0	7	0	2	0	5	7	249	0	31	0	0	0	343	3	4	0	0	0	0	0	0	0	0	0	0	0	0	0	0	0	385	59500	494	204	123	224	25470	354	298	40946	9	133	25	2494	0	0	0	1324	21	8	17	12	5	0	105	0	0	25	0	270	5	0	0	0	0	0	0	0	294424
p__Chordata;c__Actinopteri;o__Siluriformes;f__Siluridae	Prey - Fish	3	0	0	0	0	0	0	0	0	0	0	0	0	0	0	0	0	0	2	0	0	0	0	0	0	0	0	0	0	0	0	0	0	0	0	0	0	0	0	0	0	0	0	0	0	0	0	0	0	0	0	0	0	0	0	0	0	0	0	0	0	0	0	0	0	0	0	0	0	0	0	0	0	0	0	0	0	0	0	0	0	0	0	0	0	0	0	0	0	0	0	0	0	0	0	0	0	0	0	0	0	0	0	0	0	0	0	0	0	0	0	0	0	0	0	0	0	0	0	0	0	0	0	0	0	0	0	0	0	0	0	0	490	0	0	0	492
p__Chordata;c__Actinopteri;o__Siluriformes;f__Siluridae;g__Ompok	Prey - Fish	2	0	0	0	0	0	0	0	0	0	0	0	0	0	0	0	0	0	0	0	0	0	0	0	0	0	0	0	0	0	0	0	0	0	0	0	0	0	0	0	0	0	0	0	0	0	0	0	0	0	0	0	0	0	0	0	0	0	0	0	5	0	0	0	0	0	0	0	0	0	0	0	0	0	18	0	0	0	0	0	0	0	0	0	0	0	0	0	0	0	0	0	0	0	0	0	0	0	0	0	0	0	0	0	0	0	0	0	0	0	0	0	0	0	0	0	0	0	0	0	0	0	0	0	0	0	0	0	0	0	0	0	0	0	0	0	23
p__Chordata;c__Actinopteri;o__Siluriformes;f__Siluridae;g__Ompok;s__bimaculatus	Prey - Fish	1	0	0	0	0	0	0	0	0	0	0	0	0	0	0	0	0	0	0	0	0	0	0	0	0	0	0	0	0	0	0	0	0	0	0	0	0	0	0	0	0	0	0	0	0	0	0	0	0	0	0	0	0	0	0	0	0	0	0	0	0	0	0	0	0	0	0	0	0	0	0	0	4	0	0	0	0	0	0	0	0	0	0	0	0	0	0	0	0	0	0	0	0	0	0	0	0	0	0	0	0	0	0	0	0	0	0	0	0	0	0	0	0	0	0	0	0	0	0	0	0	0	0	0	0	0	0	0	0	0	0	0	0	0	0	0	4
p__Chordata;c__Actinopteri;o__Spariformes;f__Lethrinidae	Prey - Fish	1	0	0	0	0	0	0	0	0	0	0	0	0	0	0	0	0	0	0	0	0	8	0	0	0	0	0	0	0	0	0	0	0	0	0	0	0	0	0	0	0	0	0	0	0	0	0	0	0	0	0	0	0	0	0	0	0	0	0	0	0	0	0	0	0	0	0	0	0	0	0	0	0	0	0	0	0	0	0	0	0	0	0	0	0	0	0	0	0	0	0	0	0	0	0	0	0	0	0	0	0	0	0	0	0	0	0	0	0	0	0	0	0	0	0	0	0	0	0	0	0	0	0	0	0	0	0	0	0	0	0	0	0	0	0	0	8
p__Chordata;c__Actinopteri;o__Spariformes;f__Lethrinidae;g__Lethrinus;s__nebulosus	Prey - Fish	1	0	0	0	0	0	0	0	0	0	0	0	0	0	0	0	0	0	0	0	0	6	0	0	0	0	0	0	0	0	0	0	0	0	0	0	0	0	0	0	0	0	0	0	0	0	0	0	0	0	0	0	0	0	0	0	0	0	0	0	0	0	0	0	0	0	0	0	0	0	0	0	0	0	0	0	0	0	0	0	0	0	0	0	0	0	0	0	0	0	0	0	0	0	0	0	0	0	0	0	0	0	0	0	0	0	0	0	0	0	0	0	0	0	0	0	0	0	0	0	0	0	0	0	0	0	0	0	0	0	0	0	0	0	0	0	6
p__Chordata;c__Actinopteri;o__Synbranchiformes;f__Mastacembelidae	Prey - Fish	1	0	0	0	0	0	0	0	0	0	0	0	0	0	0	0	0	0	0	0	0	0	0	0	0	0	0	0	0	0	0	0	0	0	0	0	0	0	0	0	0	0	0	0	0	0	0	0	0	0	0	0	0	0	0	0	0	0	0	0	0	0	0	0	0	0	0	0	0	0	0	0	0	0	0	0	0	0	0	0	0	0	0	0	0	0	0	0	0	0	0	0	0	0	0	0	0	0	0	0	0	0	0	0	0	0	0	0	0	0	0	0	0	7	0	0	0	0	0	0	0	0	0	0	0	0	0	0	0	0	0	0	0	0	0	0	7
p__Chordata;c__Actinopteri;o__Synbranchiformes;f__Mastacembelidae;g__Mastacembelus	Prey - Fish	12	0	0	0	0	0	0	0	0	0	0	19	0	37	0	29	79	0	11	11	0	0	0	0	0	0	0	0	0	0	0	0	0	0	0	0	0	0	16	0	8	0	0	0	0	0	0	0	0	0	0	0	0	0	0	0	0	0	0	0	0	0	0	0	0	0	0	0	0	0	0	0	0	0	0	0	0	0	0	0	0	0	0	0	0	0	0	0	0	0	0	0	0	12	123	0	0	0	0	0	0	0	0	0	0	0	0	0	0	0	0	0	0	2	22	0	0	0	0	0	0	0	0	0	0	0	0	0	0	0	12	12	160	11124	3573	2923	18173
p__Chordata;c__Actinopteri;o__Synbranchiformes;f__Mastacembelidae;g__Mastacembelus;s__favus	Prey - Fish	18	0	0	0	0	0	0	0	0	0	0	9	74	587	162	216	1548	55	5	7	0	0	0	0	0	0	0	0	0	0	0	0	0	0	0	0	0	0	0	28	0	0	0	25898	102	80	38	87	1226	3	63	0	0	5	13	7	14	11	1525	22	18	410	4	0	0	0	0	0	0	0	0	0	0	0	0	0	0	0	0	0	0	0	0	0	0	0	0	0	0	0	0	0	0	0	0	0	0	0	0	0	0	0	0	0	0	0	0	0	0	0	0	0	0	0	0	0	0	0	0	0	0	0	0	0	0	0	0	0	0	0	0	0	43	100	67	0	32427
p__Chordata;c__Actinopteri;o__Synbranchiformes;f__Synbranchidae	Prey - Fish	72	913	40	0	2	0	0	0	0	0	0	0	0	0	0	0	0	144	0	0	0	0	0	0	0	0	0	0	0	0	36	331	0	0	0	0	2	0	128	0	78	0	0	0	0	0	0	0	0	2	45113	44	14	22	123	26	224	1186	10303	22	168	21	16	8475	0	12	0	5	17164	5	4	18	119	12	59	4	10	88	62	282	29428	30505	56952	201	63	254	3372	179	75404	32	195	147	11566	134	472	29	0	0	30	0	0	0	0	0	0	0	0	0	50	1224	180	2275	25	68	104304	1642	38099	51	1578	122	29	3054	39871	43	11	34	129	12	46	14	65	0	0	0	0	84	487250
p__Chordata;c__Actinopteri;o__Synbranchiformes;f__Synbranchidae;g__Macrotrema	Prey - Fish	1	0	0	0	0	0	0	0	0	0	0	0	0	0	0	0	0	0	0	0	0	0	0	0	0	0	0	0	0	0	0	0	0	0	0	0	0	0	0	0	0	0	0	0	0	0	0	0	0	0	0	0	0	0	0	0	0	0	0	0	0	0	0	0	0	0	0	0	0	0	0	0	0	0	0	0	0	0	0	0	0	0	0	0	0	0	0	0	0	0	0	0	0	0	0	0	0	0	0	0	0	0	0	0	0	0	0	0	0	0	0	0	0	0	0	3	0	0	0	0	0	0	0	0	0	0	0	0	0	0	0	0	0	0	0	0	3
p__Chordata;c__Actinopteri;o__Synbranchiformes;f__Synbranchidae;g__Macrotrema;s__caligans	Prey - Fish	9	0	0	0	0	0	0	0	0	0	0	0	0	0	0	0	0	0	0	0	0	0	0	0	0	0	0	0	0	0	0	0	0	0	0	0	0	0	0	0	0	0	0	0	0	0	0	0	0	0	0	0	0	0	0	0	0	0	0	0	0	0	0	0	0	0	0	0	0	0	0	0	0	0	0	0	0	6	8385	33	40	21	34	19	3	0	0	0	0	0	0	0	0	0	0	0	0	0	0	0	0	0	0	0	0	0	0	0	0	5	0	0	0	0	0	81	5	0	0	46	0	0	0	0	0	0	0	0	0	0	0	0	0	0	0	0	8678
p__Chordata;c__Actinopteri;o__Synbranchiformes;f__Synbranchidae;g__Monopterus	Prey - Fish	17	0	0	0	0	0	0	0	0	0	0	0	14	0	143	0	3	5	0	0	0	0	0	0	0	0	0	0	0	0	0	0	0	0	0	0	0	0	0	0	0	2686	7	7	3451	8	0	16	0	0	23	6	2	4006	11	0	11	6	3	30	238	55	29	25	11	27	4411	5103	2567	32	0	2	6	0	0	0	0	0	0	0	0	0	0	0	0	0	0	0	0	0	0	0	0	0	0	0	0	0	0	0	0	0	0	0	0	0	0	0	0	0	0	0	0	0	0	0	0	0	0	0	0	0	0	0	0	0	0	0	0	0	0	0	0	0	0	0	22944
p__Chordata;c__Actinopteri;o__Syngnathiformes;f__Syngnathidae	Prey - Fish	6	0	0	0	0	0	0	0	0	0	0	0	0	0	2	0	0	219	0	0	0	0	0	0	0	0	0	0	0	0	0	0	0	0	0	0	0	0	0	0	0	0	0	0	0	0	0	0	0	0	0	0	0	0	0	0	8	0	0	0	0	0	0	0	0	0	0	0	0	0	0	0	0	0	0	0	0	0	0	0	0	0	0	0	0	0	0	0	0	0	0	0	0	0	0	0	0	0	0	0	0	0	0	0	0	0	0	0	0	4	0	0	0	0	0	0	41	0	2764	0	0	0	0	0	0	0	0	0	0	0	0	0	0	0	0	0	3038
p__Chordata;c__Actinopteri;o__Syngnathiformes;f__Syngnathidae;g__Microphis	Prey - Fish	3	0	0	0	0	0	0	0	0	0	0	0	0	0	0	0	0	0	0	0	0	0	0	0	0	0	0	0	0	0	0	0	0	0	0	0	0	0	0	3	0	0	0	0	0	0	0	0	0	0	0	0	0	0	0	0	0	0	0	0	0	0	0	0	0	0	0	0	0	3	0	0	2	0	0	0	0	0	0	0	0	0	0	0	0	0	0	0	0	0	0	0	0	0	0	0	0	0	0	0	0	0	0	0	0	0	0	0	0	0	0	0	0	0	0	0	0	0	0	0	0	0	0	0	0	0	0	0	0	0	0	0	0	0	0	0	8
p__Chordata;c__Actinopteri;o__Syngnathiformes;f__Syngnathidae;g__Microphis;s__boaja	Prey - Fish	46	0	54	641	0	0	0	0	0	0	0	0	6	0	76	0	3	3661	0	0	0	0	0	0	0	0	0	0	0	0	0	0	0	0	0	0	0	0	0	0	0	0	0	4	7	0	0	5	0	12	246	33	18	32	100	11	3467	2572	7745	62	442	13325	71	18837	26	46	12	18	587	33	9	39	14911	34	44	15	8398	0	0	0	0	0	0	37	0	2432	398	674	3357	171	239297	70079	34857	0	0	0	0	0	0	0	0	0	0	0	0	0	0	0	4	74	7118	6	0	0	0	12	8	0	5	0	0	0	0	0	0	0	0	0	0	0	0	0	0	0	0	0	434131
p__Arthropoda;c__Insecta;o__Blattodea;f__Blaberidae	Prey - Insect	2	0	0	0	0	0	0	0	0	0	0	0	0	0	0	0	0	0	0	0	0	0	0	0	0	0	0	0	0	0	0	0	0	0	0	0	0	0	0	0	0	0	4	0	0	0	0	0	0	0	0	0	0	0	0	0	0	0	0	0	0	0	0	0	0	0	0	0	0	0	0	0	0	0	0	0	0	0	0	0	0	0	0	0	0	0	0	0	0	0	0	0	0	0	0	0	0	0	0	0	0	0	0	0	0	0	0	0	0	0	0	0	0	0	0	0	0	0	0	0	0	0	0	0	0	0	0	0	0	0	0	0	0	0	0	0	4
p__Arthropoda;c__Insecta;o__Blattodea;f__Termitidae;g__Microcerotermes;s__crassus	Prey - Insect	1	0	0	0	0	0	0	0	0	0	0	0	0	0	0	0	0	0	0	0	0	0	0	0	0	0	0	0	0	0	0	0	0	0	0	0	0	0	0	0	0	0	0	0	0	0	0	0	0	0	0	0	0	0	0	0	0	0	0	0	0	0	0	0	0	0	0	0	0	0	0	0	0	0	0	0	0	0	0	0	0	0	0	0	0	0	0	0	0	0	0	0	0	0	0	0	0	0	0	0	0	0	0	0	0	0	0	0	12	0	0	0	0	0	0	0	0	0	0	0	0	0	0	0	0	0	0	0	0	0	0	0	0	0	0	0	12
p__Arthropoda;c__Insecta;o__Blattodea;f__Termitidae;g__Microtermes	Prey - Insect	1	0	0	0	0	0	0	0	0	0	0	0	0	0	0	0	0	0	0	0	0	0	0	0	0	0	0	0	0	0	0	0	0	0	0	0	0	0	0	0	0	0	0	0	0	0	0	0	0	0	0	0	0	0	0	0	0	0	0	0	0	0	0	0	0	0	0	0	0	0	0	0	0	0	0	0	0	0	0	0	0	0	0	0	0	0	0	0	0	0	0	0	0	0	0	0	0	5	0	0	0	0	0	0	0	0	0	0	0	0	0	0	0	0	0	0	0	0	0	0	0	0	0	0	0	0	0	0	0	0	0	0	0	0	0	0	5
p__Arthropoda;c__Insecta;o__Blattodea;f__Termitidae;g__Nasutitermes;s__matangensis	Prey - Insect	2	0	0	0	0	0	0	0	0	0	0	0	0	0	0	0	0	0	0	0	0	0	0	0	0	0	0	0	0	0	0	0	0	0	0	0	0	0	0	0	0	0	0	0	0	0	0	0	0	0	0	0	0	0	0	0	0	0	0	0	0	0	0	0	0	0	0	0	0	0	0	0	0	0	0	0	0	0	0	0	0	0	0	0	0	0	0	0	0	0	0	0	0	0	0	0	0	0	0	0	0	0	0	0	0	0	0	0	0	4	0	0	0	0	0	0	0	0	0	47	0	0	0	0	0	0	0	0	0	0	0	0	0	0	0	0	51
p__Arthropoda;c__Insecta;o__Coleoptera	Prey - Insect	1	0	0	0	0	0	0	0	0	0	0	0	0	0	0	0	0	0	0	0	0	0	0	0	0	0	0	0	0	0	0	0	0	0	0	0	0	0	0	0	0	0	0	0	0	0	0	0	0	0	0	5	0	4	5	1547	6	0	8	0	0	0	0	0	0	0	0	0	0	0	0	0	0	0	0	0	0	0	0	0	0	0	0	0	0	0	0	0	0	0	0	0	0	0	0	0	0	0	0	0	0	0	0	0	0	0	0	0	0	0	0	0	0	0	0	0	0	0	0	0	0	0	0	0	0	0	0	0	0	0	0	0	0	0	0	0	1575
p__Arthropoda;c__Insecta;o__Coleoptera;f__Carabidae	Prey - Insect	1	0	0	0	0	0	0	0	0	0	0	0	0	0	0	0	0	0	0	0	0	0	0	0	0	0	0	0	0	0	0	0	0	0	0	0	0	0	0	0	0	0	0	0	0	0	0	0	0	0	0	0	0	0	0	0	0	0	0	0	0	0	0	0	0	0	0	0	0	0	0	0	0	3	0	0	0	0	0	0	0	0	0	0	0	0	0	0	0	0	0	0	0	0	0	0	0	0	0	0	0	0	0	0	0	0	0	0	0	0	0	0	0	0	0	0	0	0	0	0	0	0	0	0	0	0	0	0	0	0	0	0	0	0	0	0	3
p__Arthropoda;c__Insecta;o__Coleoptera;f__Elateridae	Prey - Insect	1	0	0	0	0	0	0	0	0	0	0	0	0	0	0	0	0	0	0	0	0	0	0	0	0	0	0	0	0	0	0	0	0	0	0	0	0	0	0	0	0	2	0	0	0	0	0	0	0	0	0	0	0	0	0	0	0	0	0	0	0	0	0	0	0	0	0	0	0	0	0	0	0	0	0	0	0	0	0	0	0	0	0	0	0	0	0	0	0	0	0	0	0	0	0	0	0	0	0	0	0	0	0	0	0	0	0	0	0	0	0	0	0	0	0	0	0	0	0	0	0	0	0	0	0	0	0	0	0	0	0	0	0	0	0	0	2
p__Arthropoda;c__Insecta;o__Coleoptera;f__Staphylinidae	Prey - Insect	2	0	0	0	0	0	0	0	0	0	0	0	0	0	0	0	0	0	0	0	0	0	0	0	0	0	0	0	0	0	0	0	0	0	0	0	0	0	0	0	0	0	0	0	0	0	0	0	0	0	0	0	0	0	0	97	0	0	0	0	0	0	0	0	0	0	0	0	0	0	0	0	0	0	0	0	0	0	0	0	22	0	0	0	0	0	0	0	0	0	0	0	0	0	0	0	0	0	0	0	0	0	0	0	0	0	0	0	0	0	0	0	0	0	0	0	0	0	0	0	0	0	0	0	0	0	0	0	0	0	0	0	0	0	0	0	119
p__Arthropoda;c__Insecta;o__Coleoptera;f__Staphylinidae;g__Carpelimus	Prey - Insect	1	0	0	0	0	0	0	0	0	0	0	0	0	0	0	0	0	0	0	0	0	0	0	0	0	0	0	0	0	0	0	0	0	0	0	0	0	0	0	0	0	0	0	0	0	0	0	0	0	0	0	0	0	0	0	0	0	0	0	0	0	0	0	0	0	0	0	155	0	0	0	0	0	0	0	0	0	0	0	0	0	0	0	0	0	0	0	0	0	0	0	0	0	0	0	0	0	0	0	0	0	0	0	0	0	0	0	0	0	0	0	0	0	0	0	0	0	0	0	0	0	0	0	0	0	0	0	0	0	0	0	0	0	0	0	0	155
p__Arthropoda;c__Insecta;o__Diptera	Prey - Insect	7	0	0	0	0	0	0	0	0	0	0	0	0	0	0	0	0	0	0	0	0	0	0	0	0	0	0	0	0	0	0	0	0	0	0	0	0	0	0	0	0	12	0	0	0	0	0	0	0	0	0	0	0	0	0	0	0	0	0	0	0	0	0	0	0	0	0	0	0	0	0	0	0	0	0	0	0	0	0	0	0	0	0	0	0	0	0	0	0	0	0	0	0	0	21	0	0	0	0	0	0	0	0	0	0	0	0	0	0	0	0	0	0	0	0	0	0	0	0	0	0	0	0	0	0	0	0	0	0	0	0	0	7	106	0	52	198
p__Arthropoda;c__Insecta;o__Diptera;f__Chironomidae	Prey - Insect	1	0	0	0	0	0	0	0	0	0	0	0	0	0	0	0	0	0	0	0	0	0	0	0	0	0	0	0	0	0	0	0	0	0	0	0	0	0	0	0	0	0	0	0	0	0	0	0	0	0	0	0	0	0	0	4	0	0	0	0	0	0	0	0	0	0	0	0	0	0	0	0	0	0	0	0	0	0	0	0	0	0	0	0	0	0	0	0	0	0	0	0	0	0	0	0	0	0	0	0	0	0	0	0	0	0	0	0	0	0	0	0	0	0	0	0	0	0	0	0	0	0	0	0	0	0	0	0	0	0	0	0	0	0	0	0	4
p__Arthropoda;c__Insecta;o__Diptera;f__Chironomidae;g__Parachironomus	Prey - Insect	1	0	0	0	0	0	0	0	0	0	0	0	0	0	0	0	0	0	0	0	0	0	0	0	0	0	0	0	0	0	0	0	0	0	0	0	0	0	0	0	0	0	0	0	0	0	0	0	0	0	0	0	0	0	0	0	0	0	0	0	0	0	0	0	0	0	0	0	0	0	0	0	0	0	0	0	0	0	0	0	0	0	0	0	0	0	0	0	0	12	0	0	0	0	0	0	0	0	0	0	0	0	0	0	0	0	0	0	0	0	0	0	0	0	0	0	0	0	0	0	0	0	0	0	0	0	0	0	0	0	0	0	0	0	0	0	12
p__Arthropoda;c__Insecta;o__Diptera;f__Chloropidae	Prey - Insect	4	0	0	0	0	0	0	0	0	0	0	0	0	0	0	0	0	0	0	0	0	0	0	0	0	0	0	0	0	0	0	0	0	0	0	0	0	0	0	0	0	0	0	0	0	0	0	0	0	0	0	0	0	0	0	0	0	0	0	0	0	0	0	0	0	0	0	0	0	0	0	0	0	0	0	0	0	0	0	0	0	0	0	0	0	0	0	0	0	0	0	0	0	0	0	0	0	0	2	0	0	0	0	4	0	0	0	0	0	0	0	0	0	0	0	2	0	0	0	0	0	0	0	0	219	0	0	0	0	0	0	0	0	0	0	0	227
p__Arthropoda;c__Insecta;o__Diptera;f__Dolichopodidae	Prey - Insect	1	0	0	0	0	0	0	0	0	0	0	0	0	0	0	0	0	0	0	0	0	0	0	0	0	0	0	0	0	0	0	0	0	0	0	0	0	0	0	0	0	0	0	0	0	0	0	0	0	0	0	0	0	0	0	0	0	0	0	0	0	0	0	0	0	0	0	0	0	0	0	0	0	0	0	0	0	0	0	0	0	0	0	0	0	0	0	0	0	0	0	0	0	0	0	0	0	0	0	0	0	0	0	0	0	0	0	0	0	0	0	0	0	0	0	0	0	0	0	0	0	0	0	0	0	0	0	0	0	0	0	0	7	0	0	0	7
p__Arthropoda;c__Insecta;o__Diptera;f__Stratiomyidae	Prey - Insect	3	0	0	0	0	0	0	0	0	0	0	0	0	0	0	0	0	0	0	0	0	0	0	0	0	0	0	0	0	0	0	0	0	0	0	0	0	0	0	0	0	0	0	0	0	0	0	0	0	0	0	0	0	0	0	0	0	0	0	0	0	0	0	0	0	0	0	0	0	0	0	0	0	0	0	0	0	0	0	0	0	0	0	0	0	0	0	0	0	0	0	0	0	0	0	0	0	0	0	0	0	0	0	0	0	0	0	0	0	0	0	0	0	0	0	0	0	0	0	0	0	0	0	0	0	0	0	0	0	0	0	0	32	0	0	0	32
p__Arthropoda;c__Insecta;o__Diptera;f__Syrphidae	Prey - Insect	1	0	0	0	0	0	0	0	0	0	0	0	0	0	0	0	0	0	0	0	0	0	0	0	0	0	0	0	0	0	0	0	0	0	0	0	0	0	0	0	0	0	0	0	0	0	0	0	0	0	0	0	0	0	0	0	0	0	0	0	0	0	0	0	0	0	0	0	0	0	0	0	0	0	0	0	0	0	0	0	0	0	0	0	0	0	0	0	0	0	0	0	0	0	0	0	0	0	0	0	0	0	0	0	0	0	0	0	0	0	0	0	0	0	0	0	0	0	0	0	0	0	0	27	0	0	0	0	0	0	0	0	0	0	0	0	27
p__Arthropoda;c__Insecta;o__Ephemeroptera;f__Baetidae	Prey - Insect	1	0	0	0	0	0	0	0	0	0	0	0	0	0	38	0	0	0	0	0	0	0	0	0	0	0	0	0	0	0	0	0	0	0	0	0	0	0	0	0	0	0	0	0	0	0	0	0	0	0	0	0	0	0	0	0	0	0	0	0	0	0	0	0	0	0	0	0	0	0	0	0	0	0	0	0	0	0	0	0	0	0	0	0	0	0	0	0	0	0	0	0	0	0	0	0	0	0	0	0	0	0	0	0	0	0	0	0	0	0	0	0	0	0	0	0	0	0	0	0	0	0	0	0	0	0	0	0	0	0	0	0	0	0	0	0	38
p__Arthropoda;c__Insecta;o__Ephemeroptera;f__Heptageniidae	Prey - Insect	3	0	0	0	0	0	0	0	0	0	0	0	0	0	0	0	0	0	475	0	0	0	0	0	0	0	0	0	0	0	0	0	0	0	0	0	0	0	0	0	0	0	0	0	0	0	0	0	0	0	0	0	0	0	0	0	0	0	0	0	0	0	0	0	0	0	0	0	0	0	0	0	0	0	0	0	0	0	0	0	0	0	0	0	0	0	0	0	0	0	0	0	0	0	0	0	0	0	0	0	0	0	0	0	0	0	0	0	0	0	0	0	0	0	0	0	0	0	0	0	0	0	0	0	0	0	0	0	0	0	0	0	39	0	0	0	514
p__Arthropoda;c__Insecta;o__Ephemeroptera;f__Teloganodidae	Prey - Insect	1	0	0	0	0	0	0	0	0	0	0	0	0	0	0	0	0	0	0	0	0	0	0	0	0	0	0	0	0	0	0	0	0	0	0	0	0	0	0	0	0	0	5	0	0	0	0	0	0	0	0	0	0	0	0	0	0	0	0	0	0	0	0	0	0	0	0	0	0	0	0	0	0	0	0	0	0	0	0	0	0	0	0	0	0	0	0	0	0	0	0	0	0	0	0	0	0	0	0	0	0	0	0	0	0	0	0	0	0	0	0	0	0	0	0	0	0	0	0	0	0	0	0	0	0	0	0	0	0	0	0	0	0	0	0	0	5
p__Arthropoda;c__Insecta;o__Ephemeroptera;f__Teloganodidae;g__Teloganodidae	Prey - Insect	2	0	0	0	0	0	0	0	0	0	0	0	0	0	0	0	0	0	0	0	0	0	0	0	0	0	0	0	0	0	0	0	0	0	0	0	0	0	0	0	0	29	0	0	0	0	0	0	0	0	0	0	0	0	0	0	0	0	0	0	0	0	0	0	0	0	0	0	0	0	0	0	0	0	0	0	0	0	0	0	0	0	0	0	0	0	0	0	0	0	0	0	0	0	0	0	0	0	0	0	0	0	0	0	0	0	0	0	0	0	0	0	0	0	0	0	0	0	0	0	0	0	0	0	0	0	0	0	0	0	0	0	0	2	0	0	31
p__Arthropoda;c__Insecta;o__Odonata;f__Coenagrionidae;g__Pseudagrion;s__microcephalum	Prey - Insect	4	0	0	0	0	0	0	0	0	0	0	0	0	0	0	0	0	0	0	0	0	0	0	0	0	0	0	0	0	0	0	0	0	0	0	0	0	0	0	0	0	0	0	0	0	0	0	0	0	0	0	0	0	0	0	0	0	0	0	0	0	0	0	0	0	0	0	0	0	0	0	0	0	0	0	0	0	0	0	0	0	0	0	0	0	8	2	0	0	0	114	0	0	0	0	0	0	0	0	0	0	0	0	0	0	0	0	0	0	0	0	0	0	0	0	0	0	0	0	0	0	0	0	0	0	0	0	0	0	0	0	0	0	0	0	0	124
p__Arthropoda;c__Insecta;o__Odonata;f__Gomphidae	Prey - Insect	1	0	0	0	0	0	0	0	0	0	0	0	0	0	0	0	15	0	0	0	0	0	0	0	0	0	0	0	0	0	0	0	0	0	0	0	0	0	0	0	0	0	0	0	0	0	0	0	0	0	0	0	0	0	0	0	0	0	0	0	0	0	0	0	0	0	0	0	0	0	0	0	0	0	0	0	0	0	0	0	0	0	0	0	0	0	0	0	0	0	0	0	0	0	0	0	0	0	0	0	0	0	0	0	0	0	0	0	0	0	0	0	0	0	0	0	0	0	0	0	0	0	0	0	0	0	0	0	0	0	0	0	0	0	0	0	15
p__Arthropoda;c__Insecta;o__Odonata;f__Gomphidae;g__Burmagomphus	Prey - Insect	1	0	0	0	0	0	0	0	0	0	0	0	0	0	0	0	0	0	0	0	0	0	0	0	0	0	0	0	0	0	0	0	0	0	0	0	0	0	0	0	0	15	0	0	0	0	0	0	0	0	0	0	0	0	0	0	0	0	0	0	0	0	0	0	0	0	0	0	0	0	0	0	0	0	0	0	0	0	0	0	0	0	0	0	0	0	0	0	0	0	0	0	0	0	0	0	0	0	0	0	0	0	0	0	0	0	0	0	0	0	0	0	0	0	0	0	0	0	0	0	0	0	0	0	0	0	0	0	0	0	0	0	0	0	0	0	15
p__Arthropoda;c__Insecta;o__Odonata;f__Libellulidae	Prey - Insect	3	0	0	0	0	0	0	0	0	0	0	0	0	0	0	0	0	0	0	0	0	0	0	0	0	0	0	0	0	0	0	0	0	0	0	0	0	0	0	0	0	3	0	0	0	0	0	0	0	0	0	0	0	0	0	0	0	0	0	0	0	0	0	0	0	0	0	0	0	0	0	0	0	0	0	0	0	0	0	0	0	0	0	0	0	0	0	0	0	0	0	0	0	0	535	0	0	0	0	0	0	0	0	0	0	0	0	0	0	0	0	0	0	0	0	0	0	0	0	0	0	0	0	0	0	0	0	0	0	0	0	0	0	0	0	0	538
p__Arthropoda;c__Insecta;o__Odonata;f__Libellulidae;g__Brachydiplax	Prey - Insect	1	0	0	0	0	0	0	0	0	0	0	0	0	0	0	0	0	0	0	0	0	0	0	0	0	0	0	0	0	0	0	0	0	0	0	0	0	0	0	0	0	0	0	0	0	0	0	0	0	0	0	0	0	0	0	0	0	0	0	0	0	0	0	0	0	0	0	0	0	0	0	0	0	0	0	0	0	0	0	0	0	0	0	0	0	0	0	0	0	0	0	0	0	0	0	0	0	0	0	0	0	28	0	0	0	0	0	0	0	0	0	0	0	0	0	0	0	0	0	0	0	0	0	0	0	0	0	0	0	0	0	0	0	0	0	0	28
p__Arthropoda;c__Insecta;o__Odonata;f__Libellulidae;g__Zygonyx	Prey - Insect	2	0	0	0	0	0	0	0	0	0	0	0	0	0	0	0	0	0	0	0	0	0	0	0	0	0	0	0	0	0	0	0	0	0	0	0	0	0	0	0	0	869	22	0	0	0	0	0	0	0	0	0	0	0	0	0	0	0	0	0	0	0	0	0	0	0	0	0	0	0	0	0	0	0	0	0	0	0	0	0	0	0	0	0	0	0	0	0	0	0	0	0	0	0	0	0	0	0	0	0	0	0	0	0	0	0	0	0	0	0	0	0	0	0	0	0	0	0	0	0	0	0	0	0	0	0	0	0	0	0	0	0	0	0	0	0	891
p__Arthropoda;c__Insecta;o__Odonata;f__Libellulidae;g__Zygonyx;s__iris	Prey - Insect	1	0	0	0	0	0	0	0	0	0	0	0	0	0	0	0	0	0	0	0	0	0	0	0	0	0	0	0	0	0	0	0	0	0	0	0	0	0	0	0	0	0	9	0	0	0	0	0	0	0	0	0	0	0	0	0	0	0	0	0	0	0	0	0	0	0	0	0	0	0	0	0	0	0	0	0	0	0	0	0	0	0	0	0	0	0	0	0	0	0	0	0	0	0	0	0	0	0	0	0	0	0	0	0	0	0	0	0	0	0	0	0	0	0	0	0	0	0	0	0	0	0	0	0	0	0	0	0	0	0	0	0	0	0	0	0	9
p__Arthropoda;c__Insecta;o__Orthoptera;f__Acrididae	Prey - Insect	1	0	0	0	0	0	0	0	0	0	0	0	0	0	0	0	2	0	0	0	0	0	0	0	0	0	0	0	0	0	0	0	0	0	0	0	0	0	0	0	0	0	0	0	0	0	0	0	0	0	0	0	0	0	0	0	0	0	0	0	0	0	0	0	0	0	0	0	0	0	0	0	0	0	0	0	0	0	0	0	0	0	0	0	0	0	0	0	0	0	0	0	0	0	0	0	0	0	0	0	0	0	0	0	0	0	0	0	0	0	0	0	0	0	0	0	0	0	0	0	0	0	0	0	0	0	0	0	0	0	0	0	0	0	0	0	2
p__Arthropoda;c__Insecta;o__Orthoptera;f__Acrididae;g__Oxya;s__japonica	Prey - Insect	7	0	0	0	0	0	0	0	0	0	0	0	0	0	0	0	0	0	0	0	0	0	0	0	0	0	0	0	0	0	0	0	0	0	0	0	0	0	13	0	13	0	0	0	0	0	0	0	0	0	0	0	0	0	0	0	0	0	0	0	0	0	0	0	0	0	0	0	0	0	0	0	0	0	0	0	0	0	0	0	0	0	0	0	0	0	0	0	0	0	0	0	0	37841	181	8	0	0	0	0	0	0	0	0	0	0	0	0	0	0	0	0	0	8	30	0	0	0	0	0	0	0	0	0	0	0	0	0	0	0	129	0	0	0	0	19	38242
p__Arthropoda;c__Insecta;o__Orthoptera;f__Tettigoniidae	Prey - Insect	1	0	0	0	0	0	0	0	0	0	0	0	0	0	6	0	0	0	0	0	0	0	0	0	0	0	0	0	0	0	0	0	0	0	0	0	0	0	0	0	0	0	0	304	0	0	0	0	0	0	0	0	0	0	0	0	0	0	0	0	0	0	0	0	0	0	0	0	0	0	0	0	0	0	0	0	0	0	0	0	0	0	0	0	0	0	0	0	0	0	0	0	0	0	0	0	0	0	0	0	0	0	0	0	0	0	0	0	0	0	0	0	0	0	0	0	0	0	0	0	0	0	0	0	0	0	0	0	0	0	0	0	0	0	0	0	310
p__Arthropoda;c__Malacostraca;o__Decapoda;f__Penaeidae	Prey - Malacostraca	3	0	0	0	0	0	0	0	0	0	0	0	0	0	0	0	0	0	0	0	0	0	0	0	0	0	0	0	0	0	0	2	0	0	6	0	0	0	0	0	0	0	0	0	0	0	0	0	0	0	0	0	0	0	0	0	0	0	0	0	0	0	0	0	0	0	0	0	0	0	0	0	0	0	0	0	0	0	0	0	0	0	0	0	0	0	0	0	0	0	0	0	0	0	0	0	0	0	0	0	0	0	0	0	0	0	0	0	0	0	0	0	0	0	0	0	0	0	0	0	0	0	0	0	0	0	0	0	0	0	0	0	0	0	0	0	8
p__Arthropoda;c__Malacostraca;o__Decapoda;f__Penaeidae;g__Metapenaeus	Prey - Malacostraca	16	0	0	0	0	0	0	0	0	0	0	0	0	0	0	0	0	0	0	0	0	0	0	0	0	0	0	0	0	0	0	39	5	16	34	186	10	1669	0	0	0	0	0	0	0	0	0	0	0	1453	17	0	0	0	0	0	5	0	0	0	0	0	0	0	0	0	0	0	0	0	0	0	0	0	0	0	0	0	0	0	3	0	0	0	0	0	0	0	0	0	0	0	0	0	0	0	0	6	0	0	0	0	0	0	0	47	8	0	0	16	41	0	3	0	0	0	0	0	3	3	274	48	4	12	0	0	0	0	0	0	0	0	0	0	0	0	3902
p__Arthropoda;c__Malacostraca;o__Decapoda;f__Penaeidae;g__Penaeus;s__merguiensis	Prey - Malacostraca	2	0	0	0	0	0	0	0	0	0	0	0	0	0	0	0	0	0	0	0	0	3	0	0	24	0	0	0	0	0	0	0	0	20	0	0	0	0	0	0	0	0	0	0	0	0	0	0	0	0	121	0	0	0	0	0	0	0	0	0	0	0	0	0	0	0	0	0	0	0	0	0	0	0	0	0	0	0	0	0	0	0	0	0	0	0	0	0	0	0	0	0	0	0	0	0	0	0	0	0	0	0	0	0	0	0	0	0	0	0	0	0	0	0	0	0	0	0	0	0	0	0	0	0	2	0	3	0	0	0	0	0	0	0	0	0	173
p__Arthropoda;c__Malacostraca;o__Decapoda;f__Portunidae	Prey - Malacostraca	1	0	0	0	0	0	0	0	0	0	0	0	0	0	0	0	0	0	0	0	0	0	0	0	0	0	0	0	0	0	0	0	0	0	0	2	0	0	0	0	0	0	0	0	0	0	0	0	0	0	0	0	0	0	0	0	0	0	0	0	0	0	0	0	0	0	0	0	0	0	0	0	0	0	0	0	0	0	0	0	0	0	0	0	0	0	0	0	0	0	0	0	0	0	0	0	0	0	0	0	0	0	0	0	0	0	0	0	0	0	0	0	0	0	0	0	0	0	0	0	0	0	0	0	0	0	0	0	0	0	0	0	0	0	0	0	2
p__Arthropoda;c__Malacostraca;o__Decapoda;f__Portunidae;g__Thalamita;s__crenata	Prey - Malacostraca	3	0	0	0	0	0	0	0	0	0	0	0	0	0	0	0	0	0	0	0	0	0	0	0	0	0	0	0	0	0	0	15	2	0	0	190	0	0	0	0	0	0	0	0	0	0	0	0	0	0	0	0	0	0	0	0	0	0	0	0	0	0	0	0	0	0	0	0	0	0	0	0	0	0	0	0	0	0	0	0	0	0	0	0	0	0	0	0	0	0	0	0	0	0	0	0	0	0	0	0	0	0	0	0	0	0	0	0	0	0	0	0	0	0	0	0	0	0	0	0	0	0	0	0	0	0	0	0	0	0	0	0	0	0	0	0	207
p__Arthropoda;c__Malacostraca;o__Decapoda;f__Varunidae	Prey - Malacostraca	1	0	0	0	0	0	0	0	0	0	0	0	0	0	0	0	0	0	0	0	0	0	0	0	0	0	0	0	0	0	0	0	0	0	0	0	0	0	0	0	0	0	0	0	0	0	0	0	0	0	0	0	0	0	0	0	0	0	0	0	0	0	0	0	0	0	0	0	0	0	0	0	0	0	0	0	0	0	0	0	0	0	0	0	0	0	0	0	0	0	0	0	0	0	0	0	0	0	0	0	0	0	0	0	0	0	0	0	0	3	0	0	0	0	0	0	0	0	0	0	0	0	0	0	0	0	0	0	0	0	0	0	0	0	0	0	3
p__Mollusca;c__Bivalvia;o__Adapedonta	Prey - Mollusk	2	0	0	0	0	0	0	0	0	0	0	0	0	0	0	0	0	0	0	0	0	0	0	0	0	0	0	0	0	0	0	0	0	0	0	0	0	0	0	0	0	0	0	0	0	0	0	0	0	0	0	0	0	0	0	0	0	0	0	0	0	0	0	0	0	0	0	0	0	0	0	0	0	0	0	0	0	0	0	0	0	0	0	0	0	0	0	0	0	0	0	0	0	0	0	0	0	0	0	395	0	0	0	0	0	0	0	0	0	0	5	0	0	0	0	3	0	0	1084	3	0	0	0	0	0	0	0	0	0	0	0	0	0	0	0	0	1490
p__Mollusca;c__Bivalvia;o__Adapedonta;f__Solenidae	Prey - Mollusk	1	0	0	0	0	0	0	0	0	0	0	0	0	0	0	0	0	0	0	0	0	0	0	0	0	0	0	0	0	0	0	0	0	0	0	0	0	0	0	0	0	0	0	0	0	0	0	0	0	0	0	0	0	0	0	0	0	0	0	0	0	0	0	0	0	0	0	0	0	0	0	0	0	0	0	0	0	0	0	0	0	0	0	0	0	0	0	0	0	0	0	0	0	0	0	0	0	0	0	22	0	0	0	0	0	0	0	0	0	0	0	0	0	0	0	0	0	0	0	0	0	0	0	0	0	0	0	0	0	0	0	0	0	0	0	0	22
p__Mollusca;c__Bivalvia;o__Myida;f__Teredinidae	Prey - Mollusk	1	0	0	0	0	0	0	0	0	0	0	0	0	0	0	0	0	0	0	0	0	0	0	0	0	0	0	0	0	0	0	0	0	0	0	0	0	0	0	0	0	0	0	0	0	0	0	0	0	0	0	0	0	0	0	0	0	0	0	0	0	0	0	0	0	0	0	0	0	0	0	0	0	0	0	0	0	0	0	0	0	0	0	0	0	0	0	0	0	0	0	0	0	0	0	0	0	0	0	8	0	0	0	0	0	0	0	0	0	0	0	0	0	0	0	0	0	0	0	0	0	0	0	0	0	0	0	0	0	0	0	0	0	0	0	0	8
p__Mollusca;c__Bivalvia;o__Myida;f__Teredinidae;g__Dicyathifer;s__mannii	Prey - Mollusk	1	0	0	0	0	0	0	0	0	0	0	0	0	0	0	0	0	0	0	0	0	0	0	0	3	0	0	0	0	0	0	0	0	0	0	0	0	0	0	0	0	0	0	0	0	0	0	0	0	0	0	0	0	0	0	0	0	0	0	0	0	0	0	0	0	0	0	0	0	0	0	0	0	0	0	0	0	0	0	0	0	0	0	0	0	0	0	0	0	0	0	0	0	0	0	0	0	0	0	0	0	0	0	0	0	0	0	0	0	0	0	0	0	0	0	0	0	0	0	0	0	0	0	0	0	0	0	0	0	0	0	0	0	0	0	0	3
p__Mollusca;c__Cephalopoda;o__Octopoda;f__Octopodidae	Prey - Mollusk	4	0	0	0	0	0	0	0	0	0	0	0	0	0	0	0	0	0	0	0	0	0	0	0	0	0	0	0	0	0	0	0	0	0	0	0	0	0	0	0	0	0	0	0	0	0	0	0	0	0	0	0	0	0	0	0	0	0	0	0	0	0	0	0	0	0	0	0	0	0	0	0	0	0	0	0	0	0	0	0	0	0	0	0	0	0	0	0	0	0	0	0	0	0	0	0	0	0	0	2	8	0	0	20	0	1352	0	5	0	0	0	0	0	0	0	0	0	0	0	0	0	0	0	0	0	0	0	0	0	0	0	0	0	0	0	0	1387
p__Mollusca;c__Cephalopoda;o__Sepiida;f__Sepiidae;g__Acanthosepion	Prey - Mollusk	2	0	0	0	0	0	0	0	0	0	0	0	0	0	0	0	0	0	0	0	0	0	0	0	0	0	11	0	0	0	0	0	0	0	0	0	0	0	0	0	0	0	0	0	0	0	0	0	0	0	0	0	0	0	0	0	0	0	0	0	0	0	0	0	0	0	0	0	0	0	0	0	0	0	0	0	0	0	0	0	0	0	0	0	0	0	0	0	0	0	0	0	0	0	0	0	0	0	0	0	0	0	0	0	0	0	0	0	0	0	0	0	0	0	0	0	0	0	0	0	0	0	0	0	0	0	0	0	0	0	0	0	0	0	0	0	11
p__Mollusca;c__Cephalopoda;o__Sepiida;f__Sepiidae;g__Acanthosepion;s__pharaonis	Prey - Mollusk	1	0	0	0	0	0	0	0	0	0	0	0	0	0	0	0	0	0	0	0	0	0	0	0	0	0	0	0	0	0	0	0	0	0	0	0	0	0	0	0	0	0	0	0	0	0	0	0	0	0	0	0	0	0	0	0	0	0	0	0	0	0	0	0	0	0	0	0	0	0	0	0	0	0	0	0	0	0	0	0	0	0	0	0	0	0	0	0	0	0	0	0	0	0	0	0	0	8	0	0	0	0	0	0	0	0	0	0	0	0	0	0	0	0	0	0	0	0	0	0	0	0	0	0	0	0	0	0	0	0	0	0	0	0	0	0	8
p__Mollusca;c__Gastropoda;o__Architaenioglossa;f__Ampullariidae;g__Pomacea	Prey - Mollusk	3	0	0	0	0	0	0	0	0	0	0	0	0	0	0	0	0	0	0	0	0	0	0	0	0	0	0	0	0	0	0	0	0	0	0	0	0	0	0	0	0	0	0	0	0	0	0	0	0	0	0	0	0	0	0	0	0	0	0	0	0	0	0	0	0	26	13	0	0	0	0	0	0	0	0	8	0	5	0	0	0	0	0	0	0	0	0	0	0	335	0	4	0	0	122	0	0	0	0	0	0	0	0	0	0	0	0	0	0	0	0	0	0	0	0	0	0	0	0	0	0	0	0	0	0	0	0	0	0	0	0	0	0	0	0	0	513
p__Mollusca;c__Gastropoda;o__Architaenioglossa;f__Ampullariidae;g__Pomacea;s__canaliculata	Prey - Mollusk	4	0	0	0	0	0	0	0	0	0	0	0	0	0	0	0	0	0	0	0	0	0	0	0	0	0	0	0	0	0	0	0	0	0	0	0	0	0	7	0	2	0	0	0	0	0	0	0	0	0	0	0	0	0	0	0	0	0	0	0	0	0	0	0	0	0	0	0	0	0	0	0	0	0	0	0	0	0	0	0	0	0	0	0	0	0	0	0	0	0	0	0	0	10844	307	0	0	0	0	0	0	0	0	0	0	0	0	0	0	0	0	0	0	0	14	0	0	0	0	0	0	0	0	0	0	0	0	0	0	0	0	0	0	0	0	0	11174
p__Chordata;c__Lepidosauria;o__Squamata	Prey - Reptile	54	0	0	0	0	0	0	0	0	0	0	0	0	0	15	0	0	1233	0	0	39216	329	71	68	113	65	110	48	9037	15668	253	9154	81	40745	94	85	37	50	0	0	0	0	0	0	0	15	0	0	0	0	0	0	0	0	0	0	0	0	0	33	29	42	2238	43	19	20	6460	7	12001	5058	6	17	14	3	16	0	10	0	0	0	0	0	0	0	0	94	33763	21566	107	8041	75	68	59	0	0	0	30	44	0	0	0	0	0	0	0	0	0	0	0	0	0	0	0	0	0	0	0	0	0	0	0	16	121	4573	4751	8	13	4	5	5	0	0	0	0	0	0	215846
p__Chordata;c__Lepidosauria;o__Squamata;f__Acrochordidae	Prey - Reptile	1	0	0	0	0	0	0	0	0	0	0	0	0	0	0	0	0	0	0	0	0	0	0	0	0	0	0	0	0	0	0	0	0	0	0	0	0	0	0	0	0	0	0	0	0	0	0	0	0	0	0	0	0	0	0	0	0	0	0	0	0	0	0	0	0	0	0	0	0	0	0	0	0	0	0	0	0	0	0	0	0	0	0	0	0	0	0	0	0	0	0	0	0	0	0	0	0	0	0	0	0	0	0	0	0	0	7	0	0	0	0	0	0	0	0	0	0	0	0	0	0	0	0	0	0	0	0	0	0	0	0	0	0	0	0	0	7
p__Chordata;c__Lepidosauria;o__Squamata;f__Acrochordidae;g__Acrochordus	Prey - Reptile	2	0	0	0	0	0	0	0	0	0	0	0	0	0	0	0	0	0	0	0	20	0	0	0	0	0	301	0	0	0	0	0	0	0	0	0	0	0	0	0	0	0	0	0	0	0	0	0	0	0	0	0	0	0	0	0	0	0	0	0	0	0	0	0	0	0	0	0	0	0	0	0	0	0	0	0	0	0	0	0	0	0	0	0	0	0	0	0	0	0	0	0	0	0	0	0	0	0	0	0	0	0	0	2	225	0	46	98	0	0	0	0	0	0	0	1094	0	0	0	0	0	0	0	0	241	0	0	0	0	0	0	0	0	0	0	0	2027
p__Chordata;c__Lepidosauria;o__Squamata;f__Acrochordidae;g__Acrochordus;s__granulatus	Prey - Reptile	31	0	0	0	0	0	0	0	0	0	0	0	0	0	0	0	0	213	0	0	347	1284	138	167	183	140	64080	134	38	150	149	42	0	7	0	0	0	0	0	0	0	0	0	0	0	0	0	0	0	0	0	0	0	0	0	0	0	0	0	0	0	0	0	0	0	0	0	0	0	0	0	0	0	0	0	0	0	0	0	0	0	0	0	0	0	0	0	0	0	0	0	0	0	0	0	0	0	0	830	2648	819	412	186	599	39519	537	75210	49821	32	243	66	38	33	0	0	18186	58	17	58	31	9	48	163	66	26163	51	58	19	35	23	0	0	0	0	0	0	283050
p__Chordata;c__Lepidosauria;o__Squamata;f__Colubridae	Prey - Reptile	15	0	0	0	0	0	0	0	0	0	0	0	197	0	327	0	0	163	0	0	0	0	0	0	0	0	0	0	0	0	0	0	0	0	0	0	0	0	0	130	0	0	0	107	194	166659	71	197	101	0	0	0	0	0	0	0	0	0	0	0	0	0	0	0	0	0	0	0	0	0	0	0	0	0	0	0	0	0	0	0	0	0	0	0	0	0	0	0	0	0	0	0	0	0	0	0	0	0	0	0	0	0	0	0	0	0	0	0	0	0	0	0	0	0	0	0	0	0	0	0	0	0	0	0	0	0	0	0	0	0	0	0	0	0	0	0	168146
p__Chordata;c__Lepidosauria;o__Squamata;f__Colubridae;g__Fowlea;s__piscator	Prey - Reptile	4	0	0	0	0	0	0	0	0	0	0	0	0	0	794	0	0	0	0	0	0	0	0	0	0	0	0	0	0	0	0	0	0	0	0	0	0	0	0	0	0	0	0	0	0	7	0	0	2	0	0	0	0	0	0	0	0	0	0	0	0	0	0	0	0	0	0	0	0	0	0	0	0	0	0	0	0	0	0	0	0	0	0	0	0	0	0	0	0	0	0	0	0	0	0	0	0	0	0	0	0	0	0	0	0	0	0	0	0	0	0	0	0	0	0	0	0	0	0	0	0	0	0	0	0	0	0	0	0	0	0	0	0	0	0	0	803
p__Chordata;c__Lepidosauria;o__Squamata;f__Cylindrophiidae	Prey - Reptile	2	0	0	0	0	0	0	0	0	0	0	0	0	0	0	0	0	0	0	0	0	0	0	0	0	0	0	0	0	0	0	0	0	0	0	0	0	0	0	0	0	0	0	0	0	0	0	0	0	0	0	0	0	0	0	0	0	0	0	0	6	0	0	0	0	0	0	2	0	0	0	0	0	0	0	0	0	0	0	0	0	0	0	0	0	0	0	0	0	0	0	0	0	0	0	0	0	0	0	0	0	0	0	0	0	0	0	0	0	0	0	0	0	0	0	0	0	0	0	0	0	0	0	0	0	0	0	0	0	0	0	0	0	0	0	0	8
p__Chordata;c__Lepidosauria;o__Squamata;f__Cylindrophiidae;g__Cylindrophis	Prey - Reptile	15	0	0	0	0	0	0	0	0	0	0	0	0	0	0	0	0	0	0	0	0	0	0	0	0	0	0	0	0	0	0	0	0	0	0	0	0	0	15	0	12	0	0	0	0	0	0	0	0	0	0	0	0	0	0	0	0	0	0	0	71	0	0	0	0	5	299	0	36	0	0	0	0	0	0	0	0	12	0	3	0	0	0	0	0	6	4	1359	0	0	0	6	4	26249	152	7	0	0	0	0	0	0	0	0	0	0	0	0	0	0	0	0	0	19	26	0	0	0	0	0	0	0	0	0	0	0	0	0	0	0	5	0	0	0	0	12	28302
p__Chordata;c__Lepidosauria;o__Squamata;f__Cylindrophiidae;g__Cylindrophis;s__ruffus	Prey - Reptile	17	0	0	0	0	0	0	0	0	0	0	0	0	0	0	0	0	0	0	0	0	0	0	0	0	0	0	0	0	0	0	0	0	0	0	0	0	0	0	0	0	0	0	0	0	0	0	0	0	0	0	0	0	0	0	0	0	0	0	11	15	12	10	522	16	0	2072	0	10	0	4	0	8	0	495	0	0	56297	18	37716	148	92	136	79	26	0	0	0	0	0	0	0	0	0	0	0	0	0	0	0	0	0	0	0	0	0	0	0	0	0	0	0	0	0	0	0	0	0	0	0	0	0	0	0	0	0	0	0	0	0	0	0	0	0	0	0	97687
p__Chordata;c__Lepidosauria;o__Squamata;f__Gekkonidae;g__Hemidactylus;s__frenatus	Prey - Reptile	4	0	0	0	0	0	0	0	0	0	0	0	0	0	0	0	0	0	0	0	0	0	0	0	0	0	0	0	0	0	0	0	0	0	0	0	0	0	0	0	0	0	0	0	0	0	0	0	0	0	0	0	0	0	0	0	0	0	0	0	15	351	0	0	0	0	0	0	0	0	0	0	0	0	0	0	0	0	0	0	0	0	0	0	0	0	0	0	0	0	0	0	0	0	0	0	0	0	0	0	0	0	0	0	0	0	0	0	0	0	0	0	0	0	0	0	0	0	0	0	0	0	0	0	0	0	0	0	0	0	0	0	0	0	0	0	366
p__Chordata;c__Lepidosauria;o__Squamata;f__Pythonidae;g__Malayopython;s__reticulatus	Prey - Reptile	7	0	0	0	0	0	0	0	0	0	0	0	7	0	64	0	0	0	0	0	0	0	0	0	0	0	0	0	0	0	0	0	0	0	0	0	0	0	0	0	0	0	0	1240	0	19	0	0	0	0	0	0	0	0	0	0	0	0	0	0	0	0	0	0	0	0	0	0	0	0	0	0	0	0	0	0	0	0	0	0	0	0	0	0	0	0	0	0	0	0	0	0	0	0	0	0	0	0	0	0	0	0	0	0	0	0	0	0	0	0	0	0	0	0	0	0	0	0	0	0	0	0	0	0	0	0	0	0	0	0	0	0	0	0	0	0	1330
p__Chordata;c__Lepidosauria;o__Squamata;f__Varanidae;g__Varanus	Prey - Reptile	18	0	0	0	0	0	0	0	0	0	0	0	0	0	0	0	0	0	0	0	482	13	0	0	0	0	2	0	0	0	8	0	0	0	0	0	0	0	0	0	0	0	0	0	0	0	0	0	0	0	0	0	0	0	0	0	0	0	0	0	0	0	0	0	0	0	0	0	0	0	0	0	0	0	0	0	0	140	54	175794	353	132	322	120	64	0	0	0	0	0	0	0	0	0	0	0	0	0	0	0	0	0	0	0	0	0	0	0	3	43	9	4	0	0	0	3221	12	0	0	6	0	0	0	0	0	0	3	0	0	0	0	0	0	0	0	0	180785
p__Chordata;c__Sarcopterygii;o__Testudines;f__Geoemydidae;g__Malayemys;s__subtrijuga	Prey - Reptile	7	0	0	0	0	0	0	0	0	0	0	0	0	0	0	0	0	0	0	0	0	0	0	0	0	0	0	0	0	0	0	0	0	0	0	0	0	0	0	0	0	0	0	0	0	0	0	0	0	0	0	0	0	0	0	0	0	0	0	0	0	0	0	0	0	0	0	0	26	47392	10	40	67	13	36	11	21	0	0	0	0	0	0	0	0	0	0	0	0	0	0	0	0	0	0	0	0	0	0	0	0	0	0	0	0	0	0	0	0	0	0	0	0	0	0	0	0	0	0	0	0	0	0	0	0	0	0	0	0	0	0	0	0	0	0	0	47616
